Dis No,Year,Seq,Glide,Disaster Group,Disaster Subgroup,Disaster Type,Disaster Subtype,Disaster Subsubtype,Event Name,Country,ISO,Region,Continent,Location,Origin,Associated Dis,Associated Dis2,OFDA Response,Appeal,Declaration,AID Contribution ('000 US$),Dis Mag Value,Dis Mag Scale,Latitude,Longitude,Local Time,River Basin,Start Year,Start Month,Start Day,End Year,End Month,End Day,Total Deaths,No Injured,No Affected,No Homeless,Total Affected,Reconstruction Costs ('000 US$),"Reconstruction Costs, Adjusted ('000 US$)",Insured Damages ('000 US$),"Insured Damages, Adjusted ('000 US$)",Total Damages ('000 US$),"Total Damages, Adjusted ('000 US$)",CPI,Adm Level,Admin1 Code,Admin2 Code,Geo Locations
1993-0500-CMR,1993,500,,Natural,Biological,Epidemic,Bacterial disease,,,Cameroon,CMR,Middle Africa,Africa,Far North and North provinces,,,,,,,,,Vaccinated,,,,,1993,2.0,,1993,2.0,,513.0,,4070.0,,4070.0,,,,,,,"49,3613321649381",,,,
1993-0503-DJI,1993,503,,Natural,Hydrological,Flood,Riverine flood,,,Djibouti,DJI,Eastern Africa,Africa,Djibouti City,,,,,,,,,Km2,,,,,1993,1.0,26.0,1993,1.0,26.0,,,20000.0,,20000.0,,,,,,,"49,3613321649381",,,,
1993-0217-DZA,1993,217,,Natural,Hydrological,Flood,Riverine flood,,,Algeria,DZA,Northern Africa,Africa,"Oued Rhiou city (Relisan province), Chlef and Tiarette provinces",Heavy rain,,,,No,No,,39700.0,Km2,,,,,1993,10.0,19.0,1993,10.0,20.0,22.0,16.0,,,16.0,,,,,,,"49,3613321649381",,,,
1993-0344-DZA,1993,344,,Natural,Hydrological,Landslide,Landslide,,,Algeria,DZA,Northern Africa,Africa,Oran,,,,,No,No,,,,,,,,1993,12.0,25.0,1993,12.0,25.0,15.0,46.0,,650.0,696.0,,,,,,,"49,3613321649381",,,,
1993-0345-EGY,1993,345,,Natural,Geophysical,Mass movement (dry),Subsidence,Sudden subsidence,,Egypt,EGY,Northern Africa,Africa,Mokattam (Cairo),,,,,,,,,,,,,,1993,12.0,14.0,1993,12.0,14.0,34.0,,300.0,,300.0,,,,,,,"49,3613321649381",,,,
1993-9573-ERI,1993,9573,,Natural,Climatological,Drought,Drought,,,Eritrea,ERI,Eastern Africa,Africa,,,,Food shortage,Yes,No,No,,,Km2,,,,,1993,11.0,,1993,,,,,1600000.0,,1600000.0,,,,,,,"49,3613321649381",,,,
1993-0015-ERI,1993,15,,Natural,Meteorological,Storm,Convective storm,Hail,,Eritrea,ERI,Eastern Africa,Africa,"Massawa, Zula",,,,Yes,,,2533.0,,Kph,,,,,1993,4.0,15.0,1993,4.0,15.0,3.0,16.0,,15659.0,15675.0,,,,,5165.0,10464.0,"49,3613321649381",,,,
1993-0519-ETH,1993,519,,Natural,Hydrological,Flood,Riverine flood,,,Ethiopia,ETH,Eastern Africa,Africa,Near Addis Abeba,,,,,,,,,Km2,,,,,1993,8.0,,1993,8.0,,,,,4800.0,4800.0,,,,,,,"49,3613321649381",,,,
1993-0520-ETH,1993,520,,Natural,Hydrological,Flood,Riverine flood,,,Ethiopia,ETH,Eastern Africa,Africa,"Gollam, Gonder regions",,,,,,,,35.0,Km2,,,,,1993,8.0,,1993,8.0,,2.0,,30000.0,,30000.0,,,,,,,"49,3613321649381",,,,
1993-0048-GIN,1993,48,,Natural,Hydrological,Flood,,,,Guinea,GIN,Western Africa,Africa,Gueckedou area,,,,,,,15.0,,Km2,,,,,1993,8.0,12.0,1993,8.0,12.0,,,6066.0,,6066.0,,,,,,,"49,3613321649381",,,,
1993-0507-GNB,1993,507,,Natural,Meteorological,Storm,Tropical cyclone,,,Guinea-Bissau,GNB,Western Africa,Africa,Ptiche (Gabu province),,,,Yes,,,,,Kph,,,,,1993,9.0,10.0,1993,9.0,10.0,,,1722.0,,1722.0,,,,,,,"49,3613321649381",,,,
1993-9511-MRT,1993,9511,,Natural,Climatological,Drought,Drought,,,Mauritania,MRT,Western Africa,Africa,"E.Trarza, N. Brakna, Gorgol, N.W. Assaba, Tagnat",,,,,,,,,Km2,,,,,1993,,,1993,,,,,446507.0,,446507.0,,,,,,,"49,3613321649381",,,,
1993-0103-REU,1993,103,,Natural,Meteorological,Storm,Tropical cyclone,,Colina,Réunion,REU,Eastern Africa,Africa,,,,,,,,,,Kph,,,,,1993,1.0,18.0,1993,1.0,18.0,14.0,,,,,,,,,,,"49,3613321649381",,,,
1994-0009-MDG,1994,9,,Natural,Meteorological,Storm,Tropical cyclone,,"Daisy, Geralda",Madagascar,MDG,Eastern Africa,Africa,"(1) Vatomandry, Anosibe, An'Ala, Fandriana, Ambatofinandrahana, Beroroha, Ankazoabo, Toliara II, Ampaniy, Beloha, (2) Toamisina, Brickaville, Moramanga, Fenoarivo Be, Tsiroanomandity, Miandrivazo, Belo, Tsiribinina",,,,Yes,No,No,10586.0,250.0,Kph,,,,,1994,1.0,13.0,1994,1.0,13.0,200.0,43.0,500000.0,40000.0,540043.0,,,,,10000.0,19744.0,"50,6484026622566",,,,
1994-0036-MDG,1994,36,,Natural,Meteorological,Storm,Tropical cyclone,,Nadya,Madagascar,MDG,Eastern Africa,Africa,"Vohemar, Ambiloe, Ambanja Provinces",,,,,,,,45.0,Kph,,,,,1994,3.0,23.0,1994,3.0,23.0,12.0,8.0,,,8.0,,,,,200.0,395.0,"50,6484026622566",,,,
1994-0037-MDG,1994,37,,Natural,Meteorological,Storm,Tropical cyclone,,Litanne,Madagascar,MDG,Eastern Africa,Africa,"Brickaville, Tamatave, Nosy Varika, Mananjary, Vatomandry",,,,,,,,284.0,Kph,,,,,1994,3.0,16.0,1994,3.0,16.0,,,,,,,,,,,,"50,6484026622566",,,,
1994-0035-MOZ,1994,35,,Natural,Meteorological,Storm,Tropical cyclone,,Nadya,Mozambique,MOZ,Eastern Africa,Africa,"Nampula, Zambesia, Manica, Sofala",,,,Yes,,,2351.0,150.0,Kph,,,,,1994,3.0,26.0,1994,3.0,26.0,240.0,2000.0,2000000.0,500000.0,2502000.0,,,,,,,"50,6484026622566",,,,
1994-0008-MUS,1994,8,,Natural,Meteorological,Storm,Tropical cyclone,,"Hollanda, Ivy",Mauritius,MUS,Eastern Africa,Africa,"Port Louis, Rodrigues Isl.",,,,,No,No,30.0,225.0,Kph,,,,,1994,2.0,9.0,1994,2.0,11.0,2.0,,800.0,1500.0,2300.0,,,,,135400.0,267333.0,"50,6484026622566",,,,
1993-0056-SDN,1993,56,,Natural,Geophysical,Earthquake,Ground movement,,,Sudan (the),SDN,Northern Africa,Africa,Khartoum,,,,,No,No,,6.0,Richter,15.385 N,31.690 E,,,1993,8.0,1.0,1993,8.0,1.0,3.0,15.0,,,15.0,,,,,,,"49,3613321649381",,,,
1993-0143-SDN,1993,143,,Natural,Hydrological,Flood,Riverine flood,,,Sudan (the),SDN,Northern Africa,Africa,Port Sudan,,,,,,,,,Km2,,,,,1993,4.0,16.0,1993,4.0,16.0,21.0,,,2000.0,2000.0,,,,,200.0,405.0,"49,3613321649381",,,,
1993-0513-SEN,1993,513,,Natural,Hydrological,Flood,,,,Senegal,SEN,Western Africa,Africa,"Kaolack region, Saint-Louis",,,,,,,,,Km2,,,,,1993,7.0,,1993,7.0,,,,5000.0,,5000.0,,,,,,,"49,3613321649381",,,,
1993-9501-TCD,1993,9501,,Natural,Climatological,Drought,Drought,,,Chad,TCD,Middle Africa,Africa,,,,,Yes,No,No,,,Km2,,,,,1993,12.0,,1993,,,,,300000.0,,300000.0,,,,,,,"49,3613321649381",,,,
1993-0005-TZA,1993,5,,Natural,Hydrological,Flood,,,,"Tanzania, United Republic of",TZA,Eastern Africa,Africa,"Lushoto, Korogwe districts (Tanga region)",,,,,,,219.0,,Km2,,,,,1993,2.0,12.0,1993,2.0,12.0,54.0,30.0,201513.0,,201543.0,,,,,3510.0,7111.0,"49,3613321649381",,,,
1993-0157-TZA,1993,157,,Natural,Hydrological,Flood,,,,"Tanzania, United Republic of",TZA,Eastern Africa,Africa,Korogwe District,,,,,,,,,Km2,,,,,1993,5.0,6.0,1993,5.0,6.0,,,,280.0,280.0,,,,,,,"49,3613321649381",,,,
1993-0215-ZAF,1993,215,,Natural,Hydrological,Flood,Riverine flood,,,South Africa,ZAF,Southern Africa,Africa,Northern Natal province,Heavy rain,,,,No,No,,5890.0,Km2,,,,Umfolozi,1993,10.0,6.0,1993,10.0,8.0,12.0,,,15000.0,15000.0,,,,,,,"49,3613321649381",,,,
1993-0137-ZAF,1993,137,,Natural,Meteorological,Storm,,,,South Africa,ZAF,Southern Africa,Africa,"Parow, Bellville, Goodwood",,,,,,,,200.0,Kph,,,,,1993,4.0,10.0,1993,4.0,10.0,7.0,,,,,,,,,,,"49,3613321649381",,,,
1994-0051-UGA,1994,51,,Natural,Geophysical,Earthquake,Ground movement,,,Uganda,UGA,Eastern Africa,Africa,"Port Portal, Kabarole, Bund Ibugyo, Kases districts",,"Slide (land, mud, snow, rock)",,Yes,No,No,732.0,6.0,Richter,0.593 N,30.037 E,02:45,,1994,2.0,6.0,1994,2.0,6.0,7.0,,50000.0,,50000.0,,,,,70000.0,138208.0,"50,6484026622566",,,,
1994-0018-SOM,1994,18,,Natural,Biological,Epidemic,,,,Somalia,SOM,Eastern Africa,Africa,,,,,,,,,,Vaccinated,,,,,1994,3.0,,1994,3.0,,100.0,,17000.0,,17000.0,,,,,,,"50,6484026622566",,,,
1994-0013-TZA,1994,13,,Natural,Hydrological,Flood,Riverine flood,,,"Tanzania, United Republic of",TZA,Eastern Africa,Africa,"Kilwa district (lindi region, SE)",Heavy rain,,,,No,No,,5.0,Km2,,,,Hanga,1994,1.0,9.0,1994,1.0,13.0,31.0,,,7000.0,7000.0,,,,,,,"50,6484026622566",,,,
1994-0105-TZA,1994,105,,Natural,Meteorological,Storm,Tropical cyclone,,,"Tanzania, United Republic of",TZA,Eastern Africa,Africa,Dar Es Salam,,,,,,,,,Kph,,,,,1994,4.0,23.0,1994,4.0,23.0,4.0,,,2500.0,2500.0,,,,,,,"50,6484026622566",,,,
1994-0606-BEN,1994,606,,Natural,Hydrological,Flood,,,,Benin,BEN,Western Africa,Africa,"Karimam, Malanville counties (Borgou district)",,,,Yes,,,30.0,190.0,Km2,,,,,1994,9.0,,1994,9.0,,,,14000.0,20000.0,34000.0,,,,,,,"50,6484026622566",,,,
1994-0646-BFA,1994,646,,Natural,Hydrological,Flood,,,,Burkina Faso,BFA,Western Africa,Africa,,,,,,,,,65.0,Km2,,,,,1994,,,1994,,,22.0,,66500.0,,66500.0,,,,,,,"50,6484026622566",,,,
1994-0213-CMR,1994,213,,Natural,Hydrological,Flood,Riverine flood,,,Cameroon,CMR,Middle Africa,Africa,"Maroua, Makolo (province of Logone-Chari)",Heavy rain,,,,No,No,,,Km2,,,,,1994,9.0,9.0,1994,9.0,14.0,6.0,,,,,,,,,,,"50,6484026622566",,,,
1994-0757-COG,1994,757,,Natural,Hydrological,Flood,Riverine flood,,,Congo (the),COG,Middle Africa,Africa,Cuvette region,,,,Yes,,,,,Km2,,,,,1994,12.0,,1994,12.0,,,,16500.0,,16500.0,,,,,,,"50,6484026622566",,,,
1995-9026-BFA,1995,9026,,Natural,Climatological,Drought,Drought,,,Burkina Faso,BFA,Western Africa,Africa,"Bam, Kadigo, Outbritenga, Oudalan, Sanmatenga, Seno, Soum, Yatenga provinces",,Food shortage,Famine,,No,No,,,Km2,,,,,1995,12.0,,1996,,,,,75590.0,,75590.0,,,,,,,"52,0692986874991",,,,
1995-0480-AGO,1995,480,,Natural,Biological,Epidemic,Bacterial disease,,Cerebrospinal meningitis,Angola,AGO,Middle Africa,Africa,,,,,,No,No,,,Vaccinated,,,,,1995,,,1995,,,,,1007.0,,1007.0,,,,,,,"52,0692986874991",,,,
1995-0224-BEN,1995,224,,Natural,Hydrological,Flood,,,,Benin,BEN,Western Africa,Africa,"Mono, Zou, Oueme, Atlantic",,,,,,,438.0,100.0,Km2,,,,,1995,7.0,,1995,7.0,,20.0,,115000.0,8000.0,123000.0,,,,,3100.0,5954.0,"52,0692986874991",,,,
1995-0035-BWA,1995,35,,Natural,Hydrological,Flood,Flash flood,,,Botswana,BWA,Southern Africa,Africa,"Mahalapye, Shoshong, Serowe, Palapye (Eastern Botswana)",,,,,,,190.0,,Km2,,,,,1995,2.0,19.0,1995,2.0,19.0,20.0,,3500.0,2000.0,5500.0,,,,,,,"52,0692986874991",,,,
1995-0469-CAF,1995,469,,Natural,Climatological,Wildfire,Forest fire,,,Central African Republic,CAF,Middle Africa,Africa,,,,,Yes,,,,,Km2,,,,,1995,1.0,,1995,1.0,,,,85.0,,85.0,,,,,,,"52,0692986874991",,,,
1995-0265-CAF,1995,265,,Natural,Hydrological,Flood,,,,Central African Republic,CAF,Middle Africa,Africa,"Bozoum, Paoua, Bavara (Ouham prefecture)",,,,Yes,,,,,Km2,,,,,1995,8.0,9.0,1995,8.0,9.0,,,1957.0,1957.0,3914.0,,,,,,,"52,0692986874991",,,,
1995-0225-CIV,1995,225,,Natural,Biological,Epidemic,Bacterial disease,,Cholera,Côte dIvoire,CIV,Western Africa,Africa,"Guiglo, Tabou. Departement du Nord, du Sud, de l'Ouest et du Centre.",,,,,No,No,,,Vaccinated,,,,,1995,9.0,18.0,1995,11.0,12.0,150.0,,2027.0,,2027.0,,,,,,,"52,0692986874991",,,,
1996-0211-BEN,1996,211,,Natural,Biological,Epidemic,Viral disease,,Yellow fever,Benin,BEN,Western Africa,Africa,Kerou district (Atacora) and Borgou,,,,,No,No,,56000.0,Vaccinated,,,,,1996,7.0,1.0,1996,10.0,20.0,65.0,,21.0,,21.0,,,,,,,"53,5955608540084",,,,
1996-0230-BEN,1996,230,,Natural,Hydrological,Flood,,,,Benin,BEN,Western Africa,Africa,"Ouinhi, Zagnanado, Cove (Zou Province)",,,,,,,,21.0,Km2,,,,,1996,9.0,29.0,1996,9.0,29.0,11.0,,147901.0,826.0,148727.0,,,,,,,"53,5955608540084",,,,
1996-0057-BFA,1996,57,,Natural,Biological,Epidemic,Bacterial disease,,,Burkina Faso,BFA,Western Africa,Africa,"Bam, Bazega, Bougouriba, Boulgou, Boulkiemde, Chn-Yo, Ouahigouya, Comoe, Ganzourgou, Gnagna, Gourma, Houet, Kadiogo, Kenedougou, Kossi, Koutitenga, Mouhoun, Nahouri, Namentenga, Oubritenga, Oudalan, Passore, Poni, Sanguie, Sanmatenga, Seno, Sissili, Soum, Sourou, Tapoa, Yatenga, Zounwe",,,,Yes,No,No,,,Vaccinated,,,,,1996,2.0,7.0,1996,2.0,,4071.0,,40506.0,,40506.0,,,,,,,"53,5955608540084",,,,
1996-0210-BFA,1996,210,,Natural,Biological,Epidemic,Bacterial disease,,,Burkina Faso,BFA,Western Africa,Africa,,,,,,No,No,,,Vaccinated,,,,,1996,11.0,,1997,1.0,28.0,64.0,,461.0,,461.0,,,,,,,"53,5955608540084",,,,
1996-0233-CAF,1996,233,,Natural,Hydrological,Flood,,,,Central African Republic,CAF,Middle Africa,Africa,"Batangafo, Kaga Bandoro, Kouango",,,,,,,267.0,4758.0,Km2,,,,,1996,10.0,,1996,10.0,,7.0,,16000.0,1500.0,17500.0,,,,,,,"53,5955608540084",,,,
1996-0135-CIV,1996,135,,Natural,Hydrological,Flood,,,,Côte dIvoire,CIV,Western Africa,Africa,Abidjan,,,,,,,,,Km2,,,,,1996,6.0,,1996,6.0,,28.0,,,,,,,,,,,"53,5955608540084",,,,
1996-0214-CMR,1996,214,,Natural,Biological,Epidemic,Bacterial disease,,Cholera,Cameroon,CMR,Middle Africa,Africa,"Kolofata, Kousseri, Fotokol, Blangoua, Mayo-Sava, Logone, Maltam, Mora, Chari, Diamaré departments (Far North Cameroon), Pitoa, Biberni, Garoua city (Northern Cameroon)",,,,,,,,,Vaccinated,,,,,1996,6.0,,1996,6.0,,378.0,,2825.0,,2825.0,,,,,,,"53,5955608540084",,,,
1997-9239-AGO,1997,9239,,Natural,Climatological,Drought,Drought,,,Angola,AGO,Middle Africa,Africa,,,,,,No,No,,,Km2,,,,,1997,3.0,,1998,,,,,105000.0,,105000.0,,,,,,,"54,8484541709928",,,,
1997-0497-BDI,1997,497,,Natural,Biological,Epidemic,Bacterial disease,,Typhus,Burundi,BDI,Eastern Africa,Africa,"Karama, Burina, Gifugwe, Gasi, Rutovu, Ntabo and Kabezi (Bujulbura Province), Gitega Province, Murumvya Province",,,,,No,No,,,Vaccinated,,,,,1997,1.0,,1997,5.0,6.0,,,23889.0,,23889.0,,,,,,,"54,8484541709928",,,,
1997-0535-BDI,1997,535,,Natural,Biological,Epidemic,Bacterial disease,,Cholera,Burundi,BDI,Eastern Africa,Africa,Rumonge,"Breakdown water supply, poor hygiene practices and increase of number of displaced perdons",,,,No,No,,,Vaccinated,,,,,1997,1.0,,1997,1.0,13.0,21.0,,461.0,,461.0,,,,,,,"54,8484541709928",,,,
1997-0488-BEN,1997,488,,Natural,Biological,Epidemic,Bacterial disease,,,Benin,BEN,Western Africa,Africa,North,,,,,,,,,Vaccinated,,,,,1997,4.0,,1997,4.0,,47.0,,226.0,,226.0,,,,,,,"54,8484541709928",,,,
1997-0199-BEN,1997,199,,Natural,Hydrological,Flood,,,,Benin,BEN,Western Africa,Africa,"Cotonou (Atlantic Department), Porto Novo (Oueme department), Mono (Mono department)",,,,,,,,,Km2,,,,,1997,6.0,24.0,1997,6.0,24.0,,,51000.0,,51000.0,,,,,,,"54,8484541709928",,,,
1997-0487-BFA,1997,487,,Natural,Biological,Epidemic,Bacterial disease,,,Burkina Faso,BFA,Western Africa,Africa,,,,,,,,,,Vaccinated,,,,,1997,2.0,,1997,2.0,,2274.0,,17996.0,,17996.0,,,,,,,"54,8484541709928",,,,
1997-0486-CMR,1997,486,,Natural,Biological,Epidemic,Bacterial disease,,Shigellosis,Cameroon,CMR,Middle Africa,Africa,Eastern Cameroon,,,,,,,,,Vaccinated,,,,,1997,11.0,,1997,11.0,,49.0,,242.0,,242.0,,,,,,,"54,8484541709928",,,,
1997-0546-CMR,1997,546,,Natural,Biological,Epidemic,,,Bloody diarrhoea,Cameroon,CMR,Middle Africa,Africa,,,,,,No,No,,,Vaccinated,,,,,1997,11.0,,1998,4.0,,60.0,,237.0,,237.0,,,,,,,"54,8484541709928",,,,
1997-0547-COG,1997,547,,Natural,Biological,Epidemic,Bacterial disease,,Cholera,Congo (the),COG,Middle Africa,Africa,Pointe-Noire,,,,,No,No,,,Vaccinated,,,,,1997,11.0,27.0,1998,2.0,5.0,83.0,,485.0,,485.0,,,,,,,"54,8484541709928",,,,
1998-0235-AGO,1998,235,,Natural,Biological,Epidemic,Bacterial disease,,Meningococcal disease,Angola,AGO,Middle Africa,Africa,"Luanda Norte, Biè, Malange, Huambo province",,,,,No,No,,,Vaccinated,,,,,1998,1.0,1.0,1998,8.0,6.0,115.0,,1113.0,,1113.0,,,,,,,"55,6998628053472",,,,
1998-0137-BEN,1998,137,,Natural,Biological,Epidemic,Bacterial disease,,,Benin,BEN,Western Africa,Africa,"Borgou, Atacora departments",,,,,,,,,Vaccinated,,,,,1998,3.0,15.0,1998,3.0,15.0,78.0,,527.0,,527.0,,,,,,,"55,6998628053472",,,,
1998-0329-BEN,1998,329,,Natural,Hydrological,Flood,,,,Benin,BEN,Western Africa,Africa,"Atacora, Borgou",,,,,,,,,Km2,,,,,1998,8.0,,1998,8.0,,,,400000.0,20000.0,420000.0,,,,,,,"55,6998628053472",,,,
1998-0339-BFA,1998,339,,Natural,Biological,Epidemic,Bacterial disease,,Cholera,Burkina Faso,BFA,Western Africa,Africa,,,,,,,,,,Vaccinated,,,,,1998,9.0,,1998,9.0,,26.0,,441.0,,441.0,,,,,,,"55,6998628053472",,,,
1998-0351-CAF,1998,351,,Natural,Hydrological,Flood,,,,Central African Republic,CAF,Middle Africa,Africa,Bangui,,,,,,,,,Km2,,,,,1998,10.0,24.0,1998,10.0,24.0,,,,9200.0,9200.0,,,,,,,"55,6998628053472",,,,
1998-0142-CMR,1998,142,,Natural,Biological,Epidemic,Bacterial disease,,,Cameroon,CMR,Middle Africa,Africa,Northern province (near Tchad border),,,,,,,,400000.0,Vaccinated,,,,,1998,1.0,15.0,1998,1.0,15.0,126.0,,980.0,,980.0,,,,,,,"55,6998628053472",,,,
1998-0341-CMR,1998,341,,Natural,Biological,Epidemic,Bacterial disease,,Cholera,Cameroon,CMR,Middle Africa,Africa,"Kousseri and urban Maroua (Extreme Nord province), Garoua (Nord province) and Douala (Littoral province)",,,,,No,No,,,Vaccinated,,,,,1998,6.0,,1998,10.0,,113.0,,1106.0,,1106.0,,,,,,,"55,6998628053472",,,,
1998-0238-CMR,1998,238,,Natural,Biological,Insect infestation,Locust,,,Cameroon,CMR,Middle Africa,Africa,Northern,,,,,,,,,,,,,,1998,7.0,10.0,1998,7.0,10.0,,,,,,,,,,1700.0,3052.0,"55,6998628053472",,,,
1998-0397-COG,1998,397,,Natural,Hydrological,Flood,Riverine flood,,,Congo (the),COG,Middle Africa,Africa,Northeast Likouala region,Heavy rain,,,,No,No,,,Km2,,,,,1998,11.0,24.0,1998,11.0,30.0,,,20000.0,,20000.0,,,,,59.0,106.0,"55,6998628053472",,,,
1994-0509-EGY,1994,509,,Natural,Hydrological,Flood,Riverine flood,,,Egypt,EGY,Northern Africa,Africa,"Asyut, Sohag, Qena, Luxor governorates",Heavy rain,"Slide (land, mud, snow, rock)",Fire,Yes,No,No,2773.0,44070.0,Km2,,,,,1994,11.0,2.0,1994,11.0,8.0,600.0,,110660.0,50000.0,160660.0,,,,,140000.0,276415.0,"50,6484026622566",,,,
1994-0347-DZA,1994,347,,Natural,Hydrological,Flood,Riverine flood,,,Algeria,DZA,Northern Africa,Africa,"Bodj-Bou-Arreridj, Tiaret province, Tissemsilt, Medea, M'Sila, Naama regions",Heavy rain,"Slide (land, mud, snow, rock)",,,No,No,,,Km2,,,,,1994,9.0,21.0,1994,9.0,26.0,32.0,,1200.0,,1200.0,,,,,,,"50,6484026622566",,,,
1994-0788-CPV,1994,788,,Natural,Biological,Epidemic,Bacterial disease,,Cholera,Cabo Verde,CPV,Western Africa,Africa,All nine inhabited islands,,,,,No,No,,,Vaccinated,,,,,1994,11.0,,1995,11.0,,245.0,,12344.0,,12344.0,,,,,,,"50,6484026622566",,,,
1994-0507-DJI,1994,507,,Natural,Hydrological,Flood,Riverine flood,,,Djibouti,DJI,Eastern Africa,Africa,"Djibouti city, Holhol, Ali Addeh, Tadjoura districts",,,,Yes,,,3423.0,,Km2,,,,,1994,11.0,19.0,1994,11.0,19.0,145.0,,100000.0,20000.0,120000.0,,,,,2119.0,4184.0,"50,6484026622566",,,,
1994-0508-DJI,1994,508,,Natural,Biological,Epidemic,Bacterial disease,,Cholera,Djibouti,DJI,Eastern Africa,Africa,"Djibouti city, Holhol, Ali Addeh, Tadjoura districts",,,,,,,,,Vaccinated,,,,,1994,11.0,22.0,1994,11.0,22.0,10.0,,239.0,,239.0,,,,,,,"50,6484026622566",,,,
1994-0196-DZA,1994,196,,Natural,Geophysical,Earthquake,Ground movement,,,Algeria,DZA,Northern Africa,Africa,Mascara province,,,,Yes,Yes,No,1778.0,6.0,Richter,35.52 N,00.12 W,2:13,,1994,8.0,18.0,1994,8.0,18.0,171.0,289.0,12500.0,,12789.0,,,,,,,"50,6484026622566",,,,
1994-0306-DZA,1994,306,,Natural,Climatological,Wildfire,Forest fire,,,Algeria,DZA,Northern Africa,Africa,,,,,,,,,200.0,Km2,,,,,1994,8.0,,1994,8.0,,22.0,,,,,,,,,,,"50,6484026622566",,,,
1994-0503-DZA,1994,503,,Natural,Hydrological,Flood,,,,Algeria,DZA,Northern Africa,Africa,Tindouf Area,,,,Yes,,,1403.0,,Km2,,,,,1994,10.0,,1994,10.0,,8.0,,,30000.0,30000.0,,,,,,,"50,6484026622566",,,,
1994-0194-ETH,1994,194,,Natural,Hydrological,Flood,Riverine flood,,,Ethiopia,ETH,Eastern Africa,Africa,"North Shoa, South Welo, Tach Gayint district (Gonder province)",Heavy rain,,,,No,No,,,Km2,,,,,1994,8.0,15.0,1994,8.0,18.0,4.0,14.0,43000.0,,43014.0,,,,,3500.0,6910.0,"50,6484026622566",,,,
1994-0603-ETH,1994,603,,Natural,Hydrological,Landslide,Landslide,,,Ethiopia,ETH,Eastern Africa,Africa,,,,,,,,,,,,,,,1994,12.0,,1994,12.0,,22.0,10.0,,19.0,29.0,,,,,,,"50,6484026622566",,,,
1994-0647-GAB,1994,647,,Natural,Biological,Epidemic,Viral disease,,Ebola,Gabon,GAB,Middle Africa,Africa,,,,,,,,,,Vaccinated,,,,,1994,,,1994,,,20.0,,,,,,,,,,,"50,6484026622566",,,,
1994-0621-GIN,1994,621,,Natural,Biological,Epidemic,Bacterial disease,,Cholera,Guinea,GIN,Western Africa,Africa,Conakry,,,,Yes,,,,,Vaccinated,,,,,1994,6.0,24.0,1994,6.0,24.0,311.0,,24000.0,,24000.0,,,,,,,"50,6484026622566",,,,
1994-0622-GNB,1994,622,,Natural,Biological,Epidemic,Bacterial disease,,Cholera,Guinea-Bissau,GNB,Western Africa,Africa,Bissay City,,,,Yes,,,,,Vaccinated,,,,,1994,11.0,4.0,1994,11.0,4.0,195.0,,8631.0,,8631.0,,,,,,,"50,6484026622566",,,,
1994-0627-KEN,1994,627,,Natural,Biological,Epidemic,Parasitic disease,,,Kenya,KEN,Eastern Africa,Africa,"Kisii, Nyamira, Narok, Kuria districts",,,,Yes,,,,,Vaccinated,,,,,1994,1.0,,1994,1.0,,1000.0,,6500000.0,,6500000.0,,,,,,,"50,6484026622566",,,,
1994-9422-KEN,1994,9422,,Natural,Climatological,Drought,Drought,,,Kenya,KEN,Eastern Africa,Africa,Northern & northeastern districts,,,,Yes,,,,,Km2,,,,,1994,3.0,,1995,,,,,1200000.0,,1200000.0,,,,,,,"50,6484026622566",,,,
1994-0183-NER,1994,183,,Natural,Hydrological,Flood,,,,Niger (the),NER,Western Africa,Africa,"Zinder, Maradi, Tahoua, Diffa, Tillabery, Dosso, Niamey",,,,Yes,,,544.0,128.0,Km2,,,,,1994,7.0,,1994,7.0,,60.0,,,61992.0,61992.0,,,,,,,"50,6484026622566",,,,
1994-0208-NGA,1994,208,,Natural,Hydrological,Flood,Riverine flood,,,Nigeria,NGA,Western Africa,Africa,"Borno, Kebbi, Kaduna, Sokoto, Katsina, Kogi, Kwara, Plateau, Abia, Adamawa, Taraba, Amambra, Edo, Cross River, Jigawa, Niger, Bauchi, Benue, Akwa, Ibom, River, Imo, Kano",Heavy rain,,,Yes,No,No,102.0,270.0,Km2,,,,Alo,1994,9.0,11.0,1994,9.0,15.0,30.0,,180000.0,400000.0,580000.0,,,,,66500.0,131297.0,"50,6484026622566",,,,
1995-0052-CPV,1995,52,,Natural,Geophysical,Volcanic activity,Ash fall,,Fogo,Cabo Verde,CPV,Western Africa,Africa,Fogo Island,,,,Yes,Yes,No,678.0,,,,,,,1995,4.0,3.0,1995,5.0,,,6.0,1300.0,5000.0,6306.0,,,,,,,"52,0692986874991",,,,
1995-0408-DJI,1995,408,,Natural,Meteorological,Storm,,,,Djibouti,DJI,Eastern Africa,Africa,,,,,Yes,,,,,Kph,,,,,1995,7.0,,1995,7.0,,,,775.0,,775.0,,,,,,,"52,0692986874991",,,,
1995-0293-EGY,1995,293,,Natural,Geophysical,Earthquake,Ground movement,,,Egypt,EGY,Northern Africa,Africa,Cairo,,,,,No,No,,6.0,Richter,28.8 N,34.8 E,6:15,,1995,11.0,22.0,1995,11.0,22.0,10.0,69.0,,,69.0,,,,,,,"52,0692986874991",,,,
1995-0354-EGY,1995,354,,Natural,Hydrological,Flood,Riverine flood,,,Egypt,EGY,Northern Africa,Africa,El Minja,,,,,,,,,Km2,,,,,1995,3.0,20.0,1995,3.0,20.0,7.0,,,3000.0,3000.0,,,,,,,"52,0692986874991",,,,
1995-0355-EGY,1995,355,,Natural,Meteorological,Extreme temperature ,Heat wave,,,Egypt,EGY,Northern Africa,Africa,Nord,,,,,,,,46.0,°C,,,,,1995,6.0,12.0,1995,6.0,12.0,32.0,,,,,,,,,,,"52,0692986874991",,,,
1995-0409-ERI,1995,409,,Natural,Biological,Insect infestation,Locust,,,Eritrea,ERI,Eastern Africa,Africa,,,,,Yes,,,,300.0,,,,,,1995,7.0,,1995,7.0,,,,,,,,,,,,,"52,0692986874991",,,,
1995-0103-ETH,1995,103,,Natural,Hydrological,Flood,Riverine flood,,,Ethiopia,ETH,Eastern Africa,Africa,"Kelafo, Mustahil, Ferfer, Burukur (Eastern Ogaden region)",Heavy rain,,,,No,No,2535.0,67450.0,Km2,,,,"Webi Shebelle, Wedeb",1995,4.0,28.0,1995,5.0,15.0,27.0,,93875.0,,93875.0,,,,,500.0,960.0,"52,0692986874991",,,,
1995-0140-GHA,1995,140,,Natural,Hydrological,Flood,Riverine flood,,,Ghana,GHA,Western Africa,Africa,Accra,,,,Yes,No,No,92.0,120800.0,Km2,,,,,1995,7.0,5.0,1995,7.0,7.0,145.0,,500000.0,200000.0,700000.0,,,,,12500.0,24006.0,"52,0692986874991",,,,
1995-0459-LBR,1995,459,,Natural,Biological,Epidemic,Viral disease,,Yellow fever,Liberia,LBR,Western Africa,Africa,"Tubmanburg (Boma county), Salala (Bong county), Greenville (Sinoe county), Buchanan",,,,,No,No,,,Vaccinated,,,,,1995,12.0,,1996,2.0,,9.0,,359.0,,359.0,,,,,,,"52,0692986874991",,,,
1995-0164-LBR,1995,164,,Natural,Meteorological,Storm,,,,Liberia,LBR,Western Africa,Africa,Monrovia,,,,,,,,,Kph,,,,,1995,8.0,11.0,1995,8.0,11.0,,,,2000.0,2000.0,,,,,,,"52,0692986874991",,,,
1995-0418-LBY,1995,418,,Natural,Hydrological,Flood,,,,Libya,LBY,Northern Africa,Africa,Khums,,,,,,,,,Km2,,,,,1995,10.0,,1995,10.0,,,,,,,,,,,42200.0,81046.0,"52,0692986874991",,,,
1995-0196-MAR,1995,196,,Natural,Hydrological,Flood,Flash flood,,,Morocco,MAR,Northern Africa,Africa,"Taza, Oued Amlil, Zouagha, Taounate and Bouabbane",,,,,,,,,Km2,,,,,1995,9.0,4.0,1995,9.0,4.0,43.0,,,,,,,,,,,"52,0692986874991",,,,
1995-0177-MAR,1995,177,,Natural,Hydrological,Flood,Riverine flood,,,Morocco,MAR,Northern Africa,Africa,"Marrakesh (Ourika region), Urigan, Sti Fadma, Zriketn, Ghmat (Atlas range), Ouarzazate, Taroudant",Heavy rain,,,,No,No,551.0,132500.0,Km2,,,,"Gigaya, Ourika, Gamat",1995,8.0,17.0,1995,8.0,18.0,730.0,,35000.0,,35000.0,,,,,9000.0,17285.0,"52,0692986874991",,,,
1995-0056-MAR,1995,56,,Natural,Hydrological,Flood,,,,Morocco,MAR,Northern Africa,Africa,Tata region (south-east),,,,,,,,,Km2,,,,,1995,4.0,1.0,1995,4.0,1.0,18.0,,3000.0,,3000.0,,,,,,,"52,0692986874991",,,,
1995-0023-MRT,1995,23,,Natural,Hydrological,Flood,,,,Mauritania,MRT,Western Africa,Africa,,,,,,,,,,Km2,,,,,1995,11.0,,1995,11.0,,,,408.0,192.0,600.0,,,,,,,"52,0692986874991",,,,
1995-0010-MWI,1995,10,,Natural,Hydrological,Flood,,,,Malawi,MWI,Eastern Africa,Africa,"Karonga, Nkhata Bay (Northern)",,,,,,,,,Km2,,,,,1995,1.0,,1995,1.0,,1.0,,,1000.0,1000.0,,,,,,,"52,0692986874991",,,,
1995-0303-MWI,1995,303,,Natural,Hydrological,Flood,,,,Malawi,MWI,Eastern Africa,Africa,Chikwawa district,,,,,,,,,Km2,,,,,1995,12.0,23.0,1995,12.0,23.0,,,,300.0,300.0,,,,,,,"52,0692986874991",,,,
1995-9269-NAM,1995,9269,,Natural,Climatological,Drought,Drought,,,Namibia,NAM,Southern Africa,Africa,,,,,,,,,,Km2,,,,,1995,,,1996,,,,,163200.0,,163200.0,,,,,,,"52,0692986874991",,,,
1995-0427-NER,1995,427,,Natural,Biological,Epidemic,Bacterial disease,,,Niger (the),NER,Western Africa,Africa,,,,,Yes,,,,,Vaccinated,,,,,1995,3.0,3.0,1995,3.0,3.0,3022.0,,63691.0,,63691.0,,,,,,,"52,0692986874991",,,,
1996-0052-MOZ,1996,52,,Natural,Meteorological,Storm,Tropical cyclone,,Bonita,Mozambique,MOZ,Eastern Africa,Africa,"Zambezia, Gaza, Maputo, Inhambane provinces",,Flood,,Yes,No,No,,,Kph,,,,,1996,2.0,13.0,1996,2.0,29.0,11.0,,200000.0,,200000.0,14000.0,26122.0,,,14500.0,27054.0,"53,5955608540084",,,,
1996-9119-DJI,1996,9119,,Natural,Climatological,Drought,Drought,,,Djibouti,DJI,Eastern Africa,Africa,"Gouvetto, Kabah-Kabah, Assamo, Guestir, Ali-Addeh, Hol-Hol (Ali-Sabieh dist.), Yokobi, Asseyla (Dikhil dist.), Makrassoul, Dorba, Assa-Guela, Dabnou, Adgueno, Assal, Neima, Debne-Auri, Bahlo (Tadjourah dist.), Adguenou (Obock dist.), Damerjob, Artawea ",Lack rainfall,,,,Yes,No,70.0,,Km2,,,,,1996,2.0,,1996,,,,,100000.0,,100000.0,,,,,,,"53,5955608540084",,,,
1996-0079-DZA,1996,79,,Natural,Hydrological,Flood,Riverine flood,,,Algeria,DZA,Northern Africa,Africa,El Tarf Region (Eastern Algeria),Heavy rains,,,,No,No,,,Km2,,,,,1996,4.0,23.0,1996,4.0,30.0,4.0,101.0,,,101.0,,,,,,,"53,5955608540084",,,,
1996-0464-EGY,1996,464,,Natural,Hydrological,Flood,Flash flood,,,Egypt,EGY,Northern Africa,Africa,"Manfalout, Minya, Sohag, Dairout, Mallawi (Aswan, Sohag, Asyut provinces)",Brief torrential rain,,,,No,No,,400.0,Km2,,,,,1996,11.0,13.0,1996,11.0,18.0,12.0,,260.0,,260.0,,,,,,,"53,5955608540084",,,,
1996-0367-EGY,1996,367,,Natural,Meteorological,Extreme temperature ,Heat wave,,,Egypt,EGY,Northern Africa,Africa,,,,,,,,,44.0,°C,,,,,1996,7.0,7.0,1996,7.0,7.0,22.0,,,,,,,,,,,"53,5955608540084",,,,
1996-0141-ETH,1996,141,,Natural,Hydrological,Flood,Riverine flood,,,Ethiopia,ETH,Eastern Africa,Africa,Gambella Region,,,,,,,,,Km2,,,,,1996,6.0,8.0,1996,6.0,8.0,40.0,,90000.0,,90000.0,,,,,,,"53,5955608540084",,,,
1996-0470-ETH,1996,470,,Natural,Hydrological,Flood,Riverine flood,,,Ethiopia,ETH,Eastern Africa,Africa,"Gambella region, East-Shoa, Wanji provinces",Heavy rains,,,,No,No,,,Km2,,,,"Baro, Guilo, Akobo, Awash rivers",1996,8.0,12.0,1996,8.0,25.0,,,,25000.0,25000.0,,,,,,,"53,5955608540084",,,,
1996-0029-GAB,1996,29,,Natural,Biological,Epidemic,Viral disease,,Ebola haemorrhagic fever,Gabon,GAB,Middle Africa,Africa,"Makokou region, Libreville, Booué area",,,,,No,No,,,Vaccinated,,,,,1996,7.0,13.0,1997,1.0,18.0,45.0,,15.0,,15.0,,,,,,,"53,5955608540084",,,,
1996-0210-GHA,1996,210,,Natural,Biological,Epidemic,Bacterial disease,,,Ghana,GHA,Western Africa,Africa,"Bawku East, Bolgatanga districts (Upper East Region), East Mamprusi district (Northern region), Bawku West, Kassena-Nankan districts (Upper East region), Gushegu-Karaga, Tamale, West Mampruse, Yendi districts (Northern Region)",,,,,No,No,,,Vaccinated,,,,,1996,11.0,,1997,3.0,13.0,411.0,,3757.0,,3757.0,,,,,,,"53,5955608540084",,,,
1996-0207-GMB,1996,207,,Natural,Hydrological,Flood,,,,Gambia (the),GMB,Western Africa,Africa,"Basse town + Mannhe Kunda, Samba Tako, Geroba Bassending, Tamba Sansang",,,,,,,,,Km2,,,,,1996,8.0,15.0,1996,8.0,15.0,,,4000.0,,4000.0,,,,,,,"53,5955608540084",,,,
1996-0443-GNB,1996,443,,Natural,Biological,Epidemic,Bacterial disease,,Cholera,Guinea-Bissau,GNB,Western Africa,Africa,Bissau and Gabu districts,,,,,No,No,,,Vaccinated,,,,,1996,10.0,,1996,10.0,,961.0,,26967.0,,26967.0,,,,,,,"53,5955608540084",,,,
1996-0474-KEN,1996,474,,Natural,Hydrological,Flood,Riverine flood,,,Kenya,KEN,Eastern Africa,Africa,Nyanza province,Heavy rains,,,,No,No,,,Km2,,,,,1996,4.0,6.0,1996,4.0,11.0,,,,1000.0,1000.0,,,,,,,"53,5955608540084",,,,
1996-9326-KEN,1996,9326,,Natural,Climatological,Drought,Drought,,,Kenya,KEN,Eastern Africa,Africa,"Garissa, Isiolo, Wajir, Mandera, Turkana, Baringo, Kifili, Meru, Makueni, Marsabit/moyale, Tana river, Kitui, Mwingi, Mbere, Tharaka Nithi, Nyambene, Machakos, Taita Taveta, Muranga/Makuyu/Maragwa, Kajiado, Kilifi districts",,,,Yes,Yes,Yes,32256.0,,Km2,,,,,1997,1.0,,1998,,,,,1600000.0,,1600000.0,,,,,,,"53,5955608540084",,,,
1996-0073-LBR,1996,73,,Natural,Biological,Epidemic,Bacterial disease,,Cholera,Liberia,LBR,Western Africa,Africa,Barclay Military Camp,,,,,No,No,,,Vaccinated,,,,,1996,4.0,12.0,1996,4.0,18.0,56.0,,,,,,,,,,,"53,5955608540084",,,,
1996-0323-LSO,1996,323,,Natural,Meteorological,Storm,,,,Lesotho,LSO,Southern Africa,Africa,,,,,,,,,,Kph,,,,,1996,11.0,8.0,1996,11.0,8.0,,,200.0,,200.0,,,,,,,"53,5955608540084",,,,
1996-0014-MAR,1996,14,,Natural,Hydrological,Flood,Riverine flood,,,Morocco,MAR,Northern Africa,Africa,"Beni Mellal, Casa Sebaa, Chefchaoun, Essaouirra, Ifrane, Irane, Jadida, Kenitra, Khenifra, Larache, Marrakesh, Nador, Safi, Sale, Sidi Kacem, Taroudant provinces",Heavy rains,,,Yes,No,No,797.0,1324.0,Km2,,,,,1996,1.0,21.0,1996,2.0,1.0,25.0,,60000.0,,60000.0,,,,,55000.0,102620.0,"53,5955608540084",,,,
1996-0149-MAR,1996,149,,Natural,Meteorological,Storm,,,,Morocco,MAR,Northern Africa,Africa,Azilal Province,,,,,,,,,Kph,,,,,1996,6.0,16.0,1996,6.0,16.0,14.0,,,,,,,,,,,"53,5955608540084",,,,
1996-0060-MDG,1996,60,,Natural,Meteorological,Storm,Tropical cyclone,,Bonita,Madagascar,MDG,Eastern Africa,Africa,"Fenerive, Foulpointe",,,,Yes,Yes,No,4455.0,200.0,Kph,,,,,1996,1.0,10.0,1996,1.0,11.0,9.0,,100000.0,,100000.0,,,,,,,"53,5955608540084",,,,
1996-0210-MLI,1996,210,,Natural,Biological,Epidemic,Bacterial disease,,,Mali,MLI,Western Africa,Africa,,,,,,No,No,,,Vaccinated,,,,,1996,11.0,,1997,1.0,31.0,26.0,,180.0,,180.0,,,,,,,"53,5955608540084",,,,
1996-0489-MLI,1996,489,,Natural,Biological,Epidemic,Bacterial disease,,Meningococcal meningitis,Mali,MLI,Western Africa,Africa,Dioila and Bamako Districts,,,,,No,No,,865903.0,Vaccinated,,,,,1996,2.0,,1996,3.0,15.0,319.0,,2028.0,,2028.0,,,,,,,"53,5955608540084",,,,
1996-0216-MRT,1996,216,,Natural,Biological,Epidemic,Bacterial disease,,Cholera,Mauritania,MRT,Western Africa,Africa,,,,,,,,,,Vaccinated,,,,,1996,8.0,25.0,1996,8.0,25.0,46.0,,,,,,,,,,,"53,5955608540084",,,,
1996-0311-MUS,1996,311,,Natural,Meteorological,Storm,Tropical cyclone,,Daniella,Mauritius,MUS,Eastern Africa,Africa,Western and Southern parts,,,,,,,,154.0,Kph,,,,,1996,12.0,9.0,1996,12.0,9.0,3.0,,,,,,,,,,,"53,5955608540084",,,,
1996-0059-NER,1996,59,,Natural,Biological,Epidemic,Bacterial disease,,,Niger (the),NER,Western Africa,Africa,South-West,,,,,No,No,,,Vaccinated,,,,,1996,1.0,1.0,1996,4.0,16.0,676.0,,6518.0,,6518.0,,,,,,,"53,5955608540084",,,,
1996-0492-NER,1996,492,,Natural,Biological,Epidemic,Bacterial disease,,Cholera,Niger (the),NER,Western Africa,Africa,,,,,,No,No,,,Vaccinated,,,,,1996,,,1996,,,206.0,,3957.0,,3957.0,,,,,,,"53,5955608540084",,,,
1996-0058-NGA,1996,58,,Natural,Biological,Epidemic,Bacterial disease,,Cerebro spinal,Nigeria,NGA,Western Africa,Africa,"Sokoto, Kebbi, Kaduna, Bauchi, Jigawa, Kano, Niger, Borno, Adamawa, Benue, Cross River, Enugu, Katsina, Kwara, Plateau, Taraba",,,,Yes,No,No,,2100000.0,Vaccinated,,,,,1996,2.0,,1996,3.0,27.0,4346.0,,30212.0,,30212.0,,,,,,,"53,5955608540084",,,,
1996-0112-NGA,1996,112,,Natural,Biological,Epidemic,Bacterial disease,,Cholera,Nigeria,NGA,Western Africa,Africa,"Borno, Kano, Kebbi, Oyo, Niger, Taraba, Yobe states.",,,,,No,No,,,Vaccinated,,,,,1996,2.0,19.0,1996,7.0,19.0,1193.0,,12374.0,,12374.0,,,,,,,"53,5955608540084",,,,
1997-9099-NER,1997,9099,,Natural,Climatological,Drought,Drought,,,Niger (the),NER,Western Africa,Africa,,,Food shortage,Famine,,Yes,No,,,Km2,,,,,1997,4.0,,1998,,,,,8500.0,,8500.0,,,,,,,"54,8484541709928",,,,
1997-9100-MRT,1997,9100,,Natural,Climatological,Drought,Drought,,,Mauritania,MRT,Western Africa,Africa,"Brakna, Tagant, Assaba, Adrar and Inchiri regions",,Crop failure,Famine,Yes,Yes,No,,,Km2,,,,,1997,3.0,,1998,,,,,21400.0,,21400.0,,,,,,,"54,8484541709928",,,,
1997-0270-ETH,1997,270,,Natural,Hydrological,Flood,Riverine flood,,,Ethiopia,ETH,Eastern Africa,Africa,"Afder and Liben districts (Somali region), Gode, Haregele, Dollo regions",Heavy rain,"Slide (land, mud, snow, rock)",,Yes,No,No,518.0,300.0,Km2,,,,,1997,10.0,26.0,1997,11.0,26.0,297.0,,65000.0,,65000.0,,,,,,,"54,8484541709928",,,,
1997-0328-ETH,1997,328,,Natural,Hydrological,Flood,Riverine flood,,,Ethiopia,ETH,Eastern Africa,Africa,Arba Minch region,Heavy rain,"Slide (land, mud, snow, rock)",,,No,No,,,Km2,,,,,1997,4.0,19.0,1997,4.0,22.0,29.0,22.0,,,22.0,,,,,,,"54,8484541709928",,,,
1997-0527-DJI,1997,527,,Natural,Biological,Epidemic,Bacterial disease,,Cholera,Djibouti,DJI,Eastern Africa,Africa,Djibouti,,,,,No,No,,,Vaccinated,,,,,1997,11.0,,1997,11.0,24.0,29.0,,827.0,,827.0,,,,,,,"54,8484541709928",,,,
1997-0481-DZA,1997,481,,Natural,Biological,Epidemic,Bacterial disease,,Typhoid,Algeria,DZA,Northern Africa,Africa,"Oued Rhiou, Wilama of Relizane",,,,,,,,,Vaccinated,,,,,1997,3.0,,1997,3.0,,1.0,,364.0,,364.0,,,,,,,"54,8484541709928",,,,
1997-0162-DZA,1997,162,,Natural,Hydrological,Flood,,,,Algeria,DZA,Northern Africa,Africa,Ain Guezam,,,,,,,,,Km2,,,,,1997,8.0,2.0,1997,8.0,2.0,4.0,,,3000.0,3000.0,,,,,,,"54,8484541709928",,,,
1997-0331-EGY,1997,331,,Natural,Meteorological,Storm,Convective storm,Sand/Dust storm,,Egypt,EGY,Northern Africa,Africa,Cairo province,,,,,,,,110.0,Kph,,,,,1997,5.0,2.0,1997,5.0,2.0,18.0,60.0,,,60.0,,,,,1000.0,1823.0,"54,8484541709928",1,61515,,Cairo (Adm1). 
1997-0250-EGY,1997,250,,Natural,Hydrological,Flood,,,,Egypt,EGY,Northern Africa,Africa,,,,,,No,No,,,Km2,,,,,1997,10.0,18.0,1997,10.0,20.0,4.0,,,,,,,,,1000.0,1823.0,"54,8484541709928",,,,
1997-9091-ETH,1997,9091,,Natural,Climatological,Drought,Drought,,,Ethiopia,ETH,Eastern Africa,Africa,"Borena, Bale (Oromiya state) South Ome zone, Somali state ",,,,,No,No,,,Km2,,,,,1997,2.0,,1997,,,,,986200.0,,986200.0,,,,,,,"54,8484541709928",,,,
1997-0483-GHA,1997,483,,Natural,Biological,Epidemic,Bacterial disease,,,Ghana,GHA,Western Africa,Africa,Bolgatanga District (Upper East Region),butchering of cattle which died of sudden illness and consumption of meat and other tissues,,,,No,No,,,Vaccinated,,,,,1997,4.0,18.0,1997,4.0,,26.0,,159.0,,159.0,,,,,,,"54,8484541709928",,,,
1997-0492-GMB,1997,492,,Natural,Biological,Epidemic,Bacterial disease,,,Gambia (the),GMB,Western Africa,Africa,,,,,Yes,,,,,Vaccinated,,,,,1997,2.0,8.0,1997,2.0,8.0,120.0,,793.0,,793.0,,,,,,,"54,8484541709928",,,,
1997-0204-GNB,1997,204,,Natural,Biological,Epidemic,Bacterial disease,,Cholera,Guinea-Bissau,GNB,Western Africa,Africa,,,,,,,,,,Vaccinated,,,,,1997,1.0,,1997,1.0,,781.0,,22299.0,,22299.0,,,,,,,"54,8484541709928",,,,
1997-0514-KEN,1997,514,,Natural,Biological,Epidemic,Bacterial disease,,Cholera,Kenya,KEN,Eastern Africa,Africa,,,,,Yes,,,,,Vaccinated,,,,,1997,10.0,26.0,1997,10.0,26.0,237.0,,13476.0,,13476.0,,,,,,,"54,8484541709928",,,,
1997-0542-KEN,1997,542,,Natural,Biological,Epidemic,Bacterial disease,,Cholera,Kenya,KEN,Eastern Africa,Africa,"Nyatike Division (Migori District), Rachuonyo, Suba, Homa Bay and Kisumu District (Nyuanza province) and Molo (Nakuru)","poor sanitation, lack of safe water and socio-cultural factors",,,,No,No,,,Vaccinated,,,,,1997,6.0,25.0,1997,10.0,28.0,140.0,,2360.0,,2360.0,,,,,,,"54,8484541709928",,,,
1997-0551-KEN,1997,551,,Natural,Biological,Epidemic,Bacterial disease,,Cholera,Kenya,KEN,Eastern Africa,Africa,"Migori, Rachuonyo, Suba, Homa Bay, Nyando, Kisumu districts",,,,,No,No,,,Vaccinated,,,,,1997,1.0,,1998,12.0,,555.0,,17200.0,,17200.0,,,,,,,"54,8484541709928",,,,
1997-0554-KEN,1997,554,,Natural,Biological,Epidemic,Viral disease,,Rift Valley fever,Kenya,KEN,Eastern Africa,Africa,,,,,,No,No,,,Vaccinated,,,,,1997,12.0,,1998,1.0,,300.0,,,,,,,,,,,"54,8484541709928",,,,
1997-0255-KEN,1997,255,,Natural,Hydrological,Flood,,,,Kenya,KEN,Eastern Africa,Africa,"Kwale, Kilifi, Mombasa, Malindi, Tana River districts (Coast province), Garissa, Mandea, Wajir districts (Northeastern province), Moyale, Marsabit districts (Eastern province)",,,,,,,10044.0,,Km2,,,,,1997,9.0,,1997,9.0,,86.0,,900000.0,,900000.0,,,,,11800.0,21514.0,"54,8484541709928",,,,
1997-0236-MAR,1997,236,,Natural,Hydrological,Flood,Flash flood,,,Morocco,MAR,Northern Africa,Africa,"El Hajeb, Taza, Khenifra, Marrakesh, Meknes, Imouzzer-Handar, Rommani, Atlas Mountains.",Brief torrential rain,,,,No,No,,,Km2,,,,,1997,9.0,28.0,1997,9.0,29.0,60.0,,,,,,,,,,,"54,8484541709928",,,,
1997-0013-MDG,1997,13,,Natural,Meteorological,Storm,Tropical cyclone,,Gretelle,Madagascar,MDG,Eastern Africa,Africa,"Vangaidrano, Vohipeno, Farangana, Vondrozo, Midongy, Befotaka",,,,Yes,No,No,880.0,220.0,Kph,,,,,1997,1.0,24.0,1997,1.0,26.0,140.0,,520000.0,80000.0,600000.0,,,,,50000.0,91160.0,"54,8484541709928",,,,
1997-0020-MDG,1997,20,,Natural,Meteorological,Storm,Tropical cyclone,,Josie,Madagascar,MDG,Eastern Africa,Africa,"Antalaha, Andapa, Maroantsetra",,,,,,,,130.0,Kph,,,,,1997,2.0,11.0,1997,2.0,11.0,34.0,,,,,,,,,,,"54,8484541709928",,,,
1997-0202-MDG,1997,202,,Natural,Biological,Insect infestation,Locust,,,Madagascar,MDG,Eastern Africa,Africa,South & Southwest,,,,,,,276.0,20000.0,,,,,,1997,5.0,26.0,1997,5.0,26.0,,,,,,,,,,3500.0,6381.0,"54,8484541709928",,,,
1997-0490-MLI,1997,490,,Natural,Biological,Epidemic,Bacterial disease,,,Mali,MLI,Western Africa,Africa,,,,,,No,No,,,Vaccinated,,,,,1997,6.0,,1997,6.0,,1098.0,,9666.0,,9666.0,,,,,,,"54,8484541709928",,,,
1997-0026-MOZ,1997,26,,Natural,Hydrological,Flood,Riverine flood,,,Mozambique,MOZ,Eastern Africa,Africa,"Manica, Sofala, Tete, Zambezia provinces",Heavy rain,,,Yes,No,No,190.0,,Km2,,,,,1997,1.0,15.0,1997,2.0,28.0,35.0,,400000.0,,400000.0,,,,,,,"54,8484541709928",,,,
1997-0013-MOZ,1997,13,,Natural,Meteorological,Storm,Tropical cyclone,,Gretelle,Mozambique,MOZ,Eastern Africa,Africa,,,,,,No,No,,,Kph,,,,,1997,1.0,24.0,1997,1.0,26.0,,,,,,,,,,50.0,91.0,"54,8484541709928",,,,
1997-0288-MOZ,1997,288,,Natural,Biological,Epidemic,Bacterial disease,,Cholera,Mozambique,MOZ,Eastern Africa,Africa,"Maputo City, Maputo, Gaza, Inhambane, Manica, Sofala, Tete, Zambezia provinces",,,,,No,No,,,Vaccinated,,,,,1997,8.0,13.0,1998,7.0,,619.0,,26783.0,,26783.0,,,,,,,"54,8484541709928",,,,
1997-0495-MOZ,1997,495,,Natural,Biological,Epidemic,Bacterial disease,,,Mozambique,MOZ,Eastern Africa,Africa,,,,,,,,,,Vaccinated,,,,,1997,6.0,4.0,1997,6.0,4.0,18.0,,83.0,,83.0,,,,,,,"54,8484541709928",,,,
1997-0544-MOZ,1997,544,,Natural,Biological,Epidemic,Bacterial disease,,Plague,Mozambique,MOZ,Eastern Africa,Africa,Mutarara District (Tete Province),,,,,No,No,,,Vaccinated,,,,,1997,6.0,,1997,11.0,21.0,,,335.0,,335.0,,,,,,,"54,8484541709928",,,,
1997-0025-MWI,1997,25,,Natural,Hydrological,Flood,Riverine flood,,,Malawi,MWI,Eastern Africa,Africa,Chikwawa & Nsauje Districts,,,,Yes,,,1028.0,,Km2,,,,,1997,2.0,18.0,1997,2.0,18.0,,,400000.0,,400000.0,,,,,,,"54,8484541709928",,,,
1997-0511-MWI,1997,511,,Natural,Biological,Epidemic,Bacterial disease,,,Malawi,MWI,Eastern Africa,Africa,"Nasanje, Chikwawa and Ntchisi Districts (southern region)",,,,,No,No,,,Vaccinated,,,,,1997,12.0,23.0,1997,12.0,23.0,,,582.0,,582.0,,,,,,,"54,8484541709928",,,,
1997-0513-MWI,1997,513,,Natural,Biological,Epidemic,Bacterial disease,,Cholera,Malawi,MWI,Eastern Africa,Africa,,,,,,,,,,Vaccinated,,,,,1997,12.0,,1997,12.0,,10.0,,40.0,,40.0,,,,,,,"54,8484541709928",,,,
1997-0491-NER,1997,491,,Natural,Biological,Epidemic,Bacterial disease,,,Niger (the),NER,Western Africa,Africa,,,,,,,,,,Vaccinated,,,,,1997,2.0,,1997,2.0,,251.0,,1908.0,,1908.0,,,,,,,"54,8484541709928",,,,
1997-0552-NER,1997,552,,Natural,Biological,Epidemic,Bacterial disease,,Cholera,Niger (the),NER,Western Africa,Africa,,,,,,No,No,,,Vaccinated,,,,,1997,,,1997,,,11.0,,248.0,,248.0,,,,,,,"54,8484541709928",,,,
1998-0340-GHA,1998,340,,Natural,Biological,Epidemic,Bacterial disease,,Cholera,Ghana,GHA,Western Africa,Africa,"Upper East, Ashanti, Eastern, Volta, Western, central, Greater Accra regions",,,,,,,,,Vaccinated,,,,,1998,10.0,,1998,10.0,,67.0,,1546.0,,1546.0,,,,,,,"55,6998628053472",,,,
1998-0083-GNB,1998,83,,Natural,Climatological,Wildfire,"Land fire (Brush, Bush, Pasture)",,,Guinea-Bissau,GNB,Western Africa,Africa,Gabu region,,,,,,,,,Km2,,,,,1998,2.0,16.0,1998,2.0,16.0,3.0,,1200.0,300.0,1500.0,,,,,,,"55,6998628053472",,,,
1998-0331-LBR,1998,331,,Natural,Hydrological,Flood,Riverine flood,,,Liberia,LBR,Western Africa,Africa,"Lake Piso (Grand Capemount county, northwestern)",Heavy rain,,,,No,No,,,Km2,,,,,1998,9.0,17.0,1998,10.0,2.0,10.0,,5000.0,,5000.0,,,,,,,"55,6998628053472",,,,
1998-0233-LBR,1998,233,,Natural,Biological,Epidemic,,,Acute diarrhoeal syndrome,Liberia,LBR,Western Africa,Africa,Nimba and Margibi Counties.,,,,,No,No,,,Vaccinated,,,,,1998,5.0,,1998,6.0,26.0,12.0,,560.0,,560.0,,,,,,,"55,6998628053472",,,,
1998-0086-MDG,1998,86,,Natural,Hydrological,Flood,,,,Madagascar,MDG,Eastern Africa,Africa,"Antananarivo, Majunga, Tamatave, Tulear, Fianarantsoa",,,,,,,,,Km2,,,,,1998,2.0,,1998,2.0,,,,20000.0,,20000.0,,,,,,,"55,6998628053472",,,,
1998-0222-MLI,1998,222,,Natural,Hydrological,Flood,,,,Mali,MLI,Western Africa,Africa,Asango,,,,,,,,,Km2,,,,,1998,6.0,17.0,1998,6.0,17.0,3.0,,1784.0,,1784.0,,,,,,,"55,6998628053472",,,,
1998-0019-MOZ,1998,19,,Natural,Hydrological,Landslide,Landslide,,,Mozambique,MOZ,Eastern Africa,Africa,Milange district (Zambezia province),,,,,,,,,,,,,,1998,1.0,21.0,1998,1.0,21.0,87.0,,,2500.0,2500.0,,,,,,,"55,6998628053472",,,,
1998-0388-MOZ,1998,388,,Natural,Biological,Epidemic,Bacterial disease,,Cholera,Mozambique,MOZ,Eastern Africa,Africa,Cabo Delgado Province,,,,,,,,,Vaccinated,,,,,1998,9.0,15.0,1998,9.0,15.0,100.0,,600.0,,600.0,,,,,,,"55,6998628053472",,,,
1998-0018-MWI,1998,18,,Natural,Hydrological,Flood,Riverine flood,,,Malawi,MWI,Eastern Africa,Africa,"Karonga, Nkhotakota, Phalombe districts",,,,,No,No,,,Km2,,,,Phalombe River,1998,1.0,19.0,1998,2.0,4.0,4.0,,15000.0,,15000.0,,,,,89.0,160.0,"55,6998628053472",,,,
1998-0356-NER,1998,356,,Natural,Hydrological,Flood,,,,Niger (the),NER,Western Africa,Africa,"Niamey, Maradi, Kallo, Zinder",,,,Yes,,,,,Km2,,,,,1998,8.0,,1998,8.0,,,,,20000.0,20000.0,,,,,,,"55,6998628053472",,,,
1998-0308-NGA,1998,308,,Natural,Hydrological,Flood,Riverine flood,,,Nigeria,NGA,Western Africa,Africa,"Pategi, Edu, Moro districts (Kwara state), Edati, Mokwa, Lavun districts (Niger state)",Heavy rain,,,,No,No,,,Km2,,,,,1998,10.0,10.0,1998,10.0,10.0,,,,100000.0,100000.0,,,,,,,"55,6998628053472",,,,
1998-0139-NGA,1998,139,,Natural,Biological,Epidemic,Bacterial disease,,Acute neurological syndrome,Nigeria,NGA,Western Africa,Africa,Adamawa stata,,,,,,,,,Vaccinated,,,,,1998,4.0,8.0,1998,4.0,8.0,39.0,,211.0,,211.0,,,,,,,"55,6998628053472",,,,
1998-0249-NGA,1998,249,,Natural,Hydrological,Flood,,,,Nigeria,NGA,Western Africa,Africa,Jigawa State,,,,,,,,,Km2,,,,,1998,8.0,3.0,1998,8.0,3.0,15.0,,,7000.0,7000.0,,,,,,,"55,6998628053472",,,,
1994-0217-SDN,1994,217,,Natural,Hydrological,Flood,,,,Sudan (the),SDN,Northern Africa,Africa,"El Fasher, Nyala (Darfur state), Hamrat El Wiz (Kordofan state), River Atbara province (Kassala state), Northern state, Khartoum area",,,,,,,85.0,,Km2,,,,,1994,9.0,13.0,1994,9.0,13.0,8.0,,5965.0,,5965.0,,,,,,,"50,6484026622566",,,,
1994-0522-SEN,1994,522,,Natural,Hydrological,Flood,,,,Senegal,SEN,Western Africa,Africa,Saint-Louis region,,,,,,,40.0,,Km2,,,,,1994,10.0,28.0,1994,10.0,28.0,,,,17500.0,17500.0,,,,,,,"50,6484026622566",,,,
1994-0573-SOM,1994,573,,Natural,Hydrological,Flood,Riverine flood,,,Somalia,SOM,Eastern Africa,Africa,South,,,,,,,,,Km2,,,,,1994,11.0,11.0,1994,11.0,11.0,100.0,,,,,,,,,,,"50,6484026622566",,,,
1994-0631-SOM,1994,631,,Natural,Meteorological,Storm,Tropical cyclone,,,Somalia,SOM,Eastern Africa,Africa,Northern,,,,,,,,,Kph,,,,,1994,11.0,,1994,11.0,,30.0,,,,,,,,,,,"50,6484026622566",,,,
1994-0636-TGO,1994,636,,Natural,Hydrological,Flood,,,,Togo,TGO,Western Africa,Africa,Near Mango,,,,,,,,13.0,Km2,,,,,1994,10.0,,1994,10.0,,,,10000.0,1500.0,11500.0,,,,,,,"50,6484026622566",,,,
1994-0304-ZAF,1994,304,,Natural,Meteorological,Storm,Convective storm,Tornado,,South Africa,ZAF,Southern Africa,Africa,Mautse (Orange state),,,,,,,,,Kph,,,,,1994,4.0,,1994,4.0,,2.0,,,2000.0,2000.0,,,,,,,"50,6484026622566",,,,
1994-0632-ZAF,1994,632,,Natural,Hydrological,Flood,,,,South Africa,ZAF,Southern Africa,Africa,"Capetown, Cape Peninsula",,,,,,,,,Km2,,,,,1994,6.0,19.0,1994,6.0,19.0,,,11000.0,,11000.0,,,,,,,"50,6484026622566",,,,
1994-0546-COD,1994,546,,Natural,Hydrological,Flood,Riverine flood,,,Congo (the Democratic Republic of the),COD,Middle Africa,Africa,Bukavu,,,,,,,,,Km2,,,,,1994,10.0,22.0,1994,10.0,22.0,39.0,,,50.0,50.0,,,,,,,"50,6484026622566",,,,
1995-0478-SEN,1995,478,,Natural,Biological,Epidemic,Bacterial disease,,Cholera,Senegal,SEN,Western Africa,Africa,"Louga, Mbacke and Touba Departments (Diourbel Region), Fatick Department (Sine-Saloum Region), St. Louis Department (Fleuve Region) and THies Department (Thies Region)",,,,,No,No,,,Vaccinated,,,,,1995,8.0,,1996,3.0,15.0,188.0,,3031.0,,3031.0,,,,,,,"52,0692986874991",,,,
1995-0317-SOM,1995,317,,Natural,Hydrological,Flood,Riverine flood,,,Somalia,SOM,Eastern Africa,Africa,Mogadishu,,,,,,,235.0,,Km2,,,,,1995,11.0,5.0,1995,11.0,5.0,20.0,,8500.0,,8500.0,,,,,,,"52,0692986874991",,,,
1995-0266-TCD,1995,266,,Natural,Hydrological,Flood,,,,Chad,TCD,Middle Africa,Africa,From Kanem to Moyen-Chari,,,,,,,,,Km2,,,,,1995,8.0,,1995,8.0,,2.0,,40343.0,40343.0,80686.0,,,,,,,"52,0692986874991",,,,
1995-0174-TGO,1995,174,,Natural,Hydrological,Flood,Riverine flood,,,Togo,TGO,Western Africa,Africa,"Adewi, Aflao-Gakali, Aflao-Totsi, Agbalepedo, Akodessewa, Akkosombo, Amoutieve, Ancien Zongo, Atikpa, Auba, Be, Cassablanca, Cabevito, Doulassame, Dzidzole, Evalagnon, Forever, Gbadago, Gbegnedzi, Hanoukope, Kegue, Klikame, Nouveau Zongo, Novissi, Nofaku, Nyekonakpoe",,,,,,,264.0,,Km2,,,,,1995,7.0,3.0,1995,7.0,3.0,3.0,,50000.0,75000.0,125000.0,,,,,,,"52,0692986874991",,,,
1995-0494-TGO,1995,494,,Natural,Hydrological,Flood,Riverine flood,,,Togo,TGO,Western Africa,Africa,"Bassar, Tandjoare, Blitta, Amou, Lacs, Tchamba, Doufelgou, Tchaoudjo, Sotouboua, Ogiu, Haho",Torrential rain,,,,No,No,,,Km2,,,,,1995,8.0,,1995,9.0,,,,60000.0,,60000.0,,,,,,,"52,0692986874991",,,,
1995-0038-TZA,1995,38,,Natural,Hydrological,Flood,Riverine flood,,,"Tanzania, United Republic of",TZA,Eastern Africa,Africa,Mbeya,,,,,,,,,Km2,,,,,1995,3.0,8.0,1995,3.0,8.0,,,1850.0,,1850.0,,,,,,,"52,0692986874991",,,,
1995-0109-TZA,1995,109,,Natural,Hydrological,Flood,Riverine flood,,,"Tanzania, United Republic of",TZA,Eastern Africa,Africa,Dar Es Salaam,,,,,,,,,Km2,,,,,1995,5.0,26.0,1995,5.0,26.0,3.0,,,20000.0,20000.0,,,,,,,"52,0692986874991",,,,
1995-0305-ZAF,1995,305,,Natural,Hydrological,Flood,Flash flood,,,South Africa,ZAF,Southern Africa,Africa,Pietermaritzburg region (Kwazulu Natal Province),Heavy rains,,,Yes,No,No,373.0,26830.0,Km2,,,,"Msunduze, Slangspruit",1995,12.0,25.0,1996,1.0,2.0,207.0,,4500.0,,4500.0,,,,,10000.0,19205.0,"52,0692986874991",,,,
1995-9436-ZAF,1995,9436,,Natural,Climatological,Drought,Drought,,,South Africa,ZAF,Southern Africa,Africa,Nebo District (Northern provinces),,,,,,,,,Km2,,,,,1995,12.0,,1995,,,,,300000.0,,300000.0,,,,,,,"52,0692986874991",,,,
1995-0087-COD,1995,87,,Natural,Biological,Epidemic,Viral disease,,Ebola haemorrhagic fever,Congo (the Democratic Republic of the),COD,Middle Africa,Africa,Kikwit,,,,Yes,,,,,Vaccinated,,,,,1995,5.0,19.0,1995,5.0,19.0,233.0,,,,,,,,,,,"52,0692986874991",,,,
1995-9268-ZMB,1995,9268,,Natural,Climatological,Drought,Drought,,,Zambia,ZMB,Eastern Africa,Africa,"Southern, Western, Central & Eastern Lusaka Provinces",,,,,,,,,Km2,,,,,1995,8.0,,1995,,,,,1273204.0,,1273204.0,,,,,,,"52,0692986874991",,,,
1996-9326-TZA,1996,9326,,Natural,Climatological,Drought,Drought,,,"Tanzania, United Republic of",TZA,Eastern Africa,Africa,"Lake Victoria, North East, Coastal Region",,Food shortage,Water shortage,,No,No,,,Km2,,,,,1996,,,2000,,,,,3000000.0,,3000000.0,,,,,,,"53,5955608540084",,,,
1996-9089-RWA,1996,9089,,Natural,Climatological,Drought,Drought,,,Rwanda,RWA,Eastern Africa,Africa,Ginkongoro,,Food shortage,Famine,,Yes,No,,,Km2,,,,,1996,12.0,,1997,,,,,82000.0,,82000.0,,,,,,,"53,5955608540084",,,,
1996-0473-SOM,1996,473,,Natural,Hydrological,Flood,Riverine flood,,,Somalia,SOM,Eastern Africa,Africa,,Heavy rains,Broken Dam/Burst bank,,,No,No,,,Km2,,,,Shabelle river,1996,6.0,13.0,1996,6.0,14.0,3.0,,100.0,,100.0,,,,,,,"53,5955608540084",,,,
1996-0313-RWA,1996,313,,Natural,Biological,Epidemic,Bacterial disease,,Cholera,Rwanda,RWA,Eastern Africa,Africa,Runda transit camp,,,,,No,No,,,Vaccinated,,,,,1996,11.0,16.0,1996,12.0,13.0,10.0,,106.0,,106.0,,,,,,,"53,5955608540084",,,,
1996-0187-SDN,1996,187,,Natural,Hydrological,Flood,Riverine flood,,,Sudan (the),SDN,Northern Africa,Africa,"White Nile state, Pochallia, Jonglei state, Getina province, Khartoum area",,,,,,,547.0,,Km2,,,,,1996,8.0,13.0,1996,8.0,13.0,52.0,18500.0,46000.0,47700.0,112200.0,,,,,,,"53,5955608540084",,,,
1996-0466-SDN,1996,466,,Natural,Hydrological,Flood,Riverine flood,,,Sudan (the),SDN,Northern Africa,Africa,"Bor, Tonj, Bahr el-Ghazal",Heavy rains,,,,No,No,,,Km2,,,,Nile,1996,10.0,22.0,1996,10.0,26.0,100.0,,,8000.0,8000.0,,,,,,,"53,5955608540084",,,,
1996-0468-SDN,1996,468,,Natural,Hydrological,Flood,Riverine flood,,,Sudan (the),SDN,Northern Africa,Africa,"Daroushab, Dilait, Hassania, Niaa",Heavy rains,,,,No,No,,,Km2,,,,Nile river,1996,9.0,11.0,1996,9.0,15.0,,,200.0,,200.0,,,,,,,"53,5955608540084",,,,
1996-0126-SDN,1996,126,,Natural,Biological,Epidemic,Bacterial disease,,Cholera,Sudan (the),SDN,Northern Africa,Africa,South,,,,,,,,,Vaccinated,,,,,1996,6.0,4.0,1996,6.0,4.0,700.0,,1800.0,,1800.0,,,,,,,"53,5955608540084",,,,
1996-9220-SDN,1996,9220,,Natural,Climatological,Drought,Drought,,,Sudan (the),SDN,Northern Africa,Africa,Beja (Red Sea state),,,,,No,No,,,Km2,,,,,1996,12.0,,1996,,,,,160000.0,,160000.0,,,,,,,"53,5955608540084",,,,
1996-0130-SLE,1996,130,,Natural,Biological,Epidemic,Viral disease,,Lassa fever,Sierra Leone,SLE,Western Africa,Africa,Kailahum and Kenema Districts,unprecedented increase in the rat population,,,,No,No,,,Vaccinated,,,,,1996,1.0,1.0,1996,7.0,26.0,73.0,,173.0,,173.0,,,,,,,"53,5955608540084",,,,
1996-0270-SLE,1996,270,,Natural,Biological,Epidemic,Viral disease,,Lassa fever,Sierra Leone,SLE,Western Africa,Africa,,,,,,,,,,Vaccinated,,,,,1996,11.0,,1996,11.0,,43.0,,310.0,,310.0,,,,,,,"53,5955608540084",,,,
1996-0491-SLE,1996,491,,Natural,Biological,Epidemic,Viral disease,,Lassa fever,Sierra Leone,SLE,Western Africa,Africa,Kenema District,,,,,,,,,Vaccinated,,,,,1996,11.0,,1997,4.0,30.0,110.0,,470.0,,470.0,,,,,,,"53,5955608540084",,,,
1996-0173-SLE,1996,173,,Natural,Hydrological,Flood,,,,Sierra Leone,SLE,Western Africa,Africa,Freetown,,,,,,,,,Km2,,,,,1996,7.0,29.0,1996,7.0,29.0,12.0,,200000.0,,200000.0,,,,,,,"53,5955608540084",,,,
1996-0490-SOM,1996,490,,Natural,Biological,Epidemic,Bacterial disease,,Cholera,Somalia,SOM,Eastern Africa,Africa,"Mogadishu, Merca, Middle Shabelle and Galgaduud Regions",,,,,No,No,,,Vaccinated,,,,,1996,11.0,,1997,6.0,4.0,247.0,,5557.0,,5557.0,,,,,,,"53,5955608540084",,,,
1996-0056-SWZ,1996,56,,Natural,Biological,Epidemic,Parasitic disease,,,Eswatini,SWZ,Southern Africa,Africa,,,,,,No,No,,,Vaccinated,,,,,1996,1.0,,1996,4.0,,80.0,,,,,,,,,,,"53,5955608540084",,,,
1996-0117-TCD,1996,117,,Natural,Biological,Epidemic,Bacterial disease,,Cholera,Chad,TCD,Middle Africa,Africa,N'Djamena region,,,,,No,No,,,Vaccinated,,,,,1996,6.0,3.0,1996,7.0,14.0,94.0,,1317.0,,1317.0,,,,,,,"53,5955608540084",,,,
1996-0210-TGO,1996,210,,Natural,Biological,Epidemic,Bacterial disease,,,Togo,TGO,Western Africa,Africa,"Dapaong, Savanes district (North)",,,,,No,No,,,Vaccinated,,,,,1996,11.0,,1997,4.0,11.0,360.0,,2619.0,,2619.0,,,,,,,"53,5955608540084",,,,
1996-0443-TGO,1996,443,,Natural,Biological,Epidemic,Bacterial disease,,Cholera,Togo,TGO,Western Africa,Africa,,,,,,No,No,,,Vaccinated,,,,,1996,,,1996,,,,,,,,,,,,,,"53,5955608540084",,,,
1996-0218-UGA,1996,218,,Natural,Biological,Epidemic,Bacterial disease,,,Uganda,UGA,Eastern Africa,Africa,,,,,,,,,,Vaccinated,,,,,1996,8.0,28.0,1996,8.0,28.0,20.0,,,,,,,,,,,"53,5955608540084",,,,
1996-0010-ZAF,1996,10,,Natural,Hydrological,Flood,Flash flood,,,South Africa,ZAF,Southern Africa,Africa,Kwazulu-Natal province,,,,,No,No,,,Km2,,,,,1996,1.0,12.0,1996,1.0,14.0,7.0,,,500.0,500.0,,,,,,,"53,5955608540084",,,,
1996-0027-ZAF,1996,27,,Natural,Hydrological,Flood,Riverine flood,,,South Africa,ZAF,Southern Africa,Africa,"Mpumalanga, Gauteng, Free State, North West, Eastern Cape, KwaZulu-Natal provinces",Heavy rains,,,,No,No,,582300.0,Km2,,,,"Vaal, Queens, Crocodile, Limpopo, Olifants, Klein Letaba, Mogolo",1996,2.0,9.0,1996,2.0,19.0,27.0,30.0,7000.0,,7030.0,,,,,6860.0,12800.0,"53,5955608540084",,,,
1996-0275-ZAF,1996,275,,Natural,Hydrological,Landslide,Landslide,,,South Africa,ZAF,Southern Africa,Africa,Dealesville,,,,,,,,,,,,,,1996,11.0,28.0,1996,11.0,28.0,34.0,,,,,,,,,,,"53,5955608540084",,,,
1996-0363-ZAF,1996,363,,Natural,Meteorological,Extreme temperature ,Cold wave,,,South Africa,ZAF,Southern Africa,Africa,Kwazulu Natal,,,,,,,,,°C,,,,,1996,7.0,6.0,1996,7.0,6.0,30.0,,,,,,,,,,,"53,5955608540084",,,,
1996-0055-COD,1996,55,,Natural,Biological,Epidemic,Bacterial disease,,Cholera,Congo (the Democratic Republic of the),COD,Middle Africa,Africa,Kinshasa,,,,,No,No,,,Vaccinated,,,,,1996,3.0,29.0,1996,5.0,29.0,179.0,,821.0,,821.0,,,,,,,"53,5955608540084",,,,
1996-0312-COD,1996,312,,Natural,Biological,Epidemic,Bacterial disease,,Cholera,Congo (the Democratic Republic of the),COD,Middle Africa,Africa,Sake (Goma),,,,,No,No,,,Vaccinated,,,,,1996,11.0,16.0,1996,12.0,13.0,23.0,,1133.0,,1133.0,,,,,,,"53,5955608540084",,,,
1996-0132-ZWE,1996,132,,Natural,Biological,Epidemic,Parasitic disease,,,Zimbabwe,ZWE,Eastern Africa,Africa,,,,,,,,,,Vaccinated,,,,,1996,5.0,23.0,1996,5.0,23.0,1311.0,,500000.0,,500000.0,,,,,,,"53,5955608540084",,,,
1997-0301-UGA,1997,301,,Natural,Hydrological,Flood,Riverine flood,,,Uganda,UGA,Eastern Africa,Africa,"Bundibugyo, Kabarole, Tororo, Mbale, Pallissa, Bugiri and Nebbi Dist.",Heavy rain,"Slide (land, mud, snow, rock)",,,No,No,,20.0,Km2,,,,balaba,1997,11.0,14.0,1997,11.0,28.0,100.0,,150000.0,3500.0,153500.0,,,,,1000.0,1823.0,"54,8484541709928",,,,
1997-9043-TCD,1997,9043,,Natural,Climatological,Drought,Drought,,,Chad,TCD,Middle Africa,Africa,,Lack of rainfall,Crop failure,,,No,No,,,Km2,,,,,1997,,,1997,,,,,356000.0,,356000.0,,,,,,,"54,8484541709928",,,,
1997-0268-SDN,1997,268,,Natural,Hydrological,Flood,Riverine flood,,,Sudan (the),SDN,Northern Africa,Africa,Red Sea State,,,,,,,,,Km2,,,,,1997,10.0,,1997,10.0,,8.0,,100000.0,,100000.0,,,,,,,"54,8484541709928",,,,
1997-0493-SLE,1997,493,,Natural,Biological,Epidemic,Bacterial disease,,,Sierra Leone,SLE,Western Africa,Africa,,,,,,,,,,Vaccinated,,,,,1997,3.0,6.0,1997,3.0,6.0,15.0,,24.0,,24.0,,,,,,,"54,8484541709928",,,,
1997-0519-SLE,1997,519,,Natural,Biological,Epidemic,Viral disease,,Influenza,Sierra Leone,SLE,Western Africa,Africa,Koinadugu district,,,,,,,,,Vaccinated,,,,,1997,12.0,30.0,1997,12.0,30.0,36.0,,2000.0,,2000.0,,,,,,,"54,8484541709928",,,,
1997-0106-SOM,1997,106,,Natural,Hydrological,Flood,Riverine flood,,,Somalia,SOM,Eastern Africa,Africa,"Shebele Valley, Hawardre district north of Mogadishu and Jowhar north of Mogadishu.",Heavy rain,,,,No,No,,,Km2,,,,,1997,5.0,2.0,1997,5.0,7.0,,,2000.0,,2000.0,,,,,,,"54,8484541709928",,,,
1997-0265-SOM,1997,265,,Natural,Hydrological,Flood,Riverine flood,,,Somalia,SOM,Eastern Africa,Africa,"Gedo, Middle, Lower Juba regions",,,,,No,No,15528.0,600.0,Km2,,,,,1997,10.0,19.0,1997,11.0,17.0,2311.0,,1000000.0,230000.0,1230000.0,,,,,,,"54,8484541709928",,,,
1997-0515-SOM,1997,515,,Natural,Biological,Epidemic,Bacterial disease,,Cholera,Somalia,SOM,Eastern Africa,Africa,,,,,,,,,,Vaccinated,,,,,1997,6.0,13.0,1997,6.0,13.0,,,1044.0,,1044.0,,,,,,,"54,8484541709928",,,,
1997-0521-SOM,1997,521,,Natural,Biological,Epidemic,Viral disease,,Rift Valley fever,Somalia,SOM,Eastern Africa,Africa,Southwest of Mogadishu,,,,,,,,,Vaccinated,,,,,1997,10.0,,1997,10.0,,500.0,,,,,,,,,,,"54,8484541709928",,,,
1997-0207-SYC,1997,207,,Natural,Hydrological,Flood,,,,Seychelles,SYC,Eastern Africa,Africa,"Praslin, La Digue, Mahé islands",,,,,,,1038.0,,Km2,,,,,1997,8.0,13.0,1997,8.0,13.0,5.0,2.0,1125.0,110.0,1237.0,,,,,1700.0,3099.0,"54,8484541709928",,,,
1997-0494-TCD,1997,494,,Natural,Biological,Epidemic,Bacterial disease,,,Chad,TCD,Middle Africa,Africa,"Bokoro district, N'djamena",,,,Yes,No,No,,1650000.0,Vaccinated,,,,,1997,12.0,29.0,1998,3.0,22.0,239.0,,2835.0,,2835.0,,,,,,,"54,8484541709928",,,,
1997-0306-TZA,1997,306,,Natural,Hydrological,Flood,Riverine flood,,,"Tanzania, United Republic of",TZA,Eastern Africa,Africa,Tabora region,Heavy rain,,,,No,No,,,Km2,,,,,1997,12.0,20.0,1997,12.0,31.0,37.0,,3028.0,,3028.0,,,,,,,"54,8484541709928",,,,
1997-0262-TZA,1997,262,,Natural,Climatological,Wildfire,"Land fire (Brush, Bush, Pasture)",,,"Tanzania, United Republic of",TZA,Eastern Africa,Africa,Mount Kilimanjaro,,,,,,,373.0,50.0,Km2,,,,,1997,10.0,2.0,1997,10.0,2.0,,,,,,,,,,,,"54,8484541709928",,,,
1997-0129-TZA,1997,129,,Natural,Biological,Epidemic,Bacterial disease,,Cholera,"Tanzania, United Republic of",TZA,Eastern Africa,Africa,Dar es Salaam and Zanzibar,,,,,No,No,,,Vaccinated,,,,,1997,1.0,30.0,1997,12.0,31.0,2025.0,,35591.0,,35591.0,,,,,,,"54,8484541709928",,,,
1997-0516-TZA,1997,516,,Natural,Biological,Epidemic,Bacterial disease,,Cholera,"Tanzania, United Republic of",TZA,Eastern Africa,Africa,,,,,,,,,,Vaccinated,,,,,1997,11.0,21.0,1997,11.0,21.0,304.0,,6759.0,,6759.0,,,,,,,"54,8484541709928",,,,
1997-0049-TZA,1997,49,,Natural,Hydrological,Flood,,,,"Tanzania, United Republic of",TZA,Eastern Africa,Africa,Kilewa district (Coastal area of Southern Tanzania),,,,,,,159.0,,Km2,,,,,1997,4.0,4.0,1997,4.0,4.0,46.0,,5000.0,2104.0,7104.0,,,,,,,"54,8484541709928",,,,
1997-0280-UGA,1997,280,,Natural,Hydrological,Landslide,Landslide,,,Uganda,UGA,Eastern Africa,Africa, Mbale Region,,,,,,,,,,,,,,1997,11.0,23.0,1997,11.0,23.0,20.0,,,,,,,,,,,"54,8484541709928",,,,
1997-0518-UGA,1997,518,,Natural,Biological,Epidemic,Bacterial disease,,Cholera,Uganda,UGA,Eastern Africa,Africa,"Arua and Moyo districts (Northern region), Kamuli and Busia districts (eastern region), Bushenyi, Hoima, Kasese, Kibaale and Masinidi districts (western region)",,,,,No,No,,,Vaccinated,,,,,1997,12.0,30.0,1998,9.0,21.0,,,300.0,,300.0,,,,,,,"54,8484541709928",,,,
1997-0506-UGA,1997,506,,Natural,Biological,Epidemic,Viral disease,,O'NyongNyong fever,Uganda,UGA,Eastern Africa,Africa,Mbarara & Kabalore Districts,,,,,,,,,Vaccinated,,,,,1997,11.0,26.0,1997,11.0,26.0,,,100000.0,,100000.0,,,,,,,"54,8484541709928",,,,
1997-0534-ZAF,1997,534,,Natural,Geophysical,Earthquake,Ground movement,,,South Africa,ZAF,Southern Africa,Africa,Near Stilfontein,,,,,No,No,,5.0,Richter,26.857 S,26.619 E,,,1997,7.0,21.0,1997,7.0,21.0,15.0,46.0,,,46.0,,,,,,,"54,8484541709928",,,,
1997-0033-ZAF,1997,33,,Natural,Hydrological,Flood,,,,South Africa,ZAF,Southern Africa,Africa,Natal Province,,,,,,,,,Km2,,,,,1997,3.0,6.0,1997,3.0,6.0,,7.0,300.0,,307.0,,,,,,,"54,8484541709928",,,,
1997-0313-COD,1997,313,,Natural,Biological,Epidemic,Bacterial disease,,Cholera,Congo (the Democratic Republic of the),COD,Middle Africa,Africa,Kapalata Camp (Haut-Zaire Province),Heavy rains which caused floods and poor sanitary conditions,,,,No,No,,,Vaccinated,,,,,1997,12.0,18.0,1998,1.0,6.0,54.0,,800.0,,800.0,,,,,,,"54,8484541709928",,,,
1997-0485-COD,1997,485,,Natural,Biological,Epidemic,Viral disease,,Monkey pox,Congo (the Democratic Republic of the),COD,Middle Africa,Africa,,,,,,,,,,Vaccinated,,,,,1997,6.0,4.0,1997,6.0,4.0,,,100.0,,100.0,,,,,,,"54,8484541709928",,,,
1997-0543-COD,1997,543,,Natural,Biological,Epidemic,Viral disease,,Monkeypox,Congo (the Democratic Republic of the),COD,Middle Africa,Africa,Katako-Kombe and Lodja (Kasai Oriental),,,,,No,No,,,Vaccinated,,,,,1997,2.0,,1997,10.0,,,,511.0,,511.0,,,,,,,"54,8484541709928",,,,
1997-0295-COD,1997,295,,Natural,Hydrological,Flood,,,,Congo (the Democratic Republic of the),COD,Middle Africa,Africa,Kisangani Region,,,,Yes,,,,,Km2,,,,,1997,12.0,31.0,1997,12.0,31.0,,,26000.0,9506.0,35506.0,,,,,,,"54,8484541709928",,,,
1998-9153-BFA,1998,9153,,Natural,Climatological,Drought,Drought,,,Burkina Faso,BFA,Western Africa,Africa,,,Food shortage,,,No,No,,,Km2,,,,,1998,3.0,,1998,,,,,20700.0,,20700.0,,,,,,,"55,6998628053472",,,,
1998-0369-RWA,1998,369,,Natural,Biological,Epidemic,Bacterial disease,,Cholera,Rwanda,RWA,Eastern Africa,Africa,Cyanguru communes bordering South Kivu,,,,,,,,,Vaccinated,,,,,1998,11.0,6.0,1998,11.0,6.0,55.0,,2951.0,,2951.0,,,,,,,"55,6998628053472",,,,
1998-0251-SDN,1998,251,,Natural,Hydrological,Flood,Riverine flood,,,Sudan (the),SDN,Northern Africa,Africa,"North, River Nile, White Nile, Kassala, Gedaref, Sinnar, North Kordofan, Khartoum states",Heavy rain,,,Yes,No,No,2193.0,1700.0,Km2,,,,Nile Gash and Atbara rivers,1998,8.0,28.0,1998,9.0,10.0,103.0,,900000.0,100000.0,1000000.0,,,,,40000.0,71813.0,"55,6998628053472",,,,
1998-0150-SDN,1998,150,,Natural,Biological,Epidemic,,,,Sudan (the),SDN,Northern Africa,Africa,Um Kuraa (Gedaref state),,,,,,,,,Vaccinated,,,,,1998,5.0,27.0,1998,5.0,27.0,39.0,,3.0,,3.0,,,,,,,"55,6998628053472",,,,
1998-0274-SDN,1998,274,,Natural,Biological,Epidemic,,,Acute diarrhoeal syndrome,Sudan (the),SDN,Northern Africa,Africa,"Wau, Bahr El Ghazal province",,,,,,,,,Vaccinated,,,,,1998,8.0,1.0,1998,8.0,1.0,1373.0,,,,,,,,,,,"55,6998628053472",,,,
1998-0335-SDN,1998,335,,Natural,Biological,Epidemic,,,Acute respiratory syndrome,Sudan (the),SDN,Northern Africa,Africa,"Kashipo village, Boma Eastern Equatoria. Meyon (southern Sudan)",,,,,No,No,,,Vaccinated,,,,,1998,7.0,,1998,9.0,,107.0,,2000.0,,2000.0,,,,,,,"55,6998628053472",,,,
1998-0138-SEN,1998,138,,Natural,Biological,Epidemic,Bacterial disease,,,Senegal,SEN,Western Africa,Africa,"Kaolack, Fatick and Kolda, Diourbel",,,,,No,No,,,Vaccinated,,,,,1998,10.0,23.0,1999,2.0,28.0,372.0,,2709.0,,2709.0,,,,,,,"55,6998628053472",,,,
1998-0358-SEN,1998,358,,Natural,Hydrological,Flood,,,,Senegal,SEN,Western Africa,Africa,"St Louis, Tambacounda, Kaolack, Kolda",,,,,,,,4.0,Km2,,,,,1998,7.0,,1998,7.0,,,,300000.0,,300000.0,,,,,,,"55,6998628053472",,,,
1998-0268-SLE,1998,268,,Natural,Biological,Epidemic,Bacterial disease,,Cholera,Sierra Leone,SLE,Western Africa,Africa,Freetown,,,,,No,No,,,Vaccinated,,,,,1998,9.0,9.0,1998,9.0,23.0,55.0,,1770.0,,1770.0,,,,,,,"55,6998628053472",,,,
1998-0049-SOM,1998,49,,Natural,Biological,Epidemic,Bacterial disease,,Cholera,Somalia,SOM,Eastern Africa,Africa,Districts In The Southern Part,,,,,,,,,Vaccinated,,,,,1998,2.0,17.0,1998,2.0,17.0,248.0,,6704.0,,6704.0,,,,,,,"55,6998628053472",,,,
1998-0323-TCD,1998,323,,Natural,Hydrological,Flood,,,,Chad,TCD,Middle Africa,Africa,,,,,Yes,,,,,Km2,,,,,1998,9.0,1.0,1998,9.0,1.0,,,,1000.0,1000.0,,,,,,,"55,6998628053472",,,,
1998-0342-TGO,1998,342,,Natural,Biological,Epidemic,Bacterial disease,,Cholera,Togo,TGO,Western Africa,Africa,,,,,,No,No,,,Vaccinated,,,,,1998,9.0,23.0,1998,9.0,23.0,239.0,,3669.0,,3669.0,,,,,,,"55,6998628053472",,,,
1998-0409-TGO,1998,409,,Natural,Hydrological,Flood,,,,Togo,TGO,Western Africa,Africa,"Lacs, Oti, Kpendjal prefectures",,,,,,,,,Km2,,,,,1998,10.0,,1998,10.0,,,,30405.0,,30405.0,,,,,,,"55,6998628053472",,,,
1998-0096-TZA,1998,96,,Natural,Hydrological,Flood,Flash flood,,,"Tanzania, United Republic of",TZA,Eastern Africa,Africa,Mbuguni,,,,,,,,,Km2,,,,,1998,4.0,8.0,1998,4.0,8.0,56.0,,,,,,,,,,,"55,6998628053472",,,,
1998-0112-TZA,1998,112,,Natural,Hydrological,Flood,Flash flood,,,"Tanzania, United Republic of",TZA,Eastern Africa,Africa,"Kinondoni, Dala, Temeke districts (Dar Es Salam)",Brief torrential rain,,,,No,No,732.0,12.0,Km2,,,,"Kinondoni, Dala, Temeke, Nakasangwe",1998,4.0,27.0,1998,5.0,4.0,5.0,,4600.0,,4600.0,,,,,,,"55,6998628053472",,,,
1998-0128-TZA,1998,128,,Natural,Biological,Epidemic,Bacterial disease,,Cholera,"Tanzania, United Republic of",TZA,Eastern Africa,Africa,,,,,,,,,,Vaccinated,,,,,1998,1.0,1.0,1998,1.0,1.0,1871.0,,35824.0,,35824.0,,,,,,,"55,6998628053472",,,,
1998-0146-TZA,1998,146,,Natural,Biological,Epidemic,Parasitic disease,,,"Tanzania, United Republic of",TZA,Eastern Africa,Africa,Sumbawanga district,,,,,,,,,Vaccinated,,,,,1998,5.0,13.0,1998,5.0,13.0,590.0,,4853.0,,4853.0,,,,,,,"55,6998628053472",,,,
1998-0240-UGA,1998,240,,Natural,Hydrological,Flood,Riverine flood,,,Uganda,UGA,Eastern Africa,Africa, Lake Kyoga,,,,,,,,,Km2,,,,,1998,7.0,31.0,1998,7.0,31.0,,,13000.0,2200.0,15200.0,,,,,,,"55,6998628053472",,,,
1998-0129-UGA,1998,129,,Natural,Biological,Epidemic,Bacterial disease,,Cholera,Uganda,UGA,Eastern Africa,Africa,"Wajir, Garissa districts",,,,,No,No,,,Vaccinated,,,,,1998,1.0,7.0,1998,1.0,7.0,30.0,,600.0,,600.0,,,,,,,"55,6998628053472",,,,
1998-0413-ZAF,1998,413,,Natural,Meteorological,Storm,Convective storm,Tornado,,South Africa,ZAF,Southern Africa,Africa,Umtata,,,,,No,No,,,Kph,,,,,1998,12.0,15.0,1998,12.0,15.0,18.0,160.0,,,160.0,,,,,165000.0,296231.0,"55,6998628053472",,,,
1998-0133-COD,1998,133,,Natural,Biological,Epidemic,Bacterial disease,,Cholera,Congo (the Democratic Republic of the),COD,Middle Africa,Africa,BUnia (ORiental province) and BUkavu (Sud-Kivu province),,,,,No,No,,,Vaccinated,,,,,1998,1.0,,1998,5.0,19.0,746.0,,9605.0,,9605.0,,,,,,,"55,6998628053472",,,,
1998-0134-COD,1998,134,,Natural,Biological,Epidemic,Bacterial disease,,,Congo (the Democratic Republic of the),COD,Middle Africa,Africa,"Tembo, Kikwit, Kingwagala and Kahemba (Bandunda Region close to Angola)",coincided with the return of over 9000 Congolese citizen from Angola,,,,No,No,,,Vaccinated,,,,,1998,1.0,2.0,1998,1.0,25.0,32.0,,114.0,,114.0,,,,,,,"55,6998628053472",,,,
1998-0145-COD,1998,145,,Natural,Biological,Epidemic,Bacterial disease,,Cholera,Congo (the Democratic Republic of the),COD,Middle Africa,Africa,"South Kivu, North Kivu, Oriental province",,,,,,,,,Vaccinated,,,,,1998,4.0,,1998,4.0,,115.0,,3962.0,,3962.0,,,,,,,"55,6998628053472",,,,
1998-0334-COD,1998,334,,Natural,Biological,Epidemic,Bacterial disease,,Cholera,Congo (the Democratic Republic of the),COD,Middle Africa,Africa,Shabunda (South Kivu),,,,,,,,,Vaccinated,,,,,1998,10.0,,1998,10.0,,30.0,,,,,,,,,,,"55,6998628053472",,,,
1998-0336-COD,1998,336,,Natural,Biological,Epidemic,Bacterial disease,,Meningococcal disease,Congo (the Democratic Republic of the),COD,Middle Africa,Africa,Bobozo Camp (Kananga),,,,,No,No,,11000.0,Vaccinated,,,,,1998,9.0,19.0,1998,12.0,4.0,79.0,,203.0,,203.0,,,,,,,"55,6998628053472",,,,
1998-0053-ZMB,1998,53,,Natural,Hydrological,Flood,,,,Zambia,ZMB,Eastern Africa,Africa,Northern,,,,,,,,,Km2,,,,,1998,2.0,6.0,1998,2.0,6.0,,,1300000.0,,1300000.0,,,,,20700.0,37163.0,"55,6998628053472",,,,
1998-0337-ZWE,1998,337,,Natural,Biological,Epidemic,Bacterial disease,,Meningococcal disease,Zimbabwe,ZWE,Eastern Africa,Africa,Harare,,,,,,,,,Vaccinated,,,,,1998,10.0,7.0,1998,10.0,7.0,10.0,,42.0,,42.0,,,,,,,"55,6998628053472",,,,
1999-0467-AGO,1999,467,,Natural,Biological,Epidemic,Bacterial disease,,,Angola,AGO,Middle Africa,Africa,Yambala (Benguela Province),,,,,No,No,,,Vaccinated,,,,,1999,8.0,,1999,10.0,,147.0,,253.0,,253.0,,,,,,,"56,9185870408555",,,,
1999-0468-AGO,1999,468,,Natural,Biological,Epidemic,Viral disease,,Polio,Angola,AGO,Middle Africa,Africa,Luanda,,,,,No,No,,634000.0,Vaccinated,,,,,1999,1.0,1.0,1999,4.0,27.0,41.0,,620.0,,620.0,,,,,,,"56,9185870408555",,,,
1999-0135-BDI,1999,135,,Natural,Meteorological,Storm,Convective storm,Hail,,Burundi,BDI,Eastern Africa,Africa,Kayanza Prov,,,,,,,,,Kph,,,,,1999,3.0,,1999,3.0,,,,30810.0,,30810.0,,,,,,,"56,9185870408555",,,,
1999-0632-BDI,1999,632,,Natural,Biological,Epidemic,Bacterial disease,,Cholera,Burundi,BDI,Eastern Africa,Africa,Bujumbura (Kabezi & Ruziba Camps),,,,,,,,,Vaccinated,,,,,1999,11.0,20.0,1999,11.0,20.0,29.0,,400.0,,400.0,,,,,,,"56,9185870408555",,,,
1999-0470-BDI,1999,470,,Natural,Biological,Epidemic,Parasitic disease,,,Burundi,BDI,Eastern Africa,Africa,"All provinces e.g. Karusi, Rutoke, Mutoyi",,,,,No,No,,,Vaccinated,,,,,1999,1.0,,1999,5.0,,51.0,,616034.0,,616034.0,,,,,,,"56,9185870408555",,,,
1999-9388-BDI,1999,9388,,Natural,Climatological,Drought,Drought,,,Burundi,BDI,Eastern Africa,Africa,"Bugabira, Busoni, Kirundo, Ntega districts (Kirundo province), Gihanga district (Bubanza province), Rumonge district (Bururi province), Buganda, Rugombo districts (Cibitoke province), Gitega, Ruyigi, Karuzi, Rutana, Makamba, Muyinga, Cankuzo provinces",,,,,,,,,Km2,,,,,1999,10.0,,2001,,,6.0,,650000.0,,650000.0,,,,,,,"56,9185870408555",1;2,40546;40548;40549;40552;40554;40557;40558,40596;40605;40610;40638;40639;40642;40643;48356,"Cankuzo, Gitega, Karuzi, Makamba, Muyinga, Rutana, Ruyigi (Adm1). Bugabira, Buganda, Busoni, Gihanga, Kirundo, Ntega, Rugombo, Rumonge (Adm2). "
1999-0402-BEN,1999,402,,Natural,Hydrological,Flood,,,,Benin,BEN,Western Africa,Africa,"Djidja, Zangnanado, Bante, Ouesse, Zogbodome, Bohicon",,,,,,,,,Km2,,,,,1999,7.0,,1999,7.0,,3.0,,47000.0,10469.0,57469.0,,,,,215.0,378.0,"56,9185870408555",,,,
1999-0469-BEN,1999,469,,Natural,Biological,Epidemic,,,Acute watery diarrhoeal syndrome,Benin,BEN,Western Africa,Africa,Allada District,,,,,,,,,Vaccinated,,,,,1999,7.0,,1999,7.0,,9.0,,241.0,,241.0,,,,,,,"56,9185870408555",,,,
1999-0295-BFA,1999,295,,Natural,Hydrological,Flood,Flash flood,,,Burkina Faso,BFA,Western Africa,Africa,"Oudalan, North Loroum, West Tuy, Sanguie, Oubritenga Provinces",,,,,,,,,Km2,,,,,1999,8.0,,1999,8.0,,6.0,,800.0,760.0,1560.0,,,,,,,"56,9185870408555",,,,
1999-0306-CAF,1999,306,,Natural,Hydrological,Flood,,,,Central African Republic,CAF,Middle Africa,Africa,Bangui,,,,,,,,,Km2,,,,,1999,8.0,,1999,8.0,,,,,12000.0,12000.0,,,,,,,"56,9185870408555",,,,
1999-0413-CAF,1999,413,,Natural,Hydrological,Flood,,,,Central African Republic,CAF,Middle Africa,Africa,"Bangui, Nola, Batangafo, Begoua, Lobaye, Bimbo, Mpoko-Bac, Sibut, Paoua, Damara, Bouca",,,,,,,,,Km2,,,,,1999,10.0,25.0,1999,10.0,25.0,,,20000.0,13919.0,33919.0,,,,,,,"56,9185870408555",,,,
1999-0712-CAF,1999,712,,Natural,Biological,Epidemic,,,,Central African Republic,CAF,Middle Africa,Africa,"Vakaga, Bamingui-Bangoran, Haute Katto, Ouham Pende",,,,,No,No,,,Vaccinated,,,,,1999,10.0,26.0,2000,1.0,,14.0,,86.0,,86.0,,,,,,,"56,9185870408555",,,,
2000-0002-AGO,2000,2,,Natural,Hydrological,Flood,Riverine flood,,,Angola,AGO,Middle Africa,Africa,"Dombre Grande village (Baia Farta district, Benguela province), Massangano village (Cambambe district, Kuanza Norte province)",Heavy rain,,,,,Yes,,47000.0,Km2,,,,"Coporolo, Kwanza, Lucala",2000,1.0,8.0,2000,1.0,15.0,31.0,,70000.0,,70000.0,,,,,10000.0,16995.0,"58,8406484917497",2,,4214;4291,"Baia Farta, Cambambe (Adm2). "
2000-0657-AGO,2000,657,,Natural,Hydrological,Landslide,Landslide,,,Angola,AGO,Middle Africa,Africa,"Chassuala village (Saurimo district, Lunda-Sul province)",,,,,,,,,,,,,,2000,10.0,9.0,2000,10.0,9.0,13.0,,,,,,,,,,,"58,8406484917497",2,,4313,Saurimo (Adm2). 
2000-0571-AGO,2000,571,,Natural,Biological,Epidemic,Bacterial disease,,Meningococcal disease,Angola,AGO,Middle Africa,Africa,"Bie, Lunda Sul, Benguela",,,,,,,,,Vaccinated,,,,,2000,8.0,,2000,8.0,,18.0,,117.0,,117.0,,,,,,,"58,8406484917497",,,,
2000-0152-AGO,2000,152,,Natural,Hydrological,Flood,,,,Angola,AGO,Middle Africa,Africa,"Caxito village (Dande district, Bengo province)",,,,,,,,,Km2,,,,,2000,3.0,27.0,2000,3.0,27.0,3.0,,,6000.0,6000.0,,,,,,,"58,8406484917497",2,,4208,Dande (Adm2). 
2000-0193-AGO,2000,193,,Natural,Hydrological,Flood,,,,Angola,AGO,Middle Africa,Africa,Porto Amboim district (Cuanza Sul province),,,,,,,,,Km2,,,,,2000,4.0,10.0,2000,4.0,10.0,1.0,,,3000.0,3000.0,,,,,,,"58,8406484917497",2,,4251,Porto Amboim (Adm2). 
2000-0260-AGO,2000,260,,Natural,Hydrological,Flood,,,,Angola,AGO,Middle Africa,Africa,Ganda district (Benguela province),,,,,,,,,Km2,,,,,2000,5.0,3.0,2000,5.0,3.0,11.0,11.0,,,11.0,,,,,,,"58,8406484917497",2,,4221,Ganda (Adm2). 
2000-0393-BDI,2000,393,,Natural,Biological,Epidemic,Bacterial disease,,Typhoid fever,Burundi,BDI,Eastern Africa,Africa,Bururi province,,,,,No,No,,,Vaccinated,,,,,2000,5.0,,2000,6.0,,,100.0,,,100.0,,,,,,,"58,8406484917497",,,,
2000-0823-BDI,2000,823,,Natural,Biological,Epidemic,Parasitic disease,,,Burundi,BDI,Eastern Africa,Africa,"Mwaro, Gitega, Karuzi, Ngozi, Cibitoke provinces",,,,,,,,,Vaccinated,,,,,2000,10.0,,2000,10.0,,308.0,,722591.0,,722591.0,,,,,,,"58,8406484917497",,,,
2000-0239-BDI,2000,239,,Natural,Biological,Epidemic,Viral disease,,,Burundi,BDI,Eastern Africa,Africa,"Bujumbura, Bubanza, Bururi, Cibitoki, Makamba, Mwara",,,,,,,,,Vaccinated,,,,,2000,9.0,,2000,9.0,,,,8000.0,,8000.0,,,,,,,"58,8406484917497",,,,
2000-0835-BDI,2000,835,,Natural,Hydrological,Flood,,,,Burundi,BDI,Eastern Africa,Africa,"Bujumbura Rural, Bujumbura Mairie provinces",,,,,,,,,Km2,,,,,2000,12.0,27.0,2000,12.0,27.0,,,,500.0,500.0,,,,,,,"58,8406484917497",1,40543;40544,,"Bujumbura Mairie, Bujumbura Rural (Adm1). "
2000-0183-BEN,2000,183,,Natural,Biological,Epidemic,Bacterial disease,,Acute neurological syndrome,Benin,BEN,Western Africa,Africa,"Sinende, Gogounou, Borgou district",,,,,,,,,Vaccinated,,,,,2000,3.0,,2000,3.0,,15.0,,95.0,,95.0,,,,,,,"58,8406484917497",,,,
2000-0198-BEN,2000,198,,Natural,Biological,Epidemic,Bacterial disease,,,Benin,BEN,Western Africa,Africa,Atacora and Borgou districts,,,,,,,,,Vaccinated,,,,,2000,2.0,,2000,2.0,,36.0,,435.0,,435.0,,,,,,,"58,8406484917497",,,,
2000-0878-BEN,2000,878,,Natural,Biological,Epidemic,Bacterial disease,,Meningococcal disease,Benin,BEN,Western Africa,Africa,"Alibori, Borgou, Atacora, Donga departments",,,,Yes,,,,,Vaccinated,,,,,2000,10.0,16.0,2000,10.0,16.0,300.0,,7232.0,,7232.0,,,,,,,"58,8406484917497",,,,
2000-0048-BWA,2000,48,,Natural,Hydrological,Flood,Riverine flood,,,Botswana,BWA,Southern Africa,Africa,"Boteti, Bobirwa, Mahalapye, Palapye, Selibe-Phikwe, Serowe areas (Central province), Francistowa city (North East province), Gaborone, Tlokweng, Lobaste, Mabutsane areas (South-East province), Kgatleng, Kgalagadi, Kweneng provinces",,,,Yes,,,316.0,,Km2,,,,,2000,2.0,,2000,2.0,,3.0,,106776.0,32000.0,138776.0,,,,,5000.0,8498.0,"58,8406484917497",1,654;657;658;659;661;662,,"Central, Kgalagadi, Kgatleng, Kweneng, North East, South-East (Adm1). "
2000-0182-CAF,2000,182,,Natural,Biological,Epidemic,Bacterial disease,,,Central African Republic,CAF,Middle Africa,Africa,"Ouaham-Pende, Haute Kotto, Bangui",,,,Yes,,,,45600.0,Vaccinated,,,,,2000,3.0,,2000,3.0,,108.0,,712.0,,712.0,,,,,,,"58,8406484917497",,,,
2000-0461-CAF,2000,461,,Natural,Biological,Epidemic,Bacterial disease,,Meningococcal disease,Central African Republic,CAF,Middle Africa,Africa,Basse-Kotto,,,,,,,,,Vaccinated,,,,,2000,7.0,,2000,7.0,,40.0,,160.0,,160.0,,,,,,,"58,8406484917497",,,,
2000-0341-CAF,2000,341,,Natural,Biological,Epidemic,Viral disease,,,Central African Republic,CAF,Middle Africa,Africa,Oudda-Djalle,,,,,,,,,Vaccinated,,,,,2000,5.0,,2000,5.0,,300.0,,1700.0,,1700.0,,,,,,,"58,8406484917497",,,,
2001-0021-AGO,2001,21,,Natural,Hydrological,Flood,,,,Angola,AGO,Middle Africa,Africa,Kuito district (Bie province),,,,,,,,,Km2,,,,,2001,1.0,15.0,2001,1.0,15.0,9.0,5.0,,,5.0,,,,,,,"60,5035788853056",2,,4230,Kuito (Adm2). 
2001-0063-BFA,2001,63,,Natural,Biological,Epidemic,Bacterial disease,,Meningococcal disease,Burkina Faso,BFA,Western Africa,Africa,"Dano, Koupela, Bogandé, Gaoua, Ouagadougou",,,,Yes,No,No,,700000.0,Vaccinated,,,,,2001,1.0,1.0,2001,4.0,15.0,1525.0,,9372.0,,9372.0,,,,,,,"60,5035788853056",,,,
2001-0097-CAF,2001,97,,Natural,Meteorological,Storm,,,,Central African Republic,CAF,Middle Africa,Africa,Bangui district (Bangui province),,,,,,,,,Kph,,,,,2001,3.0,,2001,3.0,,3.0,,,3000.0,3000.0,,,,,,,"60,5035788853056",2,,67155,Bangui (Adm2). 
1998-9346-CPV,1998,9346,,Natural,Climatological,Drought,Drought,,,Cabo Verde,CPV,Western Africa,Africa,"Praia (Santiago Isl.), Fogo Isl., San Vicente, San Nicolau and Sal.",,Food shortage,Famine,,No,No,,,Km2,,,,,1998,3.0,,1998,,,,,10000.0,,10000.0,,,,,,,"55,6998628053472",,,,
1998-9330-GIN,1998,9330,,Natural,Climatological,Drought,Drought,,,Guinea,GIN,Western Africa,Africa,,,Food shortage,,,No,No,,,Km2,,,,,1998,2.0,,1998,2.0,,12.0,,,,,,,,,,,"55,6998628053472",,,,
1998-0592-COM,1998,592,,Natural,Biological,Epidemic,Bacterial disease,,Cholera,Comoros (the),COM,Eastern Africa,Africa,Grande Comore and Mayotte islands,,,,Yes,No,No,,,Vaccinated,,,,,1998,2.0,16.0,1998,8.0,,40.0,,3200.0,,3200.0,,,,,,,"55,6998628053472",,,,
1998-0567-DJI,1998,567,,Natural,Biological,Epidemic,Parasitic disease,,,Djibouti,DJI,Eastern Africa,Africa,"Tadjourah, Ali Sabieh, Dikhil districts",,,,Yes,,,,,Vaccinated,,,,,1998,12.0,,1998,12.0,,43.0,,2000.0,,2000.0,,,,,,,"55,6998628053472",,,,
1998-9237-ETH,1998,9237,,Natural,Climatological,Drought,Drought,,,Ethiopia,ETH,Eastern Africa,Africa,,,,,,No,No,,,Km2,,,,,1998,7.0,,1998,,,,,,,,,,,,15600.0,28007.0,"55,6998628053472",,,,
1998-0597-KEN,1998,597,,Natural,Biological,Epidemic,Bacterial disease,,Cholera,Kenya,KEN,Eastern Africa,Africa,"Nyanza, Eastern, Rift Valley and Nairobi provinces",,,,,No,No,,,Vaccinated,,,,,1998,12.0,27.0,1999,1.0,19.0,27.0,,1025.0,,1025.0,,,,,,,"55,6998628053472",,,,
1998-0443-KEN,1998,443,,Natural,Hydrological,Flood,,,,Kenya,KEN,Eastern Africa,Africa,Lac Victoria,,,,,,,,,Km2,,,,,1998,5.0,,1998,5.0,,40.0,,,200.0,200.0,,,,,,,"55,6998628053472",,,,
1998-0563-MLI,1998,563,,Natural,Hydrological,Flood,,,,Mali,MLI,Western Africa,Africa,"Koulikoro, Kayes",,,,,,,,,Km2,,,,,1998,9.0,,1998,9.0,,,,,4650.0,4650.0,,,,,,,"55,6998628053472",,,,
1998-0594-MOZ,1998,594,,Natural,Biological,Epidemic,Bacterial disease,,Cholera,Mozambique,MOZ,Eastern Africa,Africa,Beira,,,,Yes,No,No,,,Vaccinated,,,,,1998,1.0,25.0,1998,2.0,9.0,109.0,,2000.0,,2000.0,,,,,,,"55,6998628053472",,,,
1998-9620-MOZ,1998,9620,,Natural,Climatological,Drought,Drought,,,Mozambique,MOZ,Eastern Africa,Africa,"Maputo, Gaza, Inhame (south)",,,,,No,No,,,Km2,,,,,1998,4.0,,1999,,,,,,,,,,,,,,"55,6998628053472",,,,
1998-0558-MRT,1998,558,,Natural,Biological,Epidemic,Viral disease,,Rift Valley fever,Mauritania,MRT,Western Africa,Africa,"Hodh El Gharbi, Aioun aera",,,,,No,No,,,Vaccinated,,,,,1998,9.0,15.0,1998,10.0,25.0,6.0,,344.0,,344.0,,,,,,,"55,6998628053472",,,,
1998-9028-NAM,1998,9028,,Natural,Climatological,Drought,Drought,,,Namibia,NAM,Southern Africa,Africa,,,,,,No,No,,,Km2,,,,,1998,12.0,,1999,,,,,25000.0,,25000.0,,,,,1000.0,1795.0,"55,6998628053472",,,,
1999-0370-NGA,1999,370,,Natural,Hydrological,Flood,Riverine flood,,,Nigeria,NGA,Western Africa,Africa,"Sokoto state (Nord-Ouest), Adamawa, Borno (Nord-Est), Niger (Centre), Kwara (Centre-Ouest)",Heavy rain,Broken Dam/Burst bank,,,No,No,,,Km2,,,,"Niger, Kaduna and Benue rivers",1999,9.0,15.0,1999,10.0,10.0,39.0,,80000.0,10000.0,90000.0,,,,,,,"56,9185870408555",,,,
1999-9629-MUS,1999,9629,,Natural,Climatological,Drought,Drought,,,Mauritius,MUS,Eastern Africa,Africa,Nationwide,,Water shortage,,,No,No,,,Km2,,,,,1999,1.0,,1999,4.0,,,,,,,,,,,175000.0,307457.0,"56,9185870408555",,,,
1999-9388-ERI,1999,9388,,Natural,Climatological,Drought,Drought,,,Eritrea,ERI,Eastern Africa,Africa,"Anseba, Debubawi Keih Bahri, Semenawi Keih Bahri provinces",,Food shortage,,,,,,,Km2,,,,,1999,10.0,,2003,,,,,2300000.0,,2300000.0,,,,,,,"56,9185870408555",1,1205;1208;1211,,"Anseba, Debubawi Keih Bahri, Semenawi Keih Bahri (Adm1). "
1999-9388-ETH,1999,9388,,Natural,Climatological,Drought,Drought,,,Ethiopia,ETH,Eastern Africa,Africa,"North Wollo, South Wollo, Oromia, Wag Himra districts (Amhara province), Southern district (Tigray province), Beneshangul Gumu, Gambela, Oromia, SNNPR, Somali provinces",,Food shortage,,Yes,,,,,Km2,,,,,1999,9.0,,2000,12.0,,,,4900000.0,,4900000.0,,,,,,,"56,9185870408555",1;2,1230;1232;1236;47678;47679,40799;40800;40803;149281;149298,"Beneshangul Gumu, Gambela, Oromia, SNNPR, Somali (Adm1). North Wollo, Oromia, South Wollo, Southern, Wag Himra (Adm2). "
1999-9388-KEN,1999,9388,,Natural,Climatological,Drought,Drought,,,Kenya,KEN,Eastern Africa,Africa,"Nyandarua, Nyeri districts (Central province), Kilifi, Kwale, Lamu, Taita Taveta, Tana River districts (Coast province), Isiolo, Kitui, Machakos, Makueni, Marsabit, Mbeere, Moyale, Mwingi, Tharaka districts (Eastern province), Garissa, Mandera, Wajir districts (North Eastern province), Baringo, Kajiado, Keiyo, Laikipia, Marakwet, Samburu, Trans Mara, Turkana, West Pokot districts (Rift Valley province)",,Food shortage,,,Yes,Yes,6498.0,,Km2,,,,,1999,12.0,,2002,,,85.0,,23000000.0,,23000000.0,,,,,,,"56,9185870408555",2,,51337;51338;51340;51341;51342;51345;51346;51348;51349;51350;51351;51352;51353;51357;51358;51359;51361;51363;51364;51377;51380;51381;51384;51385;51389;51390;51392;51394,"Baringo, Garissa, Isiolo, Kajiado, Keiyo, Kilifi, Kitui, Kwale, Laikipia, Lamu, Machakos, Makueni, Mandera, Marakwet, Marsabit, Mbeere, Moyale, Mwingi, Nyandarua, Nyeri, Samburu, Taita Taveta, Tana River, Tharaka, Trans Mara, Turkana, Wajir, West Pokot (Adm2). "
1999-0100-CMR,1999,100,,Natural,Geophysical,Volcanic activity,Ash fall,,Mont Cameroon,Cameroon,CMR,Middle Africa,Africa,"Idenau, Bakingili, Batoke",,,,Yes,No,No,,,,4.2 N,9.17 E,,,1999,4.0,4.0,1999,4.0,4.0,,,2500.0,510.0,3010.0,,,,,,,"56,9185870408555",,,,
1999-0472-CMR,1999,472,,Natural,Biological,Epidemic,Bacterial disease,,,Cameroon,CMR,Middle Africa,Africa,,,,,,,,,,Vaccinated,,,,,1999,1.0,1.0,1999,1.0,1.0,14.0,,105.0,,105.0,,,,,,,"56,9185870408555",,,,
1999-0294-CMR,1999,294,,Natural,Hydrological,Flood,,,,Cameroon,CMR,Middle Africa,Africa,"Wouro-Haoussa, Demsa",,,,,,,,,Km2,,,,,1999,8.0,,1999,8.0,,24.0,,,1000.0,1000.0,,,,,,,"56,9185870408555",,,,
1999-0473-COG,1999,473,,Natural,Biological,Epidemic,Bacterial disease,,Cholera,Congo (the),COG,Middle Africa,Africa,Kisangani,,,,,,,,,Vaccinated,,,,,1999,9.0,,1999,9.0,,15.0,,99.0,,99.0,,,,,,,"56,9185870408555",,,,
1999-0442-COG,1999,442,,Natural,Hydrological,Flood,,,,Congo (the),COG,Middle Africa,Africa,Central and Western Cuvette Regions,,,,,,,,70.0,Km2,,,,,1999,10.0,,1999,10.0,,2.0,,40000.0,2000.0,42000.0,,,,,,,"56,9185870408555",,,,
1999-0633-COM,1999,633,,Natural,Biological,Epidemic,Bacterial disease,,Cholera,Comoros (the),COM,Eastern Africa,Africa,"Domoni, Anjouan Island",,,,Yes,No,No,,,Vaccinated,,,,,1999,11.0,11.0,1999,12.0,17.0,14.0,,140.0,,140.0,,,,,,,"56,9185870408555",,,,
1999-9388-DJI,1999,9388,,Natural,Climatological,Drought,Drought,,,Djibouti,DJI,Eastern Africa,Africa,"Ali Sabieh, Dikhil, Djibouti, Obock, Tadjourah provinces",,,,Yes,,,1556.0,,Km2,,,,,2001,6.0,,2001,,,,,100000.0,,100000.0,,,,,,,"56,9185870408555",1,1093;1094;1095;1096;1097,,"Ali Sabieh, Dikhil, Djibouti, Obock, Tadjourah (Adm1). "
1999-0561-DZA,1999,561,,Natural,Geophysical,Earthquake,Ground movement,,,Algeria,DZA,Northern Africa,Africa,Aïn Témuchent,,,,,,,15.0,6.0,Richter,35.321,-1.281,18:37,,1999,12.0,22.0,1999,12.0,22.0,22.0,175.0,,15000.0,15175.0,,,,,60929.0,107046.0,"56,9185870408555",,,,
1999-0040-DZA,1999,40,,Natural,Hydrological,Flood,,,,Algeria,DZA,Northern Africa,Africa,Adrar Province,,,,,,,,,Km2,,,,,1999,1.0,14.0,1999,1.0,14.0,12.0,2.0,,700.0,702.0,,,,,,,"56,9185870408555",,,,
1999-0431-ETH,1999,431,,Natural,Hydrological,Flood,Flash flood,,,Ethiopia,ETH,Eastern Africa,Africa,"Mustahil, Kefalo (Ogaden region of South-East Ethiopia)",Brief torrential rain,,,,No,No,,40.0,Km2,,,,Wabe Shebelle River,1999,10.0,30.0,1999,11.0,2.0,34.0,,,79000.0,79000.0,,,,,,,"56,9185870408555",,,,
1999-0351-ETH,1999,351,,Natural,Hydrological,Flood,Riverine flood,,,Ethiopia,ETH,Eastern Africa,Africa,Iowlands,Heavy rain,,,,No,No,,35.0,Km2,,,,Awash,1999,8.0,23.0,1999,9.0,9.0,,,6755.0,,6755.0,,,,,2700.0,4744.0,"56,9185870408555",,,,
1999-0476-ETH,1999,476,,Natural,Biological,Epidemic,Bacterial disease,,,Ethiopia,ETH,Eastern Africa,Africa,Kobo area (North Wollo zone) and Tigray Region,,,,,No,No,,64500.0,Vaccinated,,,,,1999,2.0,,1999,3.0,,9.0,,276.0,,276.0,,,,,,,"56,9185870408555",,,,
1999-0352-ETH,1999,352,,Natural,Hydrological,Flood,,,,Ethiopia,ETH,Eastern Africa,Africa,Sud Tigré (Nord),,,,,,,,6.0,Km2,,,,,1999,8.0,,1999,8.0,,,,500.0,,500.0,,,,,,,"56,9185870408555",,,,
1999-0378-ETH,1999,378,,Natural,Hydrological,Flood,,,,Ethiopia,ETH,Eastern Africa,Africa,Zone D'assosa (Region Du Beninshangul-Gumuz),,,,,,,,,Km2,,,,,1999,9.0,20.0,1999,9.0,20.0,13.0,,,,,,,,,,,"56,9185870408555",,,,
1999-0419-ETH,1999,419,,Natural,Hydrological,Flood,,,,Ethiopia,ETH,Eastern Africa,Africa, Limu District (South Of Ethiopia),,,,,,,,,Km2,,,,,1999,10.0,11.0,1999,10.0,11.0,1.0,,15000.0,30000.0,45000.0,,,,,,,"56,9185870408555",,,,
1999-0609-ETH,1999,609,,Natural,Hydrological,Flood,,,,Ethiopia,ETH,Eastern Africa,Africa,Itang District,,,,,,,,,Km2,,,,,1999,10.0,,1999,10.0,,,,,16000.0,16000.0,,,,,,,"56,9185870408555",,,,
1999-0315-GHA,1999,315,,Natural,Hydrological,Flood,Riverine flood,,,Ghana,GHA,Western Africa,Africa,"Upper West, Upper East, Northern Regions, Parts of Brongahafo & Volta Regions",,,,Yes,,,1318.0,716.0,Km2,,,,,1999,9.0,,1999,9.0,,52.0,29.0,291573.0,33000.0,324602.0,,,,,21000.0,36895.0,"56,9185870408555",,,,
1999-0477-GHA,1999,477,,Natural,Biological,Epidemic,Bacterial disease,,Cholera,Ghana,GHA,Western Africa,Africa,Accra,,,,,,,,,Vaccinated,,,,,1999,1.0,,1999,1.0,,9.0,,231.0,,231.0,,,,,,,"56,9185870408555",,,,
1999-0478-GHA,1999,478,,Natural,Biological,Epidemic,Bacterial disease,,Cholera,Ghana,GHA,Western Africa,Africa,Builsa District (Upper East region),,,,,No,No,,,Vaccinated,,,,,1999,8.0,,1999,8.0,31.0,9.0,,260.0,,260.0,,,,,,,"56,9185870408555",,,,
1999-0479-GHA,1999,479,,Natural,Biological,Epidemic,,,Acute watery diarrhoeal syndrome,Ghana,GHA,Western Africa,Africa,Kumasi,,,,,,,,,Vaccinated,,,,,1999,10.0,,1999,10.0,,6.0,,705.0,,705.0,,,,,,,"56,9185870408555",,,,
1999-0480-GIN,1999,480,,Natural,Biological,Epidemic,Bacterial disease,,Cholera,Guinea,GIN,Western Africa,Africa,Conakri,,,,,,,,,Vaccinated,,,,,1999,9.0,,1999,9.0,,12.0,,123.0,,123.0,,,,,,,"56,9185870408555",,,,
1999-0286-GMB,1999,286,,Natural,Hydrological,Flood,Flash flood,,,Gambia (the),GMB,Western Africa,Africa,Central River & Upper River divisions,,,,Yes,,,145.0,,Km2,,,,,1999,6.0,,1999,6.0,,53.0,,27000.0,5000.0,32000.0,,,,,,,"56,9185870408555",,,,
1999-0481-GNB,1999,481,,Natural,Biological,Epidemic,Bacterial disease,,,Guinea-Bissau,GNB,Western Africa,Africa,"Oio, Batafa and Gabu Regions",,,,,No,No,,,Vaccinated,,,,,1999,1.0,,1999,4.0,5.0,404.0,,2169.0,,2169.0,,,,,,,"56,9185870408555",,,,
1999-0487-KEN,1999,487,,Natural,Biological,Epidemic,Parasitic disease,,,Kenya,KEN,Eastern Africa,Africa,"Kisii, Mt. Elgon, south Western highlands",,,,,,,,,Vaccinated,,,,,1999,6.0,,1999,6.0,,563.0,,306352.0,,306352.0,,,,,,,"56,9185870408555",,,,
1999-0628-KEN,1999,628,,Natural,Biological,Epidemic,Parasitic disease,,,Kenya,KEN,Eastern Africa,Africa,Garissa District,,,,,,,,,Vaccinated,,,,,1999,12.0,,1999,12.0,,14.0,,786.0,,786.0,,,,,,,"56,9185870408555",,,,
1999-0715-KEN,1999,715,,Natural,Biological,Epidemic,,,Cholera,Kenya,KEN,Eastern Africa,Africa,,,,,,No,No,,,Vaccinated,,,,,1999,1.0,,1999,12.0,,1237.0,,22432.0,,22432.0,,,,,,,"56,9185870408555",,,,
1999-0489-LBR,1999,489,,Natural,Biological,Epidemic,Bacterial disease,,Shigellosis,Liberia,LBR,Western Africa,Africa,Nimba County,,,,,,,,,Vaccinated,,,,,1999,1.0,,1999,1.0,,39.0,,,,,,,,,,,"56,9185870408555",,,,
1999-0720-LSO,1999,720,,Natural,Biological,Epidemic,,,Dysentery,Lesotho,LSO,Southern Africa,Africa,Mohale's hoek district (southern),,,,,No,No,,,Vaccinated,,,,,1999,11.0,,2000,1.0,15.0,28.0,,1862.0,,1862.0,,,,,,,"56,9185870408555",,,,
1999-9212-MAR,1999,9212,,Natural,Climatological,Drought,Drought,,,Morocco,MAR,Northern Africa,Africa,Tiznit,,,,Yes,No,Yes,,,Km2,,,,,1999,6.0,,2001,,,,,275000.0,,275000.0,,,,,900000.0,1581206.0,"56,9185870408555",,,,
1999-0490-MDG,1999,490,,Natural,Biological,Epidemic,Bacterial disease,,Cholera,Madagascar,MDG,Eastern Africa,Africa,"Toliary, Toamasina, Fianarantsoa, Mahajanga, Antanarivo and Antsiranana Provinces",,,,,No,No,,,Vaccinated,,,,,1999,3.0,24.0,2000,3.0,,860.0,,15173.0,,15173.0,,,,,,,"56,9185870408555",,,,
1999-0710-MDG,1999,710,,Natural,Biological,Epidemic,Bacterial disease,,Cholera,Madagascar,MDG,Eastern Africa,Africa,"Mahajanga, Antananarivo, Antsiranana, Toliary Province",,,,,,,,,Vaccinated,,,,,1999,12.0,,1999,12.0,,121.0,,3055.0,,3055.0,,,,,,,"56,9185870408555",,,,
1999-0345-MLI,1999,345,,Natural,Hydrological,Flood,,,,Mali,MLI,Western Africa,Africa,"Bamako, Koulikoro, Keleya & Koutiala",,,,Yes,,,,,Km2,,,,,1999,8.0,4.0,1999,8.0,4.0,2.0,,2000.0,200.0,2200.0,,,,,,,"56,9185870408555",,,,
1999-0071-MOZ,1999,71,,Natural,Hydrological,Flood,Riverine flood,,,Mozambique,MOZ,Eastern Africa,Africa,"Nampula, Inhambane, Sofala, Tete and Zambezi Provinces",Heavy rain,,,Yes,No,No,3547.0,700.0,Km2,,,,"Pungoe, Buzi, Govuro, Zambezi, Limpopo, Changane, Save",1999,1.0,15.0,1999,3.0,15.0,23.0,,70000.0,,70000.0,,,,,12400.0,21786.0,"56,9185870408555",,,,
1999-0538-MRT,1999,538,,Natural,Meteorological,Storm,Convective storm,Tornado,,Mauritania,MRT,Western Africa,Africa,Balad Taïb,,,,,,,,,Kph,,,,,1999,10.0,16.0,1999,10.0,16.0,1.0,17.0,,160.0,177.0,,,,,,,"56,9185870408555",,,,
1999-0539-MRT,1999,539,,Natural,Hydrological,Flood,Riverine flood,,,Mauritania,MRT,Western Africa,Africa,Rosso,,,,,,,,,Km2,,,,,1999,10.0,9.0,1999,10.0,9.0,,,200.0,,200.0,,,,,,,"56,9185870408555",,,,
1999-0348-MRT,1999,348,,Natural,Hydrological,Flood,,,,Mauritania,MRT,Western Africa,Africa,"Tagant, Gorgol, Trarza Regions, Nouakchott",,,,Yes,,,,,Km2,,,,,1999,9.0,,1999,9.0,,,,3600.0,20000.0,23600.0,,,,,,,"56,9185870408555",,,,
1999-0089-MUS,1999,89,,Natural,Meteorological,Storm,Tropical cyclone,,Davina,Mauritius,MUS,Eastern Africa,Africa,,,,,,,,,173.0,Kph,,,,,1999,3.0,10.0,1999,3.0,10.0,,1000.0,,,1000.0,,,,,,,"56,9185870408555",,,,
1999-0119-MWI,1999,119,,Natural,Hydrological,Flood,,,,Malawi,MWI,Eastern Africa,Africa,North Malawi,,,,,,,,,Km2,,,,,1999,4.0,,1999,4.0,,,,2000.0,,2000.0,,,,,,,"56,9185870408555",,,,
1999-0293-NER,1999,293,,Natural,Hydrological,Flood,Flash flood,,,Niger (the),NER,Western Africa,Africa,"Tillabery, Diffa, Agades, Tahoua",,,,,,,,,Km2,,,,,1999,8.0,,1999,8.0,,7.0,,11606.0,789.0,12395.0,,,,,,,"56,9185870408555",,,,
1999-0387-NER,1999,387,,Natural,Hydrological,Flood,Flash flood,,,Niger (the),NER,Western Africa,Africa,,Brief torrential rain,,,,No,No,,,Km2,,,,,1999,9.0,7.0,1999,9.0,14.0,7.0,,,12000.0,12000.0,,,,,,,"56,9185870408555",,,,
1999-0495-NER,1999,495,,Natural,Biological,Epidemic,Bacterial disease,,Cholera,Niger (the),NER,Western Africa,Africa,Boboye district (Dosso departement),,,,,No,No,,,Vaccinated,,,,,1999,6.0,,1999,7.0,30.0,10.0,,159.0,,159.0,,,,,,,"56,9185870408555",,,,
1999-0496-NER,1999,496,,Natural,Biological,Epidemic,Bacterial disease,,,Niger (the),NER,Western Africa,Africa,Zinder state,,,,,,,,,Vaccinated,,,,,1999,1.0,,1999,1.0,,39.0,,582.0,,582.0,,,,,,,"56,9185870408555",,,,
1999-0430-NGA,1999,430,,Natural,Hydrological,Flood,Riverine flood,,,Nigeria,NGA,Western Africa,Africa," Oguta town (Imo State), Rivers state",Heavy rain,,,,No,No,,,Km2,,,,"Niger, Orashi, and Sombreiro",1999,10.0,26.0,1999,11.0,8.0,50.0,,,2000.0,2000.0,,,,,,,"56,9185870408555",,,,
1999-0610-NGA,1999,610,,Natural,Hydrological,Flood,Riverine flood,,,Nigeria,NGA,Western Africa,Africa,North,,,,,,,,,Km2,,,,,1999,12.0,,1999,12.0,,,,,25000.0,25000.0,,,,,,,"56,9185870408555",,,,
1999-0499-NGA,1999,499,,Natural,Biological,Epidemic,Bacterial disease,,Cholera,Nigeria,NGA,Western Africa,Africa,Enugu State,,,,,,,,,Vaccinated,,,,,1999,7.0,,1999,7.0,,25.0,,119.0,,119.0,,,,,,,"56,9185870408555",,,,
1999-0501-NGA,1999,501,,Natural,Biological,Epidemic,Bacterial disease,,Cholera,Nigeria,NGA,Western Africa,Africa,"Kano, Adamawa, Edo",,,,,No,No,,,Vaccinated,,,,,1999,3.0,24.0,1999,5.0,6.0,89.0,,1122.0,,1122.0,,,,,,,"56,9185870408555",,,,
1999-0123-NGA,1999,123,,Natural,Meteorological,Storm,,,,Nigeria,NGA,Western Africa,Africa,,,,,,,,,,Kph,,,,,1999,4.0,9.0,1999,4.0,9.0,100.0,,,,,,,,,,,"56,9185870408555",,,,
1999-0497-NGA,1999,497,,Natural,Biological,Epidemic,,,Acute watery diarrhoeal syndrome,Nigeria,NGA,Western Africa,Africa,Borno State,,,,,,,,,Vaccinated,,,,,1999,9.0,,1999,9.0,,350.0,,1650.0,,1650.0,,,,,,,"56,9185870408555",,,,
1999-0498-NGA,1999,498,,Natural,Biological,Epidemic,,,Acute watery diarrhoeal syndrome,Nigeria,NGA,Western Africa,Africa,Bornu State,,,,,,,,,Vaccinated,,,,,1999,6.0,,1999,6.0,,30.0,,,,,,,,,,,"56,9185870408555",,,,
1999-0500-NGA,1999,500,,Natural,Biological,Epidemic,,,Acute watery diarrhoeal syndrome,Nigeria,NGA,Western Africa,Africa,"Jigawa, Kebbi States",,,,,,,,,Vaccinated,,,,,1999,10.0,,1999,10.0,,22.0,,86.0,,86.0,,,,,,,"56,9185870408555",,,,
2000-0178-MDG,2000,178,,Natural,Meteorological,Storm,Tropical cyclone,,Hudah,Madagascar,MDG,Eastern Africa,Africa,"Antalaha, Sambava, Andapa districts (Sava province), Maroantsetra district (Analanjirofo province), Bealanana district (Sofia province)",,Rain,,,Yes,,,300.0,Kph,,,,,2000,4.0,2.0,2000,4.0,2.0,23.0,1.0,369271.0,,369272.0,,,,,,,"58,8406484917497",2,,154527;154595;154596;154597;154601,"Andapa, Antalaha, Bealanana, Maroantsetra, Sambava (Adm2). "
2000-0107-MDG,2000,107,,Natural,Meteorological,Storm,Tropical cyclone,,"Eline, Gloria",Madagascar,MDG,Eastern Africa,Africa,"Marolambo, Antanambao Manampontsy, Mahanoro, Vatomandry, Brickaville districts (Atsinanana province), Ambositra district (Amoron I Mania province), Antananarivo Avaradrano, Andramasina, Manjakandriana districts (Analamanga province), Ambatolampy, Antsirabe II, Antanifotsy districts (Vakinankaratra province), Antalaha, Sambava, Andapa, Vohemar districts (Sava province), Morondava, Belo Sur Tsiribihina, Mahabo districts (Menabe province), Morombe district (Atsimo Andrefana province), Maroantsetra district (Analanjirofo province)",,Flood,,Yes,,Yes,8840.0,,Kph,,,,,2000,2.0,17.0,2000,3.0,11.0,130.0,,736937.0,,736937.0,,,,,9000.0,15296.0,"58,8406484917497",2,,154515;154519;154523;154524;154527;154543;154552;154553;154554;154555;154558;154590;154591;154594;154595;154596;154597;154598;154606;154607;154609,"Ambatolampy, Ambositra, Andapa, Andramasina, Antalaha, Antanambao Manampontsy, Antananarivo Avaradrano, Antanifotsy, Antsirabe II, Belo Sur Tsiribihina, Brickaville, Mahabo, Mahanoro, Manjakandriana, Maroantsetra, Marolambo, Morombe, Morondava, Sambava, Vatomandry, Vohemar (Adm2). "
2000-0475-CMR,2000,475,,Natural,Hydrological,Flood,Riverine flood,,,Cameroon,CMR,Middle Africa,Africa,"Douala, Bonaberi areas (Wouril district, Littoral province)",Heavy rain,,,,,,,3700.0,Km2,,,,,2000,8.0,3.0,2000,8.0,5.0,3.0,,500.0,,500.0,,,,,,,"58,8406484917497",2,,12490,Wouril (Adm2). 
2000-0160-CMR,2000,160,,Natural,Biological,Epidemic,Bacterial disease,,Meningococcal disease,Cameroon,CMR,Middle Africa,Africa,"Bameda, Buea",,,,,,,,,Vaccinated,,,,,2000,1.0,,2000,1.0,,22.0,,65.0,,65.0,,,,,,,"58,8406484917497",,,,
2000-0053-COG,2000,53,,Natural,Biological,Epidemic,Viral disease,,Acute respiratory syndrome,Congo (the),COG,Middle Africa,Africa,Lekana District,,,,,No,No,,,Vaccinated,,,,,2000,1.0,,2000,1.0,,24.0,,,,,,,,,,,"58,8406484917497",,,,
2000-0432-DJI,2000,432,,Natural,Biological,Epidemic,Bacterial disease,,Cholera,Djibouti,DJI,Eastern Africa,Africa,"Djibouti, Ali-Sabieh districts",,,,,,,,,Vaccinated,,,,,2000,6.0,,2000,6.0,,4.0,,419.0,,419.0,,,,,,,"58,8406484917497",,,,
2000-0692-DZA,2000,692,,Natural,Hydrological,Flood,Flash flood,,,Algeria,DZA,Northern Africa,Africa,"Sidi Bel Abbes district (Sidi Bel Abbes province), Relizane district (Relizane province), El Bayadh district (El Bayadh province), Naama, Tlemcen provinces",Brief torrential rain,,,,,,,,Km2,,,,,2000,10.0,22.0,2000,10.0,25.0,28.0,,100.0,,100.0,,,,,,,"58,8406484917497",1;2,371;388,38186;38719;38839,"Naama, Tlemcen (Adm1). El Bayadh, Relizane, Sidi Bel Abbes (Adm2). "
2000-0848-DZA,2000,848,,Natural,Hydrological,Flood,Flash flood,,,Algeria,DZA,Northern Africa,Africa,Ain-Temouchent province,,,,,,,,,Km2,,,,,2000,10.0,13.0,2000,10.0,13.0,9.0,5.0,,,5.0,,,,,,,"58,8406484917497",1,343,,Ain-Temouchent (Adm1). 
2000-0485-DZA,2000,485,,Natural,Hydrological,Flood,,,,Algeria,DZA,Northern Africa,Africa,"Bordj Bou Arreridj district (Bordj Bou Arrer province), Oum El Bouaghi district (Oum El Bouaghi province)",,,,,,,,,Km2,,,,,2000,8.0,6.0,2000,8.0,6.0,7.0,,,,,,,,,,,"58,8406484917497",2,,37989;38686,"Bordj Bou Arreridj, Oum El Bouaghi (Adm2). "
2000-0551-DZA,2000,551,,Natural,Hydrological,Flood,,,,Algeria,DZA,Northern Africa,Africa,"Bordj Badji Mokhtar district, (Adrar province)",,,,,,,,,Km2,,,,,2000,8.0,17.0,2000,8.0,17.0,,,,100.0,100.0,,,,,,,"58,8406484917497",2,,37635,Bordj Badji Mokhtar (Adm2). 
2000-0847-DZA,2000,847,,Natural,Meteorological,Storm,,,,Algeria,DZA,Northern Africa,Africa,"Bejaia, Alger provinces",,,,,,,,160.0,Kph,,,,,2000,12.0,29.0,2000,12.0,29.0,4.0,10.0,,,10.0,,,,,,,"58,8406484917497",1,344;348,,"Alger, Bejaia (Adm1). "
2000-0092-EGY,2000,92,,Natural,Meteorological,Extreme temperature ,Cold wave,,,Egypt,EGY,Northern Africa,Africa,"Kalyoubia, Shrkia, Fayoum province",,,,,,,,2.0,°C,,,,,2000,1.0,,2000,1.0,,3.0,105.0,,,105.0,,,,,,,"58,8406484917497",1,61518;61523;61533,,"Fayoum, Kalyoubia, Shrkia (Adm1). "
2000-0497-ETH,2000,497,,Natural,Hydrological,Flood,Riverine flood,,,Ethiopia,ETH,Eastern Africa,Africa,"Dubti area (Zone 1 district, Afar province)",Heavy rain,,,,,,,57500.0,Km2,,,,Awash river,2000,8.0,10.0,2000,8.0,21.0,9.0,,30000.0,,30000.0,,,,,,,"58,8406484917497",2,,40788,Zone 1 (Adm2). 
2000-0524-ETH,2000,524,,Natural,Hydrological,Landslide,Landslide,,,Ethiopia,ETH,Eastern Africa,Africa,"Offa area (Wolayita district, SNNPR province)",,,,,,,,,,,,,,2000,7.0,4.0,2000,7.0,4.0,4.0,,,165.0,165.0,,,,,,,"58,8406484917497",2,,47706,Wolayita (Adm2). 
2000-0104-ETH,2000,104,,Natural,Climatological,Wildfire,Forest fire,,,Ethiopia,ETH,Eastern Africa,Africa,"Bale, Borena districts (Oromia province) Wondo genet city (Sidama district, SNNPR province)",,,,,,,,970.0,Km2,,,,,2000,2.0,,2000,2.0,,,5.0,,,5.0,,,,,,,"58,8406484917497",2,,40838;47688;149288,"Bale, Borena, Sidama (Adm2). "
2000-0134-ETH,2000,134,,Natural,Biological,Epidemic,Bacterial disease,,,Ethiopia,ETH,Eastern Africa,Africa,"Kobo district (Amhara Region), Alamata District (Tigray Region), Gambella Region",,,,,No,No,,71700.0,Vaccinated,,,,,2000,1.0,1.0,2000,3.0,31.0,14.0,,149.0,,149.0,,,,,,,"58,8406484917497",,,,
2000-0489-ETH,2000,489,,Natural,Biological,Epidemic,Bacterial disease,,Meningococcal disease,Ethiopia,ETH,Eastern Africa,Africa,Addis Ababa,,,,,No,No,,1000000.0,Vaccinated,,,,,2000,3.0,,2000,8.0,17.0,19.0,,855.0,,855.0,,,,,,,"58,8406484917497",,,,
2000-0879-ETH,2000,879,,Natural,Biological,Epidemic,Bacterial disease,,Meningococcal disease,Ethiopia,ETH,Eastern Africa,Africa,"Amhara, Gambella, Somali, Tigray, Southern, Oromia, Diredawa, Benshangul, Harari regions",,,,Yes,,,,,Vaccinated,,,,,2000,11.0,,2000,11.0,,311.0,,5929.0,,5929.0,,,,,,,"58,8406484917497",,,,
2000-0055-ETH,2000,55,,Natural,Biological,Epidemic,,,,Ethiopia,ETH,Eastern Africa,Africa,"Deghabour, Feik",,,,,,,,,Vaccinated,,,,,2000,1.0,,2000,1.0,,27.0,,100.0,,100.0,,,,,,,"58,8406484917497",,,,
2000-0253-ETH,2000,253,,Natural,Biological,Epidemic,,,,Ethiopia,ETH,Eastern Africa,Africa,Whama Region (Afar region),,,,,,,,,Vaccinated,,,,,2000,5.0,,2000,5.0,,51.0,,,,,,,,,,,"58,8406484917497",,,,
2000-0399-ETH,2000,399,,Natural,Hydrological,Flood,,,,Ethiopia,ETH,Eastern Africa,Africa,"Nazareth city (East Shewa district, Oromia province), Region 14 district (Addis Ababa province)",,,,,,,,,Km2,,,,,2000,6.0,29.0,2000,6.0,29.0,60.0,,,,,,,,,,,"58,8406484917497",2,,149277;149289,"East Shewa, Region 14 (Adm2). "
2000-0312-GIN,2000,312,,Natural,Meteorological,Storm,Convective storm,Tornado,,Guinea,GIN,Western Africa,Africa,Conakry province,,,,,,,,200.0,Kph,,,,,2000,6.0,11.0,2000,6.0,11.0,4.0,,,,,,,,,,,"58,8406484917497",1,40701,,Conakry (Adm1). 
2000-0693-GIN,2000,693,,Natural,Biological,Epidemic,Viral disease,,Yellow fever,Guinea,GIN,Western Africa,Africa,"Mamou, Labé, Tougué, Mali, Koubia, Kankan, Kindia districts. 15 districts in northwestern.",,,,,No,No,,,Vaccinated,,,,,2000,10.0,12.0,2000,12.0,27.0,190.0,,322.0,,322.0,,,,,,,"58,8406484917497",,,,
2000-0880-GMB,2000,880,,Natural,Biological,Epidemic,Bacterial disease,,Meningococcal disease,Gambia (the),GMB,Western Africa,Africa,Upper River division,,,,,No,No,,,Vaccinated,,,,,2000,11.0,,2001,3.0,26.0,21.0,,116.0,,116.0,,,,,,,"58,8406484917497",,,,
2000-0062-KEN,2000,62,,Natural,Biological,Epidemic,Bacterial disease,,Cholera,Kenya,KEN,Eastern Africa,Africa,Nakuru District,,,,,,,,,Vaccinated,,,,,2000,1.0,6.0,2000,1.0,6.0,3.0,,189.0,,189.0,,,,,,,"58,8406484917497",,,,
2000-0197-KEN,2000,197,,Natural,Biological,Epidemic,Bacterial disease,,Cholera,Kenya,KEN,Eastern Africa,Africa,"Nyando district, Nyanza district",,,,,,,,,Vaccinated,,,,,2000,2.0,20.0,2000,2.0,20.0,16.0,,229.0,,229.0,,,,,,,"58,8406484917497",,,,
2000-0506-KEN,2000,506,,Natural,Biological,Epidemic,Viral disease,,Visceral leishmaniasis (Kala-Azar),Kenya,KEN,Eastern Africa,Africa,"Wajir, Mandera, Garissa districts",,,,,,,,,Vaccinated,,,,,2000,6.0,,2000,6.0,,7.0,,221.0,,221.0,,,,,,,"58,8406484917497",,,,
2000-0061-KEN,2000,61,,Natural,Biological,Epidemic,,,,Kenya,KEN,Eastern Africa,Africa,"Takaba Division, Mandera District",,,,,,,,,Vaccinated,,,,,2000,1.0,,2000,1.0,,10.0,,40.0,,40.0,,,,,,,"58,8406484917497",,,,
2000-0565-KEN,2000,565,,Natural,Biological,Epidemic,,,,Kenya,KEN,Eastern Africa,Africa,Nyakach (Nyando district),,,,,,,,,Vaccinated,,,,,2000,8.0,,2000,8.0,,14.0,,42.0,,42.0,,,,,,,"58,8406484917497",,,,
2000-0322-LBR,2000,322,,Natural,Biological,Epidemic,Bacterial disease,,Cholera,Liberia,LBR,Western Africa,Africa,"Maryland, Grand Kru counties",,,,,,,,,Vaccinated,,,,,2000,5.0,,2000,5.0,,3.0,,112.0,,112.0,,,,,,,"58,8406484917497",,,,
2000-0365-LBR,2000,365,,Natural,Biological,Epidemic,Viral disease,,,Liberia,LBR,Western Africa,Africa,"Nimba, Grand Kru counties",,,,,,,,,Vaccinated,,,,,2000,6.0,,2000,6.0,,10.0,,,,,,,,,,,"58,8406484917497",,,,
2000-0060-LSO,2000,60,,Natural,Biological,Epidemic,Bacterial disease,,,Lesotho,LSO,Southern Africa,Africa,"Mafeteng, Mohale's Hoek, Quthing, Thaba-Tseka",,,,,,,,,Vaccinated,,,,,2000,1.0,7.0,2000,1.0,7.0,28.0,,1834.0,,1834.0,,,,,,,"58,8406484917497",,,,
2000-0691-MAR,2000,691,,Natural,Hydrological,Flood,Flash flood,,,Morocco,MAR,Northern Africa,Africa,"Guercif area (Taza district, Taza - Al Hoceima - Taounate province)",Brief torrential rain,,,,,,,,Km2,,,,,2000,10.0,22.0,2000,10.0,25.0,,,300.0,,300.0,,,,,,,"58,8406484917497",2,,21791,Taza (Adm2). 
2000-0487-MAR,2000,487,,Natural,Meteorological,Extreme temperature ,Heat wave,,,Morocco,MAR,Northern Africa,Africa,"Settat district (Chaouia-Ouardigha province), Casablanca district (Grand Casablanca province), Gharb-Chrarda-Beni Hssen province",,,,,,,,51.0,°C,,,,,2000,8.0,,2000,8.0,,,,,,,,,,,809.0,1375.0,"58,8406484917497",1;2,147329,21806;147343,"Gharb-Chrarda-Beni Hssen (Adm1). Casablanca, Settat (Adm2). "
2000-0841-MAR,2000,841,,Natural,Hydrological,Flood,,,,Morocco,MAR,Northern Africa,Africa,"Tétouan, Tangiers, Chefchaouen, Larache districts (Tanger - Tétouan province), Settat, Khouribga districts (Chaouia - Ouardigha province), Kasba Tadla area (Béni Mellal district, Tadla - Azilal province)",,,,,,,,,Km2,,,,,2000,12.0,22.0,2000,12.0,22.0,6.0,,650.0,,650.0,,,,,,,"58,8406484917497",2,,21802;21805;21806;21808;21811;21817;147362,"B??ni Mellal, Chefchaouen, Khouribga, Larache, Settat, T??touan, Tanger-Assilah (Adm2). "
2000-9309-MDG,2000,9309,,Natural,Climatological,Drought,Drought,,,Madagascar,MDG,Eastern Africa,Africa,"Ambovombe-Androy, Bekily, Beloha, Tsihombe districts (Androy province), Amboasary-Atsimo ditrict (Anosy province), Ampanihy Ouest district (Atsimo Andrefana province), Ambatatondraza, Amparafaravola, Andilamena, district (Alaotra Mangoro province), Vatomandry, Marolambo, Antanambao Manamposty districts (Atsinanana province), Antsirabe I, Antsirable II, Faratsiho, Antanifotsy, Betafo districts (Vakinankaratra province)",,,,,,,420.0,,Km2,,,,,2000,6.0,,2000,,,,,231290.0,,231290.0,,,,,,,"58,8406484917497",2,,123868;154509;154510;154511;154531;154532;154533;154534;154535;154538;154552;154555;154558;154607;154608;154609;154610,"Ambatondrazaka, Amboasary-Atsimo, Ambovombe-Androy, Ampanihy Ouest, Amparafaravola, Andilamena, Antanambao Manampontsy, Antanifotsy, Antsirabe I, Antsirabe II, Bekily, Beloha, Betafo, Faratsiho, Marolambo, Tsihombe, Vatomandry (Adm2). "
2000-0530-MLI,2000,530,,Natural,Hydrological,Flood,,,,Mali,MLI,Western Africa,Africa,Abeibara district (Kidal province),,,,,,,,,Km2,,,,,2000,8.0,25.0,2000,8.0,25.0,15.0,,,,,,,,,,,"58,8406484917497",2,,19383,Abeibara (Adm2). 
2000-0012-MOZ,2000,12,,Natural,Hydrological,Flood,Riverine flood,,,Mozambique,MOZ,Eastern Africa,Africa,"Matutuine, Manhica, Magude, Marracuene districts (Maputo province), Chibuto, Chokwe, Mabalane districts (Gaza Province), Inhambane, Sofala, Manica, Tete provinces",Heavy rain,,,Yes,,,165846.0,1980.0,Km2,,,,"Incomati, Umbeluzi, Limpopo, Sabie, Save, Lucite, Buzi",2000,1.0,26.0,2000,3.0,27.0,800.0,,4500000.0,,4500000.0,,,1500.0,2549.0,419200.0,712433.0,"58,8406484917497",1;2,2114;2115;2120;2121,21850;21853;21855;21883;21885;21886;41375;41376,"Inhambane, Manica, Sofala, Tete (Adm1). Chibuto, Chokwe, Mabalane, Magude, Manhica, Marracuene, Matutuine (Adm2). "
2000-0107-MOZ,2000,107,,Natural,Meteorological,Storm,Tropical cyclone,,"Eline, Gloria",Mozambique,MOZ,Eastern Africa,Africa,"Cabo Delgado, Gaza, Inhambane, Manica, Nampula, Niassa, Sofala, Tete, Zambezia, Maputo, Lago niassa provinces",,,,,,,,,Kph,,,,,2000,2.0,18.0,2000,2.0,23.0,17.0,,,,,,,,,1000.0,1700.0,"58,8406484917497",1,2112;2113;2114;2115;2118;2119;2120;2121;2122;41373;65246,,"Cabo Delgado, Gaza, Inhambane, Lago niassa, Manica, Maputo, Nampula, Niassa, Sofala, Tete, Zambezia (Adm1). "
2000-0178-MOZ,2000,178,,Natural,Meteorological,Storm,Tropical cyclone,,Hudah,Mozambique,MOZ,Eastern Africa,Africa,"Angoche, Moma, Mogincual districts (Nampula province)",,,,,,,,,Kph,,,,,2000,4.0,2.0,2000,4.0,2.0,1.0,4.0,,300.0,304.0,,,,,,,"58,8406484917497",2,,21889;21896;21898,"Angoche, Mogincual, Moma (Adm2). "
2000-0242-MOZ,2000,242,,Natural,Biological,Epidemic,Parasitic disease,,,Mozambique,MOZ,Eastern Africa,Africa,Maputo,,,,,,,,,Vaccinated,,,,,2000,3.0,,2000,3.0,,,,16773.0,,16773.0,,,,,,,"58,8406484917497",,,,
2000-0110-MOZ,2000,110,,Natural,Biological,Epidemic,,,,Mozambique,MOZ,Eastern Africa,Africa,"Catembe (Maputo province), Sofala Provinces, Beira, Chimoio (Manica province)",,,,,,,,,Vaccinated,,,,,2000,1.0,,2000,1.0,,11.0,,1810.0,,1810.0,,,,,,,"58,8406484917497",,,,
2000-0753-MOZ,2000,753,,Natural,Meteorological,Storm,,,,Mozambique,MOZ,Eastern Africa,Africa,"Zambezia, Nampula provinces",,,,,,,,,Kph,,,,,2000,11.0,18.0,2000,11.0,18.0,9.0,,,750.0,750.0,,,,,,,"58,8406484917497",1,2118;2122,,"Nampula, Zambezia (Adm1). "
2000-0786-MOZ,2000,786,,Natural,Meteorological,Storm,,,,Mozambique,MOZ,Eastern Africa,Africa,"Pebane, Milange districts (Zambezia Province)",,,,,,,,,Kph,,,,,2000,11.0,26.0,2000,11.0,26.0,5.0,,350.0,,350.0,,,,,,,"58,8406484917497",2,,21953;21961,"Milange, Pebane (Adm2). "
2000-0301-MWI,2000,301,,Natural,Biological,Epidemic,Bacterial disease,,Cholera,Malawi,MWI,Eastern Africa,Africa,,,,,,,,,,Vaccinated,,,,,2000,1.0,,2000,1.0,,83.0,,3323.0,,3323.0,,,,,,,"58,8406484917497",,,,
2000-0118-MWI,2000,118,,Natural,Hydrological,Flood,,,,Malawi,MWI,Eastern Africa,Africa,"Chikwawa, Nsanje districts (Southern Region province), Karonga district (Northern Region province), Nkhotakota district (Central Region province)",,,,,,,,,Km2,,,,,2000,3.0,,2000,3.0,,,,20000.0,,20000.0,,,,,1000.0,1700.0,"58,8406484917497",2,,19312;19317;19322;19328,"Chikwawa, Karonga, Nkhotakota, Nsanje (Adm2). "
2000-0758-NAM,2000,758,,Natural,Biological,Epidemic,Bacterial disease,,Meningococcal disease,Namibia,NAM,Southern Africa,Africa,"Nankudu, Engela districts",,,,,,,,,Vaccinated,,,,,2000,9.0,,2000,9.0,,14.0,,58.0,,58.0,,,,,,,"58,8406484917497",,,,
2000-0079-NAM,2000,79,,Natural,Hydrological,Flood,,,,Namibia,NAM,Southern Africa,Africa,"Mariental Rural, Mariental Urban districts (Hardap province)",,,,,,,,,Km2,,,,,2000,2.0,,2000,2.0,,,,5000.0,,5000.0,,,,,,,"58,8406484917497",2,,22261;22262,"Mariental Rural, Mariental Urban (Adm2). "
2000-0158-NER,2000,158,,Natural,Biological,Epidemic,Bacterial disease,,,Niger (the),NER,Western Africa,Africa,"Niamey, Kirni N'Konni, Téra",,,,,,,,,Vaccinated,,,,,2000,3.0,6.0,2000,3.0,6.0,128.0,,1067.0,,1067.0,,,,,,,"58,8406484917497",,,,
2000-0321-NER,2000,321,,Natural,Biological,Epidemic,Bacterial disease,,Cholera,Niger (the),NER,Western Africa,Africa,"Diffa, Zinder, Dosso",,,,,,,,,Vaccinated,,,,,2000,5.0,,2000,5.0,,15.0,,63.0,,63.0,,,,,,,"58,8406484917497",,,,
2000-0501-NER,2000,501,,Natural,Hydrological,Flood,,,,Niger (the),NER,Western Africa,Africa,"Dosso, Maradi provinces",,,,,,,,18.0,Km2,,,,,2000,7.0,,2000,7.0,,2.0,3.0,4156.0,,4159.0,,,,,,,"58,8406484917497",1,2204;2205,,"Dosso, Maradi (Adm1). "
2000-0563-NER,2000,563,,Natural,Biological,Epidemic,,,Acute watery diarrhoeal syndrome,Niger (the),NER,Western Africa,Africa,"Nadara, Tahoua region",,,,,,,,,Vaccinated,,,,,2000,8.0,26.0,2000,8.0,26.0,47.0,,21.0,,21.0,,,,,,,"58,8406484917497",,,,
2000-0620-NGA,2000,620,,Natural,Hydrological,Flood,Flash flood,,,Nigeria,NGA,Western Africa,Africa,Lagos province,Brief torrential rain,,,,,,,7700.0,Km2,,,,,2000,9.0,20.0,2000,9.0,21.0,,,500.0,,500.0,,,,,4805.0,8166.0,"58,8406484917497",1,2230,,Lagos (Adm1). 
2000-0634-NGA,2000,634,,Natural,Hydrological,Landslide,Landslide,,,Nigeria,NGA,Western Africa,Africa,"Amakor, Nanka villages (Orumba North district, Anambra province)",,,,,,,,,,,,,,2000,9.0,23.0,2000,9.0,23.0,17.0,,,300.0,300.0,,,,,,,"58,8406484917497",2,,22655,Orumba North (Adm2). 
2000-0819-NGA,2000,819,,Natural,Hydrological,Landslide,Landslide,,,Nigeria,NGA,Western Africa,Africa,"Atakumosa West, Atakumosa East districts (Osun province)",,,,,,,,,,,,,,2000,12.0,20.0,2000,12.0,20.0,15.0,,,,,,,,,,,"58,8406484917497",2,,191208;191222,"Atakumosa East, Atakumosa West (Adm2). "
2000-0431-NGA,2000,431,,Natural,Biological,Epidemic,Bacterial disease,,Cholera,Nigeria,NGA,Western Africa,Africa,Kano state,,,,,,,,,Vaccinated,,,,,2000,5.0,,2000,5.0,,27.0,,1215.0,,1215.0,,,,,,,"58,8406484917497",,,,
2000-0109-NGA,2000,109,,Natural,Biological,Epidemic,,,Acute watery diarrhoeal syndrome,Nigeria,NGA,Western Africa,Africa,Ogun state,,,,,,,,,Vaccinated,,,,,2000,1.0,,2000,1.0,,12.0,,,,,,,,,,,"58,8406484917497",,,,
2000-0273-NGA,2000,273,,Natural,Biological,Epidemic,,,Acute watery diarrhoeal syndrome,Nigeria,NGA,Western Africa,Africa,Ondo state,,,,,,,,,Vaccinated,,,,,2000,5.0,,2000,5.0,,60.0,,40.0,,40.0,,,,,,,"58,8406484917497",,,,
2000-0364-NGA,2000,364,,Natural,Hydrological,Flood,,,,Nigeria,NGA,Western Africa,Africa,"Sokoto North, Sokoto South districts (Sokoto province)",,,,,,,,,Km2,,,,,2000,6.0,,2000,6.0,,,,,250.0,250.0,,,,,,,"58,8406484917497",2,,190962;190966,"Sokoto North, Sokoto South (Adm2). "
2000-0464-NGA,2000,464,,Natural,Meteorological,Storm,,,,Nigeria,NGA,Western Africa,Africa,"Benin City town (Ikpoba-Okha district, Edo province)",,,,,,,,,Kph,,,,,2000,10.0,9.0,2000,10.0,9.0,,,,1000.0,1000.0,,,,,,,"58,8406484917497",2,,191309,Ikpoba-Okha (Adm2). 
2000-0511-NGA,2000,511,,Natural,Hydrological,Flood,,,,Nigeria,NGA,Western Africa,Africa,Cross River province,,,,,,,,,Km2,,,,,2000,8.0,14.0,2000,8.0,14.0,4.0,,,1000.0,1000.0,,,,,,,"58,8406484917497",1,2217,,Cross River (Adm1). 
2000-0547-NGA,2000,547,,Natural,Hydrological,Flood,,,,Nigeria,NGA,Western Africa,Africa,Zamfara province,,,,,,,,100.0,Km2,,,,,2000,8.0,15.0,2000,8.0,15.0,,,,750.0,750.0,,,,,1900.0,3229.0,"58,8406484917497",1,65710,,Zamfara (Adm1). 
2000-0596-NGA,2000,596,,Natural,Hydrological,Flood,,,,Nigeria,NGA,Western Africa,Africa,Gusau district (Zamfara province),,,,,,,,100.0,Km2,,,,,2000,9.0,,2000,9.0,,,,,2000.0,2000.0,,,,,,,"58,8406484917497",2,,23085,Gusau (Adm2). 
2000-0628-NGA,2000,628,,Natural,Hydrological,Flood,,,,Nigeria,NGA,Western Africa,Africa,Kebbi province,,,,,,,,,Km2,,,,,2000,9.0,23.0,2000,9.0,23.0,,,,1000.0,1000.0,,,,,,,"58,8406484917497",1,2227,,Kebbi (Adm1). 
2001-0050-CMR,2001,50,,Natural,Biological,Epidemic,Bacterial disease,,Meningococcal Disease,Cameroon,CMR,Middle Africa,Africa,"Wum, Mbengwi, Bafut, Bamenda, Ndop districts",,,,,No,No,,,Vaccinated,,,,,2001,1.0,1.0,2001,2.0,25.0,28.0,,387.0,,387.0,,,,,,,"60,5035788853056",,,,
2001-0032-KEN,2001,32,,Natural,Hydrological,Flood,Riverine flood,,,Kenya,KEN,Eastern Africa,Africa,Nairobi district (Nairobi province),Heavy rain,,,,,,,,Km2,,,,,2001,1.0,13.0,2001,1.0,14.0,4.0,,,,,,,,,38.0,63.0,"60,5035788853056",2,,51360,Nairobi (Adm2). 
2001-0062-KEN,2001,62,,Natural,Biological,Epidemic,Bacterial disease,,Typhoid fever,Kenya,KEN,Eastern Africa,Africa,Embu town,,,,,No,No,,,Vaccinated,,,,,2001,2.0,,2001,3.0,,9.0,,102.0,,102.0,,,,,,,"60,5035788853056",,,,
2001-0019-MOZ,2001,19,,Natural,Hydrological,Flood,Coastal flood,,,Mozambique,MOZ,Eastern Africa,Africa,"Nhacolo town (Tambara district, Manica province), Nova Mambone area (Govuro district, Inhambane province), Nicoadala, Namacurra, Pebane, Chinde, Maganja da Costa, Morrumbala, Mopeia, Cidade de Quelimane districts (Zambezia province), Cidade da Beira, Buzi, Chibabava, Dondo, Marromeu, Nhamatanda, Caia, Chemba districts (Sofala province),Mutarara, Zumbo, Magoe, Macanga, Cidad de Tete districts (Tete province), Massangena district (Gaza province)",Tropical cyclone,,,Yes,,,23156.0,200000.0,Km2,,,,"Zambezi, Nhamadzi, Dziwedziwe, Nipiode River, Pungue and Buzi Rivers, Zambezi River, Save River",2001,1.0,1.0,2001,4.0,27.0,79.0,,549326.0,,549326.0,,,,,36000.0,59501.0,"60,5035788853056",2,,21857;21861;21880;21922;21923;21924;21926;21927;21931;21933;21939;21940;21943;21945;21946;21952;21956;21957;21958;21960;21961;65263;65264;65266,"Buzi, Caia, Chemba, Chibabava, Chinde, Cidade da Beira, Cidade de Quelimane, Cidade de Tete, Dondo, Govuro, Macanga, Maganja da Costa, Magoe, Marromeu, Massangena, Mopeia, Morrumbala, Mutarara, Namacurra, Nhamatanda, Nicoadala, Pebane, Tambara, Zumbu (Adm2). "
2001-0025-MWI,2001,25,,Natural,Hydrological,Flood,Coastal flood,,,Malawi,MWI,Eastern Africa,Africa,"Chikwawa, Nsanje, Machinga, Blantyre, Phalombe, Zomba, Mangochi, Thyolo, Mwanza districts (Southern Region province), Dedza, Nkhotakota, Salima, Mchinji, Kasungu districts (Southern Region province), Karonga districts (Southern Region province)",Tropical cyclone,,,Yes,,,2659.0,,Km2,,,,Shire River,2001,1.0,,2001,1.0,,59.0,,500000.0,,500000.0,,,,,6700.0,11074.0,"60,5035788853056",2,,19307;19309;19311;19312;19315;19317;19321;19322;19325;19328;19329;19330;42175;42177;65271,"Blantyre, Chikwawa, Dedza, Karonga, Kasungu, Machinga, Mangochi, Mchinji, Mwanza, Nkhotakota, Nsanje, Phalombe, Salima, Thyolo, Zomba (Adm2). "
2001-0108-MWI,2001,108,,Natural,Biological,Epidemic,Bacterial disease,,Cholera,Malawi,MWI,Eastern Africa,Africa,Lilongwe region,,,,,,,,,Vaccinated,,,,,2001,3.0,,2001,3.0,,20.0,,1500.0,,1500.0,,,,,,,"60,5035788853056",,,,
2001-0092-NGA,2001,92,,Natural,Biological,Epidemic,,,Unknown,Nigeria,NGA,Western Africa,Africa,"Ekpoma, Edo state",,,,,,,,,Vaccinated,,,,,2001,2.0,,2001,2.0,,16.0,,1.0,,1.0,,,,,,,"60,5035788853056",,,,
1998-0459-SDN,1998,459,,Natural,Climatological,Wildfire,"Land fire (Brush, Bush, Pasture)",,,Sudan (the),SDN,Northern Africa,Africa,,,,,,,,,,Km2,,,,,1998,4.0,19.0,1998,4.0,19.0,47.0,,,,,,,,,,,"55,6998628053472",,,,
1998-0598-SDN,1998,598,,Natural,Biological,Epidemic,Bacterial disease,,Meningococcal disease,Sudan (the),SDN,Northern Africa,Africa,"Northern, Western ",,,,,No,No,,7600000.0,Vaccinated,,,,,1998,12.0,1.0,1999,5.0,19.0,1600.0,,20400.0,,20400.0,,,,,,,"55,6998628053472",,,,
1998-0599-SOM,1998,599,,Natural,Biological,Epidemic,Bacterial disease,,Cholera,Somalia,SOM,Eastern Africa,Africa,"Bay, Lower Shabelle, Upper and Lower Juba, Baidoa, Kismayo, Mogadishu",,,,,No,No,,,Vaccinated,,,,,1998,12.0,,1999,4.0,30.0,233.0,,7860.0,,7860.0,,,,,,,"55,6998628053472",,,,
1998-9265-UGA,1998,9265,,Natural,Climatological,Drought,Drought,,,Uganda,UGA,Eastern Africa,Africa,,,,,,No,No,,,Km2,,,,,1998,1.0,,1999,,,,,126000.0,,126000.0,,,,,1600.0,2873.0,"55,6998628053472",,,,
1998-0442-ZAF,1998,442,,Natural,Climatological,Wildfire,"Land fire (Brush, Bush, Pasture)",,,South Africa,ZAF,Southern Africa,Africa,Plettenberg Bay,,,,,,,,20.0,Km2,,,,,1998,4.0,21.0,1998,4.0,21.0,25.0,,,,,,,,,,,"55,6998628053472",,,,
1998-0551-ZWE,1998,551,,Natural,Hydrological,Flood,Riverine flood,,,Zimbabwe,ZWE,Eastern Africa,Africa,Limpopo,,,,,,,,,Km2,,,,,1998,1.0,10.0,1998,1.0,10.0,36.0,,,,,,,,,,,"55,6998628053472",,,,
1998-0596-ZWE,1998,596,,Natural,Biological,Epidemic,Bacterial disease,,Cholera,Zimbabwe,ZWE,Eastern Africa,Africa,"Chipinge District (Manicaland Province), Chiredzi District (Masvingo Province) and Matabeleland North Province",,,,,No,No,,,Vaccinated,,,,,1998,,,1998,3.0,27.0,12.0,,335.0,,335.0,,,,,,,"55,6998628053472",,,,
1998-9361-ZWE,1998,9361,,Natural,Climatological,Drought,Drought,,,Zimbabwe,ZWE,Eastern Africa,Africa,Southern (Matabeleland),,,,,No,Yes,,,Km2,,,,,1998,11.0,,1998,,,,,55000.0,,55000.0,,,,,,,"55,6998628053472",,,,
1999-9388-SDN,1999,9388,,Natural,Climatological,Drought,Drought,,,Sudan (the),SDN,Northern Africa,Africa,"Northern Darfur, Northern Kordofan, Red Sea provinces",,Food shortage,Water shortage,,,,,,Km2,,,,,2000,1.0,,2001,,,,,2000000.0,,2000000.0,,,,,,,"56,9185870408555",1,2757;40772;68784,,"Northern Darfur, Northern Kordofan, Red Sea (Adm1). "
1999-0593-ZAF,1999,593,,Natural,Hydrological,Flood,Riverine flood,,,South Africa,ZAF,Southern Africa,Africa,Durban city (KwaZulu Natal Province),Heavy rain,"Slide (land, mud, snow, rock)",,,No,No,,,Km2,,,,,1999,12.0,21.0,1999,12.0,23.0,23.0,,2000.0,,2000.0,,,,,6300.0,11068.0,"56,9185870408555",,,,
1999-0423-TGO,1999,423,,Natural,Hydrological,Flood,Riverine flood,,,Togo,TGO,Western Africa,Africa,"Savanes, Kara, Plateaux and Maritime regions",Heavy rain,Broken Dam/Burst bank,,,No,No,147.0,10.0,Km2,,,,,1999,9.0,15.0,1999,10.0,11.0,,,65000.0,,65000.0,,,,,,,"56,9185870408555",,,,
1999-9388-RWA,1999,9388,,Natural,Climatological,Drought,Drought,,,Rwanda,RWA,Eastern Africa,Africa,"Umutura village (Rubavu district, West/Iburengerazuba province), Kibungo village (Ngoma district, East/Iburasirazuba province), Gitamara village (Muhanga district, South/Amajyepfo province), Butare village (Huye district, South/Amajyepfo province), Gikongoro village (Nyamagabe district, South/Amajyepfo province), Kigali City/Umujyi wa Kigali province",,Food shortage,,,,,,,Km2,,,,,1999,11.0,,2000,,,,,894545.0,,894545.0,,,,,,,"56,9185870408555",1;2,21970,21981;21987;21989;21993;21998,"Kigali City/Umujyi wa Kigali (Adm1). Huye, Muhanga, Ngoma, Nyamagabe, Rubavu (Adm2). "
1999-9388-SOM,1999,9388,,Natural,Climatological,Drought,Drought,,,Somalia,SOM,Eastern Africa,Africa,"Ceel Barde, Rab Dhuure, Tayeeglow, Xudur districts (Bakool province), Garbahaarey, Baardheere districts (Gedo province), Bay, Hiraan provinces ",,Food shortage,,,,,,,Km2,,,,,2000,1.0,,2001,,,21.0,,1200000.0,,1200000.0,,,,,,,"56,9185870408555",1;2,2691;2695,25657;25658;25659;25661;25678;25682,"Bay, Hiraan (Adm1). Baardheere, Ceel Barde, Garbahaarey, Rab Dhuure, Tayeeglow, Xudur (Adm2). "
1999-9388-UGA,1999,9388,,Natural,Climatological,Drought,Drought,,,Uganda,UGA,Eastern Africa,Africa,"Abim, Amudat, Kaabong, Kotido, Moroto, Nakapiripirit, Napak provinces",,Famine,,,,,,,Km2,,,,,1999,8.0,,2001,,,115.0,,700000.0,,700000.0,,,,,,,"56,9185870408555",1,743;744;765;772;773;775;47074,,"Abim, Amudat, Kaabong, Kotido, Moroto, Nakapiripirit, Napak (Adm1). "
1999-0506-RWA,1999,506,,Natural,Biological,Epidemic,Bacterial disease,,,Rwanda,RWA,Eastern Africa,Africa,"Kayenzi, Nyabikenke and Rutobwe (Gitarama and Kigali Prefecture)",,,,,No,No,,,Vaccinated,,,,,1999,9.0,1.0,1999,10.0,6.0,44.0,,29.0,,29.0,,,,,,,"56,9185870408555",,,,
1999-0507-RWA,1999,507,,Natural,Biological,Epidemic,Bacterial disease,,,Rwanda,RWA,Eastern Africa,Africa,"Ruhengeri Province, Ngamara plateau",,,,,,,,,Vaccinated,,,,,1999,1.0,,1999,1.0,,27.0,,319.0,,319.0,,,,,,,"56,9185870408555",,,,
1999-0631-RWA,1999,631,,Natural,Biological,Epidemic,,,Acute watery diarrhoeal syndrome,Rwanda,RWA,Eastern Africa,Africa,"Ruhengeri health region (Cyabingo, Kigombe and Nyakinama communes)",water from river Kigombe used for domestic purposes and drinking,,,,No,No,,,Vaccinated,,,,,1999,10.0,14.0,1999,10.0,31.0,5.0,,140.0,,140.0,,,,,,,"56,9185870408555",,,,
1999-0443-SDN,1999,443,,Natural,Hydrological,Flood,Flash flood,,,Sudan (the),SDN,Northern Africa,Africa,Pibor (Jonglei state),,,,,,,,,Km2,,,,,1999,10.0,9.0,1999,10.0,9.0,,,75000.0,,75000.0,,,,,,,"56,9185870408555",,,,
1999-0264-SDN,1999,264,,Natural,Hydrological,Flood,Riverine flood,,,Sudan (the),SDN,Northern Africa,Africa,"Northern, River Nile, Kassala, Al Gezira, White Nile, North Kordofan, South Darfur, Unity State, Khartoum",Brief torrential rain,,,,No,No,,,Km2,,,,Junction of the White Nile and Blue Nile,1999,8.0,1.0,1999,9.0,10.0,36.0,,100000.0,,100000.0,,,,,,,"56,9185870408555",,,,
1999-0316-SDN,1999,316,,Natural,Hydrological,Flood,Riverine flood,,,Sudan (the),SDN,Northern Africa,Africa,Sheikh Sherif (Dongola),,,,,,,,,Km2,,,,,1999,9.0,10.0,1999,9.0,10.0,,,42000.0,40000.0,82000.0,,,,,,,"56,9185870408555",,,,
1999-0512-SDN,1999,512,,Natural,Biological,Epidemic,Bacterial disease,,,Sudan (the),SDN,Northern Africa,Africa,"Kutum, Kebkabya & El fasher, North Dafur State",,,,,,,,,Vaccinated,,,,,1999,1.0,,1999,1.0,,45.0,,256.0,,256.0,,,,,,,"56,9185870408555",,,,
1999-0513-SDN,1999,513,,Natural,Biological,Epidemic,Bacterial disease,,Cholera,Sudan (the),SDN,Northern Africa,Africa,"Malakal, Upper Nile Sate",,,,,,,,,Vaccinated,,,,,1999,4.0,14.0,1999,4.0,14.0,210.0,,2811.0,,2811.0,,,,,,,"56,9185870408555",,,,
1999-0407-SDN,1999,407,,Natural,Hydrological,Flood,,,,Sudan (the),SDN,Northern Africa,Africa,Kadugli (Southern Kordofan),,,,,,,,,Km2,,,,,1999,10.0,,1999,10.0,,2.0,,18841.0,5000.0,23841.0,,,,,,,"56,9185870408555",,,,
1999-0717-SDN,1999,717,,Natural,Biological,Epidemic,,,Acute watery diarrhoea,Sudan (the),SDN,Northern Africa,Africa,"Padak, Mading, Wanding, Lankien, Akobo and Burmat, Jonglei region",,,,,No,No,,,Vaccinated,,,,,1999,3.0,,1999,4.0,27.0,102.0,,892.0,,892.0,,,,,,,"56,9185870408555",,,,
1999-0292-SEN,1999,292,,Natural,Meteorological,Storm,Convective storm,Tornado,,Senegal,SEN,Western Africa,Africa,Casamance,,,,,,,,,Kph,,,,,1999,8.0,21.0,1999,8.0,21.0,165.0,,,,,,,,,,,"56,9185870408555",,,,
1999-0303-SEN,1999,303,,Natural,Meteorological,Storm,Convective storm,Tornado,,Senegal,SEN,Western Africa,Africa,"Kaolack, Thies & Ziguinchor",,,,,,,,,Kph,,,,,1999,8.0,,1999,8.0,,22.0,,65853.0,30000.0,95853.0,,,,,,,"56,9185870408555",,,,
1999-0509-SLE,1999,509,,Natural,Biological,Epidemic,Bacterial disease,,Cholera,Sierra Leone,SLE,Western Africa,Africa,Freetown,,,,,No,No,,,Vaccinated,,,,,1999,9.0,1.0,1999,9.0,6.0,1.0,,134.0,,134.0,,,,,,,"56,9185870408555",,,,
1999-0296-SLE,1999,296,,Natural,Meteorological,Storm,,,,Sierra Leone,SLE,Western Africa,Africa,,,,,,,,,,Kph,,,,,1999,6.0,,1999,6.0,,13.0,3.0,,,3.0,,,,,,,"56,9185870408555",,,,
1999-0721-SLE,1999,721,,Natural,Biological,Epidemic,,,Dysentery,Sierra Leone,SLE,Western Africa,Africa,many area of the country,,,,,No,No,,,Vaccinated,,,,,1999,12.0,6.0,2000,2.0,4.0,132.0,,3094.0,,3094.0,,,,,,,"56,9185870408555",,,,
1999-0511-SOM,1999,511,,Natural,Biological,Epidemic,Bacterial disease,,Cholera,Somalia,SOM,Eastern Africa,Africa,Bosaso Town,,,,,,,,,Vaccinated,,,,,1999,8.0,,1999,8.0,,15.0,,175.0,,175.0,,,,,,,"56,9185870408555",,,,
1999-0265-TCD,1999,265,,Natural,Hydrological,Flood,Flash flood,,,Chad,TCD,Middle Africa,Africa,"Batha, Biltine, Chari-Baguirmi, Guera, Kanem, Lac, Mayo-Kebbi, Moyen-Char, Ati",Brief torrential rain,,,Yes,No,No,50.0,1650.0,Km2,,,,Batha and Bhar Azoum,1999,8.0,1.0,1999,8.0,23.0,,,128506.0,45000.0,173506.0,,,,,,,"56,9185870408555",,,,
1999-0516-TZA,1999,516,,Natural,Biological,Epidemic,,,Acute watery diarrhoeal syndrome,"Tanzania, United Republic of",TZA,Eastern Africa,Africa,Rukwa,,,,,,,,,Vaccinated,,,,,1999,1.0,,1999,1.0,,56.0,,529.0,,529.0,,,,,,,"56,9185870408555",,,,
1999-0517-UGA,1999,517,,Natural,Biological,Epidemic,Bacterial disease,,Cholera,Uganda,UGA,Eastern Africa,Africa,Bundibugyo District,,,,,,,,,Vaccinated,,,,,1999,6.0,,1999,6.0,,31.0,,589.0,,589.0,,,,,,,"56,9185870408555",,,,
1999-0630-UGA,1999,630,,Natural,Biological,Epidemic,Bacterial disease,,Cholera,Uganda,UGA,Eastern Africa,Africa,Arua District,,,,,,,,,Vaccinated,,,,,1999,1.0,,1999,1.0,,91.0,,1616.0,,1616.0,,,,,,,"56,9185870408555",,,,
1999-0650-UGA,1999,650,,Natural,Biological,Epidemic,,,,Uganda,UGA,Eastern Africa,Africa,Bundibugyo District,,,,,,,,,Vaccinated,,,,,1999,11.0,,1999,11.0,,15.0,,,,,,,,,,,"56,9185870408555",,,,
1999-0290-ZAF,1999,290,,Natural,Meteorological,Storm,Convective storm,Tornado,,South Africa,ZAF,Southern Africa,Africa,"Surrey Estate, Manenberg, Gugulethu (Cap Town Region)",,,,,No,Yes,,200.0,Kph,,,,,1999,8.0,29.0,1999,8.0,29.0,5.0,177.0,13000.0,5000.0,18177.0,,,,,25000.0,43922.0,"56,9185870408555",,,,
1999-0426-ZAF,1999,426,,Natural,Hydrological,Flood,Flash flood,,,South Africa,ZAF,Southern Africa,Africa,city of Durban (Kwazulu-Natal Province),Brief torrential rain,,,,No,No,,,Km2,,,,,1999,10.0,26.0,1999,10.0,28.0,4.0,,300.0,,300.0,,,,,13300.0,23367.0,"56,9185870408555",,,,
1999-0605-ZAF,1999,605,,Natural,Climatological,Wildfire,"Land fire (Brush, Bush, Pasture)",,,South Africa,ZAF,Southern Africa,Africa,Cap Oriental,,,,,,,,,Km2,,,,,1999,8.0,1.0,1999,8.0,1.0,4.0,5.0,,3000.0,3005.0,,,,,,,"56,9185870408555",,,,
1999-0015-ZAF,1999,15,,Natural,Meteorological,Storm,,,,South Africa,ZAF,Southern Africa,Africa,"Mount Ayliff, Kokstad",,,,,,,,,Kph,,,,,1999,1.0,18.0,1999,1.0,18.0,21.0,303.0,,300.0,603.0,,,,,,,"56,9185870408555",,,,
1999-0531-COD,1999,531,,Natural,Hydrological,Flood,Flash flood,,,Congo (the Democratic Republic of the),COD,Middle Africa,Africa,Kinshasa,Brief torrential rain,,,Yes,No,No,,,Km2,,,,Congo river,1999,11.0,29.0,1999,11.0,29.0,2.0,,65000.0,13000.0,78000.0,,,,,,,"56,9185870408555",,,,
1999-0474-COD,1999,474,,Natural,Biological,Epidemic,Viral disease,,Marburg virus,Congo (the Democratic Republic of the),COD,Middle Africa,Africa,Durba (Watsa Zone),,,,,No,No,,,Vaccinated,,,,,1999,1.0,,1999,5.0,,3.0,,72.0,,72.0,,,,,,,"56,9185870408555",,,,
1999-0518-ZMB,1999,518,,Natural,Biological,Epidemic,Bacterial disease,,Cholera,Zambia,ZMB,Eastern Africa,Africa,"Kaputa, Chiegi Districts",,,,,,,,,Vaccinated,,,,,1999,5.0,,1999,5.0,,23.0,,672.0,,672.0,,,,,,,"56,9185870408555",,,,
1999-0519-ZMB,1999,519,,Natural,Biological,Epidemic,Bacterial disease,,Cholera,Zambia,ZMB,Eastern Africa,Africa,"Lusaka, Ndola District",,,,,,,,,Vaccinated,,,,,1999,1.0,6.0,1999,1.0,6.0,44.0,,944.0,,944.0,,,,,,,"56,9185870408555",,,,
1999-0647-ZMB,1999,647,,Natural,Biological,Epidemic,Bacterial disease,,Cholera,Zambia,ZMB,Eastern Africa,Africa,Kaputa District,,,,,,,,,Vaccinated,,,,,1999,10.0,,1999,10.0,,2.0,,140.0,,140.0,,,,,,,"56,9185870408555",,,,
1999-0719-ZMB,1999,719,,Natural,Biological,Epidemic,,,Cholera,Zambia,ZMB,Eastern Africa,Africa,"Lusaku district (Central Province), Chilubi and Samfya districts (northern Province)",,,,,No,No,,,Vaccinated,,,,,1999,,,1999,6.0,,393.0,,11327.0,,11327.0,,,,,,,"56,9185870408555",,,,
1999-0520-ZWE,1999,520,,Natural,Biological,Epidemic,Bacterial disease,,Cholera,Zimbabwe,ZWE,Eastern Africa,Africa,"Harare, districts bordering Mozambique",,,,,,,,,Vaccinated,,,,,1999,1.0,,1999,1.0,,32.0,,135.0,,135.0,,,,,,,"56,9185870408555",,,,
1999-0634-ZWE,1999,634,,Natural,Biological,Epidemic,Bacterial disease,,Cholera,Zimbabwe,ZWE,Eastern Africa,Africa,Zvimba District,,,,,,,,,Vaccinated,,,,,1999,11.0,,1999,11.0,,20.0,,327.0,,327.0,,,,,,,"56,9185870408555",,,,
2000-0103-ZMB,2000,103,,Natural,Hydrological,Flood,Riverine flood,,,Zambia,ZMB,Eastern Africa,Africa,"Chiawa area (Kafue district, Lusaka province)","Dam/Levy, break or release and heavy rains",Broken Dam/Burst bank,,,,,,8500.0,Km2,,,,,2000,3.0,3.0,2000,3.0,4.0,,,12000.0,,12000.0,,,,,,,"58,8406484917497",2,,65206,Kafue (Adm2). 
2000-0917-ZAF,2000,917,,Natural,Meteorological,Storm,Convective storm,Tornado,,South Africa,ZAF,Southern Africa,Africa,"Newcastle town (Amajuba district, KwaZulu-Natal province",,Rain,,,,,,,Kph,,,,,2000,2.0,2.0,2000,2.0,2.0,1.0,100.0,,200.0,300.0,,,,,,,"58,8406484917497",2,,77333,Amajuba District Municipality (Adm2). 
2000-0037-REU,2000,37,,Natural,Meteorological,Storm,Tropical cyclone,,Connie,Réunion,REU,Eastern Africa,Africa,"Arrondissement du vent, Arrondissement sous le vent provinces",,,,,,,,153.0,Kph,,,,,2000,1.0,30.0,2000,1.0,30.0,2.0,,,600.0,600.0,,,,,,,"58,8406484917497",1,2590;2591,,"Arrondissement du vent, Arrondissement souse le vent (Adm1). "
2000-0520-RWA,2000,520,,Natural,Biological,Epidemic,Bacterial disease,,Meningococcal disease,Rwanda,RWA,Eastern Africa,Africa,Kabgayi district (Gitarana prefecture),,,,,No,No,,,Vaccinated,,,,,2000,7.0,,2000,8.0,22.0,10.0,,164.0,,164.0,,,,,,,"58,8406484917497",,,,
2000-0100-SDN,2000,100,,Natural,Biological,Epidemic,Bacterial disease,,,Sudan (the),SDN,Northern Africa,Africa,"Juba (Bahr el Jebel State), Upper Nile, Khartoum, Sennar, White Nile, Gezira, South Kordofan, Gedaref states",,,,,No,No,,70000.0,Vaccinated,,,,,2000,1.0,1.0,2000,3.0,31.0,186.0,,2363.0,,2363.0,,,,,,,"58,8406484917497",,,,
2000-0507-SEN,2000,507,,Natural,Hydrological,Flood,,,,Senegal,SEN,Western Africa,Africa,Linguere district (Louga province),,,,,,,,,Km2,,,,,2000,7.0,28.0,2000,7.0,28.0,,,,,,,,,,,,"58,8406484917497",2,,47594,Linguere (Adm2). 
2000-0369-SLE,2000,369,,Natural,Biological,Epidemic,,,Acute diarrhoeal syndrome,Sierra Leone,SLE,Western Africa,Africa,"Bajaila, Pujehun",,,,,,,,,Vaccinated,,,,,2000,6.0,,2000,6.0,,38.0,,,,,,,,,,,"58,8406484917497",,,,
2000-0259-SOM,2000,259,,Natural,Hydrological,Flood,Riverine flood,,,Somalia,SOM,Eastern Africa,Africa,"Jilib, Bu'aale districts (Juba Dhexe province), Jamaame district (Juba Hoose province), Jowhar, Balcad districts (Shabelle Dhexe province), Hiraan, Shabelle Hoose provinces",Heavy rain,,,,,,,46000.0,Km2,,,,"Juba, Lower Shabelle",2000,5.0,1.0,2000,5.0,1.0,,,3500.0,,3500.0,,,,,,,"58,8406484917497",1;2,2695;2697,25689;25698;25699;25702;25704,"Hiraan, Shabelle Hoose (Adm1). Balcad, Bu'aale, Jamaame, Jilib, Jowhar (Adm2). "
2000-0778-SOM,2000,778,,Natural,Hydrological,Flood,Riverine flood,,,Somalia,SOM,Eastern Africa,Africa,"Juba Hoose, Juba Dhexe provinces",Heavy rain,,,,,,,51400.0,Km2,,,,Jubba river,2000,11.0,20.0,2000,11.0,20.0,,,150000.0,,150000.0,,,,,,,"58,8406484917497",1,2696;2698,,"Juba Dhexe, Juba Hoose (Adm1). "
2000-0058-SOM,2000,58,,Natural,Biological,Epidemic,Bacterial disease,,Cholera,Somalia,SOM,Eastern Africa,Africa,"Mogadishu, Bay, Lower Juba, Lower Shabelle and Mudug",,,,,No,No,,,Vaccinated,,,,,2000,1.0,1.0,2000,4.0,21.0,230.0,,2232.0,,2232.0,,,,,,,"58,8406484917497",,,,
2000-0757-SOM,2000,757,,Natural,Biological,Epidemic,Bacterial disease,,Cholera,Somalia,SOM,Eastern Africa,Africa,"Boroma, Adwal region, Somaliland",,,,,No,No,,,Vaccinated,,,,,2000,10.0,14.0,2000,11.0,15.0,14.0,,258.0,,258.0,,,,,,,"58,8406484917497",,,,
2000-0087-SOM,2000,87,,Natural,Biological,Epidemic,,,Acute watery diarrhoeal syndrome,Somalia,SOM,Eastern Africa,Africa,"Janale, Golweyna (Shabelle Region)",,,,,,,,,Vaccinated,,,,,2000,2.0,,2000,2.0,,54.0,,,,,,,,,,,"58,8406484917497",,,,
2000-0221-SOM,2000,221,,Natural,Biological,Epidemic,,,Acute watery diarrhoeal syndrome,Somalia,SOM,Eastern Africa,Africa,Gedo region,,,,,,,,,Vaccinated,,,,,2000,4.0,,2000,4.0,,390.0,,,,,,,,,,,"58,8406484917497",,,,
2000-0490-SOM,2000,490,,Natural,Hydrological,Flood,,,,Somalia,SOM,Eastern Africa,Africa,"Mogadishu city (Banadir district, Banadir province)",,,,,,,,,Km2,,,,,2000,7.0,10.0,2000,7.0,10.0,,,,220000.0,220000.0,,,,,,,"58,8406484917497",2,,25672,Banadir (Adm2). 
2000-0096-SWZ,2000,96,,Natural,Hydrological,Flood,Riverine flood,,,Eswatini,SWZ,Southern Africa,Africa,"Hhohho, Lubombo, Manzini, Shiselweni provinces",,,,,,,,,Km2,,,,,2000,1.0,,2000,1.0,,,,272000.0,,272000.0,,,,,50.0,85.0,"58,8406484917497",1,2782;2783;2784;2785,,"Hhohho, Lubombo, Manzini, Shiselweni (Adm1). "
2000-0852-SWZ,2000,852,,Natural,Biological,Epidemic,Bacterial disease,,Cholera,Eswatini,SWZ,Southern Africa,Africa,"Lubombo, Hhohho, Manzini, Shiselweni regions",,,,,,,,,Vaccinated,,,,,2000,12.0,12.0,2000,12.0,12.0,32.0,,1449.0,,1449.0,,,,,,,"58,8406484917497",,,,
2000-0131-TCD,2000,131,,Natural,Biological,Epidemic,Bacterial disease,,,Chad,TCD,Middle Africa,Africa,"Logone Occidental, Logone Oriental, Moyen Chari, Mayo-Kebi",,,,,,,,,Vaccinated,,,,,2000,1.0,,2000,1.0,,602.0,,4500.0,,4500.0,,,,,,,"58,8406484917497",,,,
2000-0876-TCD,2000,876,,Natural,Biological,Epidemic,Bacterial disease,,Meningococcal disease,Chad,TCD,Middle Africa,Africa," Logone Occidental, Moyen-Chari, Logone Oriental, Guéra, Tandjile, Mayokebbi prefecture",,,,,Yes,No,,,Vaccinated,,,,,2000,12.0,25.0,2001,3.0,25.0,607.0,,5173.0,,5173.0,,,,,,,"58,8406484917497",,,,
2000-0653-TZA,2000,653,,Natural,Geophysical,Earthquake,Ground movement,,,"Tanzania, United Republic of",TZA,Eastern Africa,Africa,"Isale, Kipili, Kirando, Namanyere, Wampelembe, Kate areas (Nkasi district, Rukwa province)",,,,,,,,7.0,Richter,-7.977,30.709,5:25,,2000,10.0,2.0,2000,10.0,2.0,1.0,6.0,750.0,35.0,791.0,,,,,,,"58,8406484917497",2,,48474,Nkasi (Adm2). 
2000-0790-TZA,2000,790,,Natural,Hydrological,Flood,Riverine flood,,,"Tanzania, United Republic of",TZA,Eastern Africa,Africa,Mwanza province,Heavy rains,,,,,,,18960.0,Km2,,,,Mirongo,2000,12.0,1.0,2000,12.0,31.0,36.0,17.0,,1800.0,1817.0,,,,,,,"58,8406484917497",1,115006,,Mwanza (Adm1). 
2000-0056-TZA,2000,56,,Natural,Biological,Epidemic,Bacterial disease,,Cholera,"Tanzania, United Republic of",TZA,Eastern Africa,Africa,Mtwara region,,,,,,,,,Vaccinated,,,,,2000,1.0,8.0,2000,1.0,8.0,16.0,,254.0,,254.0,,,,,,,"58,8406484917497",,,,
2000-0075-TZA,2000,75,,Natural,Biological,Epidemic,Viral disease,,,"Tanzania, United Republic of",TZA,Eastern Africa,Africa,"Pembar, Zanzibar Isl.",,,,,,,,,Vaccinated,,,,,2000,2.0,11.0,2000,2.0,11.0,8.0,,200.0,,200.0,,,,,,,"58,8406484917497",,,,
2000-0135-TZA,2000,135,,Natural,Biological,Epidemic,Viral disease,,,"Tanzania, United Republic of",TZA,Eastern Africa,Africa,"Pemba, Unguja, Zanzibar Isl.",,,,,,,,,Vaccinated,,,,,2000,1.0,1.0,2000,1.0,1.0,9.0,,330.0,,330.0,,,,,,,"58,8406484917497",,,,
2000-0073-TZA,2000,73,,Natural,Biological,Epidemic,,,,"Tanzania, United Republic of",TZA,Eastern Africa,Africa,"Mburahati camp (Kinondoni district, Dar Es Salaam)",,,,,,,,,Vaccinated,,,,,2000,1.0,1.0,2000,1.0,1.0,4.0,,114.0,,114.0,,,,,,,"58,8406484917497",,,,
2000-0366-UGA,2000,366,,Natural,Biological,Epidemic,Bacterial disease,,Cholera,Uganda,UGA,Eastern Africa,Africa,Bundibugyo district,,,,,,,,,Vaccinated,,,,,2000,2.0,27.0,2000,2.0,27.0,22.0,,281.0,,281.0,,,,,,,"58,8406484917497",,,,
2000-0660-UGA,2000,660,,Natural,Biological,Epidemic,Viral disease,,Ebola haemorrhagic fever,Uganda,UGA,Eastern Africa,Africa,"Gulu, Mbarara, Masindi districts",,,,Yes,No,No,,,Vaccinated,,,,,2000,8.0,8.0,2001,2.0,28.0,224.0,,423.0,,423.0,,,,,,,"58,8406484917497",,,,
2000-0621-UGA,2000,621,,Natural,Meteorological,Storm,,,,Uganda,UGA,Eastern Africa,Africa,Bukonjo district (Kasese province),,,,,,,,,Kph,,,,,2000,9.0,21.0,2000,9.0,21.0,,,,10000.0,10000.0,,,,,,,"58,8406484917497",2,,42206,Bukonjo (Adm2). 
2000-0624-UGA,2000,624,,Natural,Biological,Epidemic,,,Acute diarroheal syndrome,Uganda,UGA,Eastern Africa,Africa,Kabutabwe Bubandi (Bundibugyo district),,,,,,,,,Vaccinated,,,,,2000,9.0,,2000,9.0,,13.0,,19.0,,19.0,,,,,,,"58,8406484917497",,,,
2000-0734-UGA,2000,734,,Natural,Meteorological,Storm,,,,Uganda,UGA,Eastern Africa,Africa,"Parombo village (Padyere district, Nebbi province)",,,,,,,,,Kph,,,,,2000,11.0,6.0,2000,11.0,6.0,,5.0,,,5.0,,,,,,,"58,8406484917497",2,,28516,Padyere (Adm2). 
2000-0754-ZAF,2000,754,,Natural,Hydrological,Flood,Flash flood,,,South Africa,ZAF,Southern Africa,Africa,Kwazulu-Natal province,Brief torrential rain,,,,,,,25650.0,Km2,,,,"Mzingazi, Sikhwedezi, Nkonjane",2000,11.0,19.0,2000,11.0,23.0,3.0,,3000.0,,3000.0,,,,,,,"58,8406484917497",1,77311,,KwaZulu-Natal (Adm1). 
2000-0043-ZAF,2000,43,,Natural,Hydrological,Flood,Riverine flood,,,South Africa,ZAF,Southern Africa,Africa,"Mpumalanga, KwaZulu-Natal, Gauteng provinces",Heavy rain,,,Yes,,,,,Km2,,,,"Jukskei, Klip, Crocodile",2000,1.0,26.0,2000,3.0,27.0,83.0,,,200.0,200.0,,,50000.0,84975.0,160000.0,271921.0,"58,8406484917497",1,2708;77311;77313,,"Gauteng, KwaZulu-Natal, Mpumalanga (Adm1). "
2000-0861-ZAF,2000,861,,Natural,Hydrological,Flood,Riverine flood,,,South Africa,ZAF,Southern Africa,Africa,KwaZulu-Natal province,,,,,,,,,Km2,,,,,2000,12.0,9.0,2000,12.0,9.0,7.0,,,,,,,,,,,"58,8406484917497",1,77311,,KwaZulu-Natal (Adm1). 
2000-0017-ZAF,2000,17,,Natural,Climatological,Wildfire,"Land fire (Brush, Bush, Pasture)",,,South Africa,ZAF,Southern Africa,Africa,"City of Capta Town Metropolitan Municipality (Western Cape province, Cape Town region)",,,,,,,,,Km2,,,,,2000,1.0,15.0,2000,1.0,19.0,,,1000.0,250.0,1250.0,,,8000.0,13596.0,10000.0,16995.0,"58,8406484917497",2,,77317,City of Cape Town Metropolitan Municipality (Adm2). 
2000-0649-ZAF,2000,649,,Natural,Biological,Epidemic,Bacterial disease,,Cholera,South Africa,ZAF,Southern Africa,Africa,"Lower Umfolozi districts, Eshowe/Nkandla area, KwaDukuza/Stanger area, Ugu Region/South Coast (KwaZulu-Natal province)",,,,,No,No,,,Vaccinated,,,,,2000,8.0,19.0,2001,4.0,16.0,181.0,,86107.0,,86107.0,,,,,,,"58,8406484917497",,,,
2000-0133-COD,2000,133,,Natural,Biological,Epidemic,Viral disease,,Marburd virus,Congo (the Democratic Republic of the),COD,Middle Africa,Africa,"Durba, Watsa District (Orientale Province)",,,,,,,,,Vaccinated,,,,,2000,1.0,,2000,1.0,,10.0,,1.0,,1.0,,,,,,,"58,8406484917497",,,,
2000-0120-COD,2000,120,,Natural,Biological,Epidemic,,,,Congo (the Democratic Republic of the),COD,Middle Africa,Africa,"Aketi, Oriental Province",,,,,,,,,Vaccinated,,,,,2000,1.0,15.0,2000,1.0,15.0,16.0,,62.0,,62.0,,,,,,,"58,8406484917497",,,,
2000-0424-ZMB,2000,424,,Natural,Biological,Epidemic,Bacterial disease,,Cholera,Zambia,ZMB,Eastern Africa,Africa,,,,,,,,,,Vaccinated,,,,,2000,1.0,,2000,1.0,,163.0,,1101.0,,1101.0,,,,,,,"58,8406484917497",,,,
2000-0185-ZMB,2000,185,,Natural,Biological,Epidemic,,,Acute diarrhoeal syndrome,Zambia,ZMB,Eastern Africa,Africa,"Mununga, Luapula Provinces",,,,,,,,,Vaccinated,,,,,2000,3.0,,2000,3.0,,,,123.0,,123.0,,,,,,,"58,8406484917497",,,,
2000-0083-ZWE,2000,83,,Natural,Hydrological,Flood,Riverine flood,,,Zimbabwe,ZWE,Eastern Africa,Africa,"Chimanimani, Mutare districts (Manicaland province), Chiredzi district (Masvingo province), Matobo district (Matabeleland South province), Midlands province",Heavy rain,,,Yes,,,3301.0,295.0,Km2,,,,"Limpopo, Save, Mutirikwi and Runde rivers",2000,1.0,26.0,2000,3.0,27.0,70.0,,200000.0,66000.0,266000.0,,,,,72900.0,123894.0,"58,8406484917497",1;2,3444,33054;33082;33099;61704,"Midlands (Adm1). Chimanimani, Chiredzi, Matobo, Mutare (Adm2). "
2000-0300-ZWE,2000,300,,Natural,Biological,Epidemic,Bacterial disease,,Cholera,Zimbabwe,ZWE,Eastern Africa,Africa,,,,,,,,,,Vaccinated,,,,,2000,1.0,,2000,1.0,,93.0,,1675.0,,1675.0,,,,,,,"58,8406484917497",,,,
2000-0822-ZWE,2000,822,,Natural,Biological,Epidemic,Bacterial disease,,,Zimbabwe,ZWE,Eastern Africa,Africa,Chegutu district,,,,,,,,,Vaccinated,,,,,2000,11.0,,2000,11.0,,11.0,,769.0,,769.0,,,,,,,"58,8406484917497",,,,
2000-0863-ZWE,2000,863,,Natural,Biological,Epidemic,Bacterial disease,,Cholera,Zimbabwe,ZWE,Eastern Africa,Africa,Beit Bridge district,,,,,,,,,Vaccinated,,,,,2000,12.0,30.0,2000,12.0,30.0,8.0,,368.0,,368.0,,,,,,,"58,8406484917497",,,,
2001-9152-AGO,2001,9152,,Natural,Climatological,Drought,Drought,,,Angola,AGO,Middle Africa,Africa,Cuanza Sul province,,Famine,,,,,,,Km2,,,,,2001,1.0,,2001,,,58.0,,,,,,,,,,,"60,5035788853056",1,403,,Cuanza Sul (Adm1). 
2001-0005-TZA,2001,5,,Natural,Geophysical,Earthquake,Ground movement,,,"Tanzania, United Republic of",TZA,Eastern Africa,Africa,Rungwe district (Mbeya province),,,,,,,,4.0,Richter,-9.278,33.766,,,2001,1.0,5.0,2001,1.0,5.0,,,,700.0,700.0,,,,,,,"60,5035788853056",2,,48442,Rungwe (Adm2). 
2001-0109-TZA,2001,109,,Natural,Hydrological,Flood,Flash flood,,,"Tanzania, United Republic of",TZA,Eastern Africa,Africa,"Jangwani area (Ilala district, Dar-es-salaam province), Mtoni area (Temeke district, Dar-es-salaam province), Kigogo, Kinondoni, Manzese, Ubungo area (Kinondoni district, Dar-es-salaam province) Dar es Salaam city, area.",Brief torrential rain,,,,,,,108.0,Km2,,,,,2001,2.0,27.0,2001,2.0,27.0,5.0,,,200.0,200.0,,,,,,,"60,5035788853056",2,,48388;48389;48390,"Ilala, Kinondoni, Temeke (Adm2). "
2001-0047-TZA,2001,47,,Natural,Hydrological,Landslide,Landslide,,,"Tanzania, United Republic of",TZA,Eastern Africa,Africa,"Mtanga village (Kigoma Rural district, Kigoma province)",,,,,,,,,,,,,,2001,1.0,22.0,2001,1.0,22.0,13.0,,,150.0,150.0,,,,,,,"60,5035788853056",2,,115055,Kigoma Rural (Adm2). 
2001-0037-ZAF,2001,37,,Natural,Meteorological,Storm,,,,South Africa,ZAF,Southern Africa,Africa,Mogadi area (KwaZulu-Natal province),,,,,,,,,Kph,,,,,2001,1.0,30.0,2001,1.0,30.0,14.0,10.0,,,10.0,,,,,,,"60,5035788853056",1,77311,,KwaZulu-Natal (Adm1). 
2001-0091-ZMB,2001,91,,Natural,Hydrological,Flood,,,,Zambia,ZMB,Eastern Africa,Africa,"Eastern, Northern, North-Western, Cooperbelt, Central, Lusaka provinces",,,,,,,,,Km2,,,,,2001,2.0,,2001,2.0,,5.0,,617900.0,,617900.0,,,,,,,"60,5035788853056",1,3426;3427;3428;3430;3431;3432,,"Central, Copperbelt, Eastern, Lusaka, North-Western, Northern (Adm1). "
2001-0082-ZWE,2001,82,,Natural,Hydrological,Flood,,,,Zimbabwe,ZWE,Eastern Africa,Africa,"Centenary, Guruve districts (Mashonaland Central province), Tsholotsho district (Matabeleland province)",,,,,,,98.0,,Km2,,,,,2001,2.0,,2001,2.0,,13.0,,30000.0,,30000.0,,,,,3600.0,5950.0,"60,5035788853056",2,,33061;33093;68808,"Centenary, Guruve, Tsholotsho (Adm2). "
2001-0146-AGO,2001,146,,Natural,Hydrological,Flood,Riverine flood,,,Angola,AGO,Middle Africa,Africa,"Xangongo village (Ombadja district, Cunene province), Onjiva village (Cuanhama district, Cunene province), Luacho, Senje, Muhaningo, Seco, Dombre-Grande, Canto villages (Baia Farta district, Benguela province), Namibe city, Macala, Lucira villages (Namibe district, Namibe province), Bibala, Camacuio districts (Namibe province), Lubango, Quipungo, Caluquembe districts (Huila province), Namacunde district (Cunene province), Luanda district (Luanda province), Bengo province",Heavy rain,,,Yes,,,75.0,24780.0,Km2,,,,"Beiro, Giraul rivers",2001,4.0,2.0,2001,4.0,9.0,48.0,,39928.0,,39928.0,,,,,,,"60,5035788853056",1;2,398,4214;4258;4261;4262;4276;4284;4287;4299;4337;4338;4339,"Bengo (Adm1). Baia Farta, Bibala, Caluquembe, Camacuio, Cuanhama, Luanda, Lubango, Namacunde, Namibe, Ombadja, Quipungo (Adm2). "
2001-0427-AGO,2001,427,,Natural,Biological,Epidemic,Bacterial disease,,Meningococcal disease,Angola,AGO,Middle Africa,Africa,"Balombo municipality (Benguela province), Cunene, Lunda Sul and Cuando Cubango provinces",,,,,No,No,,,Vaccinated,,,,,2001,5.0,,2001,10.0,2.0,30.0,,332.0,,332.0,,,,,,,"60,5035788853056",,,,
2001-0519-AGO,2001,519,,Natural,Biological,Epidemic,Bacterial disease,,Meningococcal disease,Angola,AGO,Middle Africa,Africa,"Benguela, Cuando, Cubango, Cunene provinces",,,,,,,,,Vaccinated,,,,,2001,5.0,,2001,5.0,,9.0,,88.0,,88.0,,,,,,,"60,5035788853056",,,,
2001-0509-BEN,2001,509,,Natural,Biological,Epidemic,Bacterial disease,,Cholera,Benin,BEN,Western Africa,Africa,,,,,,,,,,Vaccinated,,,,,2001,1.0,,2001,1.0,,57.0,,2119.0,,2119.0,,,,,,,"60,5035788853056",,,,
2001-0635-BEN,2001,635,,Natural,Biological,Epidemic,Bacterial disease,,,Benin,BEN,Western Africa,Africa,"Atacora, Donga, Borgou, Alibori",,,,,,,,,Vaccinated,,,,,2001,8.0,27.0,2001,8.0,27.0,21.0,,109.0,,109.0,,,,,,,"60,5035788853056",,,,
2001-0667-BEN,2001,667,,Natural,Biological,Epidemic,Bacterial disease,,Meningococcal disease,Benin,BEN,Western Africa,Africa,"Atacora, Donda, Borgou, Alibori departments",,,,,No,No,,,Vaccinated,,,,,2001,1.0,1.0,2001,3.0,25.0,300.0,,7532.0,,7532.0,,,,,,,"60,5035788853056",,,,
2001-0533-BFA,2001,533,,Natural,Biological,Epidemic,Bacterial disease,,Cholera,Burkina Faso,BFA,Western Africa,Africa,Ourgaye district (Tenkodogo region),,,,,No,No,,,Vaccinated,,,,,2001,7.0,14.0,2001,9.0,16.0,6.0,,308.0,,308.0,,,,,,,"60,5035788853056",,,,
2001-0791-BFA,2001,791,,Natural,Biological,Epidemic,Bacterial disease,,Meningococcal disease,Burkina Faso,BFA,Western Africa,Africa,"Diegougou, Pissy, Yako, Pama, Kaya Koupéla, Nanoro, Pô, Boussé, Houndé, Léo/TO, Réo, Ziniaré, Dori, Paul VI, Saponé, Sect 30, Zorgho, Kombissiri, Fada",,,,,No,No,,,Vaccinated,,,,,2001,12.0,,2002,5.0,15.0,1447.0,,11140.0,,11140.0,,,,,,,"60,5035788853056",,,,
2001-9044-BFA,2001,9044,,Natural,Climatological,Drought,Drought,,,Burkina Faso,BFA,Western Africa,Africa,Plateau Central province,,,,,,,,,Km2,,,,,2001,4.0,,2001,,,,,,,,,,,,,,"60,5035788853056",1,40286,,Plateau Central (Adm1). 
2001-0120-CAF,2001,120,,Natural,Biological,Epidemic,Bacterial disease,,Meningococcal disease,Central African Republic,CAF,Middle Africa,Africa,Paoua,,,,,No,No,,,Vaccinated,,,,,2001,2.0,18.0,2001,3.0,30.0,343.0,,1473.0,,1473.0,,,,,,,"60,5035788853056",,,,
2002-0074-AGO,2002,74,,Natural,Hydrological,Flood,Riverine flood,,,Angola,AGO,Middle Africa,Africa,Kuito district (Bie province),Heavy rains,,,,,,,,Km2,,,,,2002,2.0,6.0,2002,2.0,6.0,8.0,,,,,,,,,,,"61,4631882611914",2,,4230,Kuito (Adm2). 
2002-0275-BDI,2002,275,,Natural,Hydrological,Flood,Riverine flood,,,Burundi,BDI,Eastern Africa,Africa,"Bujumbura Mairie, Bujumbura Rural provinces",,,,,,,,,Km2,,,,,2002,5.0,6.0,2002,5.0,6.0,,,6000.0,,6000.0,,,,,,,"61,4631882611914",1,40543;40544,,"Bujumbura Mairie, Bujumbura Rural (Adm1). "
2002-0452-BDI,2002,452,,Natural,Biological,Epidemic,Bacterial disease,,Cholera,Burundi,BDI,Eastern Africa,Africa,"Bujumbura, Citiboke, Bubanza",inadequate suppky of safe drinking water and use of polluted local water sources,,,,No,No,,,Vaccinated,,,,,2002,6.0,17.0,2002,8.0,22.0,13.0,,781.0,,781.0,,,,,,,"61,4631882611914",,,,
2002-0504-BDI,2002,504,,Natural,Biological,Epidemic,Bacterial disease,,,Burundi,BDI,Eastern Africa,Africa,"Ngozi, Muyinga, Kirundo, Ruyigi, Gitega, Karuzi",,,,,No,No,,,Vaccinated,,,,,2002,7.0,6.0,2002,9.0,22.0,68.0,,934.0,,934.0,,,,,,,"61,4631882611914",,,,
2002-0458-BDI,2002,458,,Natural,Biological,Epidemic,,,Acute watery diarrhoeal syndrome,Burundi,BDI,Eastern Africa,Africa,Cibitoke province,,,,,,,,,Vaccinated,,,,,2002,7.0,,2002,7.0,,6.0,,448.0,,448.0,,,,,,,"61,4631882611914",,,,
2002-0842-BDI,2002,842,,Natural,Hydrological,Flood,,,,Burundi,BDI,Eastern Africa,Africa,"Buringa area (Gihanga district, Bubanza province)",,,,,,,,,Km2,,,,,2002,3.0,,2002,3.0,,,,2000.0,,2000.0,,,,,,,"61,4631882611914",2,,48356,Gihanga (Adm2). 
2002-0261-BEN,2002,261,,Natural,Biological,Epidemic,Bacterial disease,,,Benin,BEN,Western Africa,Africa,,,,,,,,,,Vaccinated,,,,,2002,1.0,,2002,1.0,,50.0,,452.0,,452.0,,,,,,,"61,4631882611914",,,,
2002-0052-CAF,2002,52,,Natural,Climatological,Wildfire,Forest fire,,,Central African Republic,CAF,Middle Africa,Africa,"Yaloké district (Ombella M'Poko province), Bria district (Haute-Kotto province)",,,,,,,,,Km2,,,,,2002,1.0,30.0,2002,1.0,30.0,1.0,,,750.0,750.0,,,,,,,"61,4631882611914",2,,12846;12881,"Bria, Yaloké (Adm2). "
2002-0658-CAF,2002,658,,Natural,Biological,Epidemic,Viral disease,,Acute Hepatitis E,Central African Republic,CAF,Middle Africa,Africa,Bangui,,,,,,,,,Vaccinated,,,,,2002,7.0,22.0,2002,7.0,22.0,6.0,,727.0,,727.0,,,,,,,"61,4631882611914",,,,
2003-0072-AGO,2003,72,,Natural,Hydrological,Flood,Riverine flood,,,Angola,AGO,Middle Africa,Africa,"Luanda, Luanda Norte, Malanje provinces",Heavy rains,,,,,,,115300.0,Km2,,,,"Upper Cuanza, Cuanango ",2003,2.0,6.0,2003,2.0,20.0,9.0,,,600.0,600.0,,,,,,,"62,8584595000413",1,408;409;411,,"Luanda, Lunda Norte, Malanje (Adm1). "
2003-0040-BFA,2003,40,,Natural,Biological,Epidemic,Bacterial disease,,Meningococcal disease,Burkina Faso,BFA,Western Africa,Africa,"Ouagadougou, Manga, Bogande, Pama, Po, Bousla, Bousse, Zabre, Zorgho, Batie, Leo",,,,,No,No,,2000000.0,Vaccinated,,,,,2003,1.0,1.0,2003,4.0,20.0,1058.0,,7146.0,,7146.0,,,,,,,"62,8584595000413",,,,
2001-0299-CMR,2001,299,,Natural,Hydrological,Flood,Flash flood,,,Cameroon,CMR,Middle Africa,Africa,"Limbé area (Fako district, Sud - Ouest province)",Brief torrential rain,"Slide (land, mud, snow, rock)",,,,,,1080.0,Km2,4.022,9.2,,,2001,6.0,28.0,2001,6.0,29.0,30.0,,,1500.0,1500.0,,,,,,,"60,5035788853056",2,,12510,Fako (Adm2). 
2001-0620-DZA,2001,620,,Natural,Hydrological,Flood,Riverine flood,,,Algeria,DZA,Northern Africa,Africa,"Bab el oued, Oued Koriche, Bologhine, Rais Hamidou, Bains Romains, Ain Benian, Bouzareah, Dely Brahim, El Biar, Casbah, Alger districts (Alger province), Djinet, Zemmouri districts (Boumerdes province), El Marsa, Moussadek, Heranfa, Tenes, Sidi Abderrahmane, Dahra, Talassa, Bouzghaia, Taougrit, Tadjena, Breira, Oued Goussine, Sidi Akkache, Zeboudja, Abou El Hassan districts (Chlef province), El Mamounia, Ain Fares, El Goumri, Bouhnifia, El Gaada, Bouhani, Sidi Abdeldjabar, Oued El Abtal, Gherrous, Sidi Abdelmoumen, Ain Frass districts (Mascara province), Sidi Bellater, Mostaganem, Ain Nouissi, Forkala, El Hassaine, Ain Boudinar, Kheireddine, Seyada, Sidi Lakhdar, Achacha, Sour districts (Mostaganen province), Sidi Chahmi, Azrew, Gdyel, Bettioua, Mers El Hadjadj, Oued Tlilat, El Braya, Ain Turk, El Ancer, Mers El Kebir districts (Oran province), Hamri, Sidi Khettab, Bellasel, Ouarizane, Ouled Sidi Mihoub,El Matmar districts (Relizane province), Saida, Ain Hadjer, El Hassasna, Oued Khaled, Ain Skhouna districts (Saida province), Sidi Ghiles, Damous, Aghbal, Beni Melik districts (Tipaza province), Tigzirt, Azzefoun, Mezrana, Akkerou, Iflicen, Ait Chaffa, Aghrib districts (Tizi Ouzou province), Tlemcen, Sebdou, El Ghazaouet, Sidi Djilali, Beni Senous, Terni, Ben Sekrane, Maghnia, Ain Ghouraba, Ain Tounane-Souahlia, Ain Talout districts (Tlemcen province), Ain-Defla province","Heavy rains, hail and winds","Slide (land, mud, snow, rock)",,Yes,,Yes,5739.0,970.0,Km2,,,,,2001,11.0,10.0,2001,11.0,14.0,921.0,423.0,45000.0,,45423.0,,,,,300000.0,495838.0,"60,5035788853056",1;2,342,37723;37725;37726;37729;37737;37741;37742;37745;37750;37765;37770;38076;38094;38095;38102;38103;38106;38109;38111;38113;38115;38122;38123;38125;38126;38127;38128;38129;38427;38430;38434;38435;38438;38439;38443;38447;38460;38465;38466;38571;38572;38573;38577;38578;38582;38586;38592;38594;38595;38598;38616;38617;38619;38624;38625;38628;38632;38633;38636;38638;38693;38701;38703;38712;38716;38720;38728;38729;38732;38737;38738;39002;39005;39011;39026;39054;39061;39069;39072;39090;39101;39109;39121;39124;39135;39136;39146;39151;39161;39163;39165;39168;39170,"Ain-Defla (Adm1). Abou El Hassen, Achaacha, Aghbal, Aghrib, Ain Benian, Ain Boudinar, Ain El Hadjar, Ain Fares, Ain Frass, Ain Ghoraba, Ain Nouissi, Ain Skhouna, Ain Tallout, Ain Turk, Ait Chaffaa, Akerrou, Alger, Arzew, Azeffoun, Bab El Oued, Bains Romains, Belaassel Bouzegza, Beni Milleuk, Beni Snous, Bensekrane, Bethioua, Bologhine Ibn Ziri, Bouhanifia, Bouhenni, Bouzareah, Bouzeghaia, Breira, Casbah, Dahra, Damous, Dely Brahim, Djinet, El Ancor, El Biar, El Braya, El Gaada, El Ghomri, El Hamri, El Hassasna, El Hessiane, El Mamounia, El Marsa, El Matmar, Fornaka, Gdyel, Gharrous, Ghazaouet, Herenfa, Iflissen, Kheir Eddine, Maghnia, Marsat El Hadjadj, Mers El Kebir, Mizrana, Mostaganem, Moussadek, Ouarizane, Oued El Abtal, Oued Ghoussine, Oued Koriche, Oued Tlelat, Ouled Khaled, Ouled Sidi Mihoub, Rais Hamidou, Saida, Sayada, Sebdou, Sidi Abdeldjabar, Sidi Abdelmoumene, Sidi Abderrahmane, Sidi Akkacha, Sidi Belattar, Sidi Chami, Sidi Djillali, Sidi Ghiles, Sidi Khettab, Sidi Lakhdar, Souahlia, Sour, Tadjena, Talassa, Taougrite, Tenes, Terni Beni Hediel, Tigzirt, Tlemcen, Zeboudja, Zemmouri (Adm2). "
2001-9409-MRT,2001,9409,,Natural,Climatological,Drought,Drought,,,Mauritania,MRT,Western Africa,Africa,"Assaba, Brakna, Gorgol, Tagant, Nouackchott, Inchiri, Adrar, Hodh el Gharbi, Hodh ech Chargi, Tiris-Zemmour, Dakhlet-Nouadhibou provinces",,Food shortage,,,Yes,,417.0,,Km2,,,,,2001,4.0,,2003,,,,,1000000.0,,1000000.0,,,,,,,"60,5035788853056",1,2004;2005;2006;2007;2008;2010;2011;2012;2013;2014;2015,,"Adrar, Assaba, Brakna, Dakhlet-Nouadhibou, Gorgol, Hodh Ech Chargi, Hodh El Gharbi, Inchiri, Nouakchott, Tagant, Tiris-Zemmour (Adm1). "
2001-9044-MLI,2001,9044,,Natural,Climatological,Drought,Drought,,,Mali,MLI,Western Africa,Africa,"Bamako, Gao, Kayes, Koulikoro, Mopti, Segou, Sikasso provinces; Dire, Gourma-Rharous, Niafunke districts (Tombouctou province) (South/Sahel region)",,Famine,,,,,,,Km2,,,,,2001,4.0,,2001,,,,,,,,,,,,,,"60,5035788853056",1;2,1926;1927;1928;1930;1931;1932;1933,19416;19418;19419,"Bamako, Gao, Kayes, Koulikoro, Mopti, Segou, Sikasso (Adm1). Dire, Gourma-Rharous, Niafunke (Adm2). "
2001-0429-CIV,2001,429,,Natural,Biological,Epidemic,Bacterial disease,,Cholera,Côte dIvoire,CIV,Western Africa,Africa,Entire country,,,,,No,No,,,Vaccinated,,,,,2001,5.0,,2001,9.0,21.0,175.0,,2977.0,,2977.0,,,,,,,"60,5035788853056",,,,
2001-0426-CIV,2001,426,,Natural,Biological,Epidemic,Viral disease,,Yellow fever,Côte dIvoire,CIV,Western Africa,Africa,"Daloa, Issia, Danane, Divo, Lakota, Gagnoa, Duekoue, Abidjan districts",,,,,No,No,,2610994.0,Vaccinated,,,,,2001,3.0,23.0,2001,10.0,8.0,21.0,,203.0,,203.0,,,,,,,"60,5035788853056",,,,
2001-0428-CMR,2001,428,,Natural,Biological,Epidemic,Bacterial disease,,Cholera,Cameroon,CMR,Middle Africa,Africa,Kousseri town,,,,,,,,,Vaccinated,,,,,2001,6.0,25.0,2001,6.0,25.0,3.0,,155.0,,155.0,,,,,,,"60,5035788853056",,,,
2001-9067-CMR,2001,9067,,Natural,Climatological,Drought,Drought,,,Cameroon,CMR,Middle Africa,Africa,Nord province,,,,,,,,,Km2,,,,,2001,1.0,,2001,,,,,,,,,,,,,,"60,5035788853056",1,820,,Nord (Adm1). 
2001-0731-COG,2001,731,,Natural,Biological,Epidemic,Viral disease,,Ebola,Congo (the),COG,Middle Africa,Africa,"Kelle, Mbomo districts",,,,,No,No,,,Vaccinated,,,,,2001,11.0,,2002,3.0,21.0,19.0,,13.0,,13.0,,,,,,,"60,5035788853056",,,,
2001-0448-ETH,2001,448,,Natural,Hydrological,Flood,Riverine flood,,,Ethiopia,ETH,Eastern Africa,Africa,"Dubti, Asaita areas (Zone 1 district, Afar province)",,,,,,,,,Km2,,,,,2001,8.0,10.0,2001,8.0,10.0,5.0,,31000.0,,31000.0,,,,,,,"60,5035788853056",2,,40788,Zone 1 (Adm2). 
2001-0643-ETH,2001,643,,Natural,Biological,Epidemic,Bacterial disease,,Meningococcal disease,Ethiopia,ETH,Eastern Africa,Africa,"Amhara, Gambella, Somali, Tigray, Diredawa Regional Administration, Oromia and southern region",,,,,No,No,,,Vaccinated,,,,,2001,1.0,,2001,5.0,31.0,311.0,,5955.0,,5955.0,,,,,,,"60,5035788853056",,,,
2001-0790-ETH,2001,790,,Natural,Biological,Epidemic,Bacterial disease,,Meningococcal,Ethiopia,ETH,Eastern Africa,Africa,"woredas of Dale and Sheedina (Sidama Sone of the Southern Nations, Nationalities and Peoples (SNNPR))",,,,,No,No,,,Vaccinated,,,,,2001,9.0,10.0,2002,2.0,3.0,118.0,,2211.0,,2211.0,,,,,,,"60,5035788853056",,,,
2001-0464-ETH,2001,464,,Natural,Hydrological,Flood,,,,Ethiopia,ETH,Eastern Africa,Africa,Gambela province,,,,,,,,,Km2,,,,,2001,7.0,,2001,7.0,,,,6000.0,,6000.0,,,,,,,"60,5035788853056",1,1232,,Gambela (Adm1). 
2001-0769-ETH,2001,769,,Natural,Hydrological,Flood,,,,Ethiopia,ETH,Eastern Africa,Africa,"Himora town (Western district, Tigray province)",,,,,,,,,Km2,,,,,2001,8.0,,2001,8.0,,,,2500.0,,2500.0,,,,,,,"60,5035788853056",2,,47711,Western (Adm2). 
2001-0662-GAB,2001,662,,Natural,Biological,Epidemic,Viral disease,,Ebola,Gabon,GAB,Middle Africa,Africa,Ogooué-Ivindo province (Zadie department),,,,,No,No,,,Vaccinated,,,,,2001,11.0,,2002,5.0,6.0,50.0,,10.0,,10.0,,,,,,,"60,5035788853056",,,,
2001-0314-GHA,2001,314,,Natural,Hydrological,Flood,Riverine flood,,,Ghana,GHA,Western Africa,Africa,"Accra, Nsawam, Adoagyr, Zongo, Odaw boroughs (Accra Metropolis district, Greater Accra province)",Monsoonal rain,,,Yes,,,683.0,420.0,Km2,,,,,2001,6.0,27.0,2001,6.0,30.0,12.0,25.0,139000.0,5000.0,144025.0,,,,,,,"60,5035788853056",2,,190655,Accra Metropolis (Adm2). 
2001-0272-GHA,2001,272,,Natural,Biological,Epidemic,Bacterial disease,,,Ghana,GHA,Western Africa,Africa,,,,,,,,,,Vaccinated,,,,,2001,1.0,,2001,1.0,,,,733.0,,733.0,,,,,,,"60,5035788853056",,,,
2001-0372-GHA,2001,372,,Natural,Biological,Epidemic,Bacterial disease,,Cholera,Ghana,GHA,Western Africa,Africa,"Greater Accra, Volta, Western regions",,,,,,,,,Vaccinated,,,,,2001,4.0,1.0,2001,4.0,1.0,12.0,,408.0,,408.0,,,,,,,"60,5035788853056",,,,
2001-0549-GIN,2001,549,,Natural,Hydrological,Flood,Riverine flood,,,Guinea,GIN,Western Africa,Africa,Kankan province,Heavy rain,,,,,,773.0,200.0,Km2,,,,"Niger River and its tributaries Sankarani, Fie, Milo, Djon, Niandan, Sankarani, Tinkisso and Mafou",2001,8.0,18.0,2001,10.0,9.0,9.0,,220000.0,,220000.0,,,,,,,"60,5035788853056",1,40703,,Kankan (Adm1). 
2001-0518-GIN,2001,518,,Natural,Biological,Epidemic,Bacterial disease,,Cholera,Guinea,GIN,Western Africa,Africa,N'zerekore region,,,,,No,No,,,Vaccinated,,,,,2001,8.0,6.0,2001,9.0,23.0,12.0,,143.0,,143.0,,,,,,,"60,5035788853056",,,,
2001-0489-GMB,2001,489,,Natural,Hydrological,Flood,,,,Gambia (the),GMB,Western Africa,Africa,"Kachikally, Farokono areas (Bakau city, Kombo Saint Mary district, Kanifing Municipal Council province)",,,,,,,,,Km2,,,,,2001,7.0,5.0,2001,7.0,5.0,1.0,,250.0,,250.0,,,,,,,"60,5035788853056",2,,16416,Kombo Saint Mary (Adm2). 
2001-0371-KEN,2001,371,,Natural,Biological,Epidemic,Bacterial disease,,Cholera,Kenya,KEN,Eastern Africa,Africa,Wajir district,,,,,,,,,Vaccinated,,,,,2001,6.0,1.0,2001,6.0,1.0,14.0,,222.0,,222.0,,,,,,,"60,5035788853056",,,,
2001-0721-KEN,2001,721,,Natural,Biological,Epidemic,Parasitic disease,,,Kenya,KEN,Eastern Africa,Africa,Igoji division (Meru Central district),,,,,,,,,Vaccinated,,,,,2001,12.0,,2001,12.0,,5.0,,395.0,,395.0,,,,,,,"60,5035788853056",,,,
2001-0554-KEN,2001,554,,Natural,Biological,Epidemic,,,Aflatoxicosis,Kenya,KEN,Eastern Africa,Africa,Meru North district (Eastern province),,,,,,,,,Vaccinated,,,,,2001,8.0,,2001,8.0,,12.0,,24.0,,24.0,,,,,,,"60,5035788853056",,,,
2001-0690-LSO,2001,690,,Natural,Meteorological,Storm,,,,Lesotho,LSO,Southern Africa,Africa,Maseru province,,,,,,,,80.0,Kph,,,,,2001,12.0,19.0,2001,12.0,19.0,,,,1000.0,1000.0,,,,,,,"60,5035788853056",1,1807,,Maseru (Adm1). 
2001-0691-LSO,2001,691,,Natural,Meteorological,Storm,,,,Lesotho,LSO,Southern Africa,Africa,Berea province,,,,,,,,,Kph,,,,,2001,12.0,,2001,12.0,,1.0,1.0,1000.0,,1001.0,,,,,,,"60,5035788853056",1,1803,,Berea (Adm1). 
2001-0694-MAR,2001,694,,Natural,Hydrological,Flood,Riverine flood,,,Morocco,MAR,Northern Africa,Africa,"Settat district (Chaouia - Ouardigha province), Essaouira district (Marrakech - Tensift - Al Haouz province)",Heavy rains,,,,,,,6400.0,Km2,,,,Boumoussa river,2001,12.0,23.0,2001,12.0,26.0,15.0,,300.0,,300.0,,,,,2200.0,3636.0,"60,5035788853056",2,,21806;21830,"Essaouira, Settat (Adm2). "
2001-0524-MLI,2001,524,,Natural,Hydrological,Flood,Riverine flood,,,Mali,MLI,Western Africa,Africa,"Sikasso, Kidal, Mopti, Koulikoro, Bamako, Segou provinces",Heavy rains,,,Yes,Yes,,,8.0,Km2,,,,Niger,2001,8.0,18.0,2001,10.0,9.0,2.0,,3500.0,,3500.0,,,,,,,"60,5035788853056",1,1926;1929;1930;1931;1932;1933,,"Bamako, Kidal, Koulikoro, Mopti, Segou, Sikasso (Adm1). "
2001-0551-MOZ,2001,551,,Natural,Biological,Epidemic,Bacterial disease,,Cholera,Mozambique,MOZ,Eastern Africa,Africa,Mocuba district (Zambezia province),,,,,,,,,Vaccinated,,,,,2001,8.0,,2001,8.0,,7.0,,611.0,,611.0,,,,,,,"60,5035788853056",,,,
2001-9048-MOZ,2001,9048,,Natural,Climatological,Drought,Drought,,,Mozambique,MOZ,Eastern Africa,Africa,Inhambane province,,,,,,,,,Km2,,,,,2001,1.0,,2001,,,,,100000.0,,100000.0,,,,,,,"60,5035788853056",1,2114,,Inhambane (Adm1). 
2001-9122-MOZ,2001,9122,,Natural,Climatological,Drought,Drought,,,Mozambique,MOZ,Eastern Africa,Africa,"Maputo, Gaza, Inhambane, Sofala, Tete, Zambezia provinces",,,,,,,,900.0,Km2,,,,,2002,3.0,,2002,,,9.0,,600000.0,,600000.0,,,,,,,"60,5035788853056",1,2113;2114;2120;2121;2122;41373,,"Gaza, Inhambane, Maputo, Sofala, Tete, Zambezia (Adm1). "
2001-0767-MOZ,2001,767,,Natural,Hydrological,Flood,,,,Mozambique,MOZ,Eastern Africa,Africa,"Cabo Delgado, Gaza, Inhambane, Manica, Maputo, Nampula, Niassa, Sofala, Tete, Zambezia provinces",,,,,,,,,Km2,,,,,2001,7.0,,2001,7.0,,,,200000.0,,200000.0,,,,,,,"60,5035788853056",1,2112;2113;2114;2115;2118;2119;2120;2121;2122;41373,,"Cabo Delgado, Gaza, Inhambane, Manica, Maputo, Nampula, Niassa, Sofala, Tete, Zambezia (Adm1). "
2001-0483-MRT,2001,483,,Natural,Hydrological,Flood,Riverine flood,,,Mauritania,MRT,Western Africa,Africa,Akjoujt district (Inchiri province),,,,,,,,,Km2,,,,,2001,8.0,24.0,2001,8.0,24.0,,,,3000.0,3000.0,,,,,,,"60,5035788853056",2,,19521,Akjoujt (Adm2). 
2001-0778-MWI,2001,778,,Natural,Biological,Epidemic,Bacterial disease,,Cholera,Malawi,MWI,Eastern Africa,Africa,Southern regions districts,,,,,,,,,Vaccinated,,,,,2001,10.0,28.0,2001,10.0,28.0,502.0,,17352.0,,17352.0,,,,,,,"60,5035788853056",,,,
2001-0787-MWI,2001,787,,Natural,Biological,Epidemic,Bacterial disease,,Cholera,Malawi,MWI,Eastern Africa,Africa,"Lake Chilwa, Mangochi district",,,,,No,No,,,Vaccinated,,,,,2001,10.0,28.0,2002,3.0,9.0,609.0,,21414.0,,21414.0,,,,,,,"60,5035788853056",,,,
2002-9333-LSO,2002,9333,,Natural,Climatological,Drought,Drought,,,Lesotho,LSO,Southern Africa,Africa,"Qacha's Nek, Quthing, Mohale's Hoek provinces",,Famine,Food shortage,,,,,,Km2,,,,,2002,4.0,,2003,,,,,500000.0,,500000.0,,,,,,,"61,4631882611914",1,1808;1810;1811,,"Mohale's Hoek, Qacha's Nek, Quthing (Adm1). "
2002-0265-KEN,2002,265,,Natural,Hydrological,Flood,Riverine flood,,,Kenya,KEN,Eastern Africa,Africa,"Migori, Kisumu, Nyando, Rachuonyo districts (Nyanza province), Kirinyaga, Muranga, Thika districts (Central province), Busia districts (Western province), Ijara district (North Eastern province)",Heavy rain,"Slide (land, mud, snow, rock)",,,,,5621.0,,Km2,,,,"Mara, Tana, Sabaki",2002,4.0,26.0,2002,5.0,28.0,53.0,8.0,150000.0,,150008.0,,,,,,,"61,4631882611914",2,,51334;51336;51339;51354;51355;51356;51362;51369;51371;51373;51374;51396,"Busia, Ijara, Kirinyaga, Kisumu, Meru Central, Meru North, Meru South, Migori, Muranga, Nyando, Rachuonyo, Thika (Adm2). "
2002-0146-MDG,2002,146,,Natural,Meteorological,Storm,Tropical cyclone,,Hary,Madagascar,MDG,Eastern Africa,Africa,"Antalaha district (Sava province), Sainte-Marie district (Analanjirofo province), Toamasina I district (Atsinanana province)",,Rain,,,,,,300.0,Kph,,,,,2002,3.0,9.0,2002,3.0,11.0,1.0,,,,,,,,,,,"61,4631882611914",2,,154528;154556;154596,"Antalaha, Sainte Marie, Toamasina I (Adm2). "
2002-9398-CPV,2002,9398,,Natural,Climatological,Drought,Drought,,,Cabo Verde,CPV,Western Africa,Africa,"Santiago, Santo Antao Provinces",,Food shortage,,,,,,,Km2,,,,,2002,6.0,,2002,,,,,30000.0,,30000.0,,,,,,,"61,4631882611914",1,848;849,,"Santiago, Santo Antao (Adm1). "
2002-9535-GMB,2002,9535,,Natural,Climatological,Drought,Drought,,,Gambia (the),GMB,Western Africa,Africa,"NO DATA: all country selected: Central River, Kanifing Municipal Council, Lower River, North Bank, Upper River, West Coast provinces",Insufficient rains,Food shortage,,,Yes,,,,Km2,,,,,2002,5.0,,2002,,,,,,,,,,,,,,"61,4631882611914",1,1285;1287;1288;1289;1290;112869,,"Central River, Kanifing Municipal Council, Lower River, North Bank, Upper River, West Coast (Adm1). "
2002-9707-MDG,2002,9707,,Natural,Climatological,Drought,Drought,,,Madagascar,MDG,Eastern Africa,Africa,"Amoron I Mania, Androy, Anosy, Atsimo Andrefana, Atsimo Atsinanana, Haute Matsiatra, Ihorombe, Menabe, Vatovavy Fitovinany provinces (South regions)",,Famine,,,,,,,Km2,,,,,2002,11.0,,2004,,,,,600000.0,,600000.0,,,,,,,"61,4631882611914",1,41751;41754;41755;41756;41757;41763;41764;41767;41771,,"Amoron I Mania, Androy, Anosy, Atsimo Andrefana, Atsimo Atsinanana, Haute Matsiatra, Ihorombe, Menabe, Vatovavy Fitovinany (Adm1). "
2002-0256-CIV,2002,256,,Natural,Biological,Epidemic,Bacterial disease,,,Côte dIvoire,CIV,Western Africa,Africa,,,,,,,,,,Vaccinated,,,,,2002,1.0,,2002,1.0,,43.0,,244.0,,244.0,,,,,,,"61,4631882611914",,,,
2002-0451-CIV,2002,451,,Natural,Biological,Epidemic,Bacterial disease,,Cholera,Côte dIvoire,CIV,Western Africa,Africa,"Abidjan, Aboisso, Duekoue, Adzope, Bondoukou, Boundiali, Dimbokro, Ferkessedougou, Korhogo, Man, San Pedro, Seguela, Toouba",,,,,No,No,,,Vaccinated,,,,,2002,1.0,,2002,7.0,14.0,19.0,,562.0,,562.0,,,,,,,"61,4631882611914",,,,
2002-0832-CIV,2002,832,,Natural,Biological,Epidemic,Bacterial disease,,Cholera,Côte dIvoire,CIV,Western Africa,Africa,Tableguikou-gly (Divot district),,,,,No,No,,,Vaccinated,,,,,2002,12.0,22.0,2003,1.0,5.0,15.0,,55.0,,55.0,,,,,,,"61,4631882611914",,,,
2002-0739-COG,2002,739,,Natural,Hydrological,Flood,Riverine flood,,,Congo (the),COG,Middle Africa,Africa,"Plateaux, Cuvette, Sangha provinces",Heavy rain,,,,,,,,Km2,,,,Lower Congo river,2002,11.0,10.0,2003,1.0,5.0,,,5000.0,48000.0,53000.0,,,,,,,"61,4631882611914",1,971;977;979,,"Cuvette, Plateaux, Sangha (Adm1). "
2002-0854-COG,2002,854,,Natural,Biological,Epidemic,Viral disease,,Ebola,Congo (the),COG,Middle Africa,Africa,"Mbomo, Kelle Ambomi, Ongonda, Ndjoukou, Campement Mvoula, Mbomo (Western Cuvette region)",,,,,No,No,,,Vaccinated,,,,,2002,12.0,31.0,2003,5.0,6.0,128.0,,15.0,,15.0,,,,,,,"61,4631882611914",,,,
2002-0540-DZA,2002,540,,Natural,Hydrological,Flood,Riverine flood,,,Algeria,DZA,Northern Africa,Africa,"Ain Zerga district (Tebessa province), Ouled Aouf, Taxlent districts (Batna province), Telaghma district (Mila province), Dahouara district (Guelma province), Oum El Bouaghi, Khenchela, Souk-Ahras, Medea, Sidi Bel Abbes, Annaba provinces",Heavy rain,,,,,,279.0,25340.0,Km2,,,,Oued El Hadjama,2002,8.0,17.0,2002,8.0,28.0,29.0,16.0,2285.0,,2301.0,,,,,1500.0,2440.0,"61,4631882611914",1;2,345;364;367;374;378;380,37833;37845;38565;38930,"Annaba, Khenchela, Medea, Oum El Bouaghi, Sidi Bel Abbes, Souk-Ahras (Adm1). Ain Zerga, Ouled Aouf, Taxlent, Telaghma (Adm2). "
2002-0648-DZA,2002,648,,Natural,Hydrological,Flood,Riverine flood,,,Algeria,DZA,Northern Africa,Africa,"Hamma, Boutaleb districts (Setif province), Batna, Biskra provinces",Heavy rain,,,,,,,23940.0,Km2,,,,,2002,10.0,9.0,2002,10.0,12.0,13.0,4.0,,,4.0,,,,,,,"61,4631882611914",1;2,346;349,38770;38781,"Batna, Biskra (Adm1). Boutaleb, Hamma (Adm2). "
2002-0752-DZA,2002,752,,Natural,Hydrological,Flood,,,,Algeria,DZA,Northern Africa,Africa,"Bejaia, Tizi Ouzou provinces",,,,,,,,,Km2,,,,,2002,12.0,7.0,2002,12.0,7.0,6.0,,,,,,,,,,,"61,4631882611914",1,348;387,,"Bejaia, Tizi Ouzou (Adm1). "
2002-0545-EGY,2002,545,,Natural,Geophysical,Earthquake,Ground movement,,,Egypt,EGY,Northern Africa,Africa,Cairo province,,,,,,,,4.0,Richter,30.2,31.41,23:00,,2002,8.0,24.0,2002,8.0,24.0,,,250.0,,250.0,,,,,,,"61,4631882611914",1,61515,,Cairo (Adm1). 
2002-0144-EGY,2002,144,,Natural,Hydrological,Flood,Riverine flood,,,Egypt,EGY,Northern Africa,Africa,Shallatin district (Red Sea province),Heavy rain,,,,,,,560.0,Km2,,,,,2002,3.0,3.0,2002,3.0,11.0,4.0,,800.0,,800.0,,,,,,,"61,4631882611914",2,,65998,Shallatin (Adm2). 
2002-0789-EGY,2002,789,,Natural,Hydrological,Flood,,,,Egypt,EGY,Northern Africa,Africa,"Ayat district (Giza province), Cairo province",,,,,,,,,Km2,,,,,2002,12.0,20.0,2002,12.0,20.0,14.0,70.0,,,70.0,,,,,,,"61,4631882611914",1;2,61515,61702,Cairo (Adm1). Ayat (Adm2). 
2002-0225-ETH,2002,225,,Natural,Hydrological,Flood,Riverine flood,,,Ethiopia,ETH,Eastern Africa,Africa,"Afar, Oromia, Somali region",Heavy rain,,,,,,,282500.0,Km2,,,,,2002,4.0,16.0,2002,4.0,21.0,22.0,,4000.0,,4000.0,,,,,,,"61,4631882611914",1,1228;47678;47679,,"Afar, Oromia, Somali (Adm1). "
2002-0030-ETH,2002,30,,Natural,Biological,Epidemic,Viral disease,,Yellow fever suspected,Ethiopia,ETH,Eastern Africa,Africa,Kurmuk district (Benishangul-Gumuz regional state),,,,,No,No,,,Vaccinated,,,,,2002,1.0,15.0,2002,1.0,15.0,12.0,,,,,,,,,,,"61,4631882611914",,,,
2002-0215-GHA,2002,215,,Natural,Hydrological,Flood,Riverine flood,,,Ghana,GHA,Western Africa,Africa,Accra Metropolis district (Greater Accra province),,,,,,,,,Km2,,,,,2002,4.0,8.0,2002,4.0,8.0,,,200.0,,200.0,,,,,,,"61,4631882611914",2,,190655,Accra Metropolis (Adm2). 
2002-0373-GHA,2002,373,,Natural,Hydrological,Flood,Riverine flood,,,Ghana,GHA,Western Africa,Africa,"Accra Metropolis district (Greater Accra province), Kma district (Ashanti province)",Heavy rain,,,,,,8200.0,860.0,Km2,,,,,2002,6.0,10.0,2002,6.0,12.0,4.0,,2000.0,,2000.0,,,,,,,"61,4631882611914",2,,190655;190720,"Accra Metropolis, Kma (Adm2). "
2002-0257-GIN,2002,257,,Natural,Biological,Epidemic,Bacterial disease,,,Guinea,GIN,Western Africa,Africa,,,,,,,,,,Vaccinated,,,,,2002,1.0,,2002,1.0,,23.0,,123.0,,123.0,,,,,,,"61,4631882611914",,,,
2002-9332-GNB,2002,9332,,Natural,Climatological,Drought,Drought,,,Guinea-Bissau,GNB,Western Africa,Africa,"All country: Gabu, Bafata (mainly affected provinces in North-eastern), Biombo, Bolama/bijagos, Cacheu, Oio, Quinara, Sector Autonomo De Bissau, Tombali provinces",,,,,,,,,Km2,,,,,2002,5.0,,2002,5.0,,,,100000.0,,100000.0,,,,,,,"61,4631882611914",1,1385;1386;1387;1388;1389;1390;1391;1392;1393,,"Bafata, Biombo, Bolama/bijagos, Cacheu, Gabu, Oio, Quinara, Sector Autonomo De Bissau, Tombali (Adm1). "
2002-0711-KEN,2002,711,,Natural,Hydrological,Flood,Flash flood,,,Kenya,KEN,Eastern Africa,Africa,Kiambu district (Central province),"Dam/levy, break or release",,,,,,,920.0,Km2,,,,Riara,2002,11.0,17.0,2002,11.0,20.0,12.0,,2000.0,,2000.0,,,,,,,"61,4631882611914",2,,51333,Kiambu (Adm2). 
2002-0689-KEN,2002,689,,Natural,Hydrological,Flood,Riverine flood,,,Kenya,KEN,Eastern Africa,Africa,"Madogo area (Tana River district, Coast province), Kinango area (Kwale district, Coast province)",Heavy rain,,,,,,,77900.0,Km2,,,,,2002,10.0,29.0,2002,11.0,4.0,14.0,,20000.0,,20000.0,,,,,,,"61,4631882611914",2,,51341;51346,"Kwale, Tana River (Adm2). "
2002-0800-KEN,2002,800,,Natural,Hydrological,Flood,Riverine flood,,,Kenya,KEN,Eastern Africa,Africa,"Marigat area (Baringo district, Rift Valley province)",Heavy rain,,,,,,,750.0,Km2,,,,Perkerra,2002,12.0,21.0,2002,12.0,23.0,6.0,,3000.0,,3000.0,,,,,,,"61,4631882611914",2,,51377,Baringo (Adm2). 
2002-0248-KEN,2002,248,,Natural,Hydrological,Landslide,Landslide,,,Kenya,KEN,Eastern Africa,Africa,"Meru Central district (Eastern province), Muranga district (Central province)",,,,,,,,,,,,,,2002,4.0,30.0,2002,4.0,30.0,16.0,,,,,,,,,,,"61,4631882611914",2,,51336;51354,"Meru Central, Muranga (Adm2). "
2002-0581-LBR,2002,581,,Natural,Biological,Epidemic,Bacterial disease,,Acute diarrhoeal syndrome,Liberia,LBR,Western Africa,Africa,Monrovia (Montserado County),,,,,No,No,,,Vaccinated,,,,,2002,7.0,1.0,2002,9.0,1.0,,,661.0,,661.0,,,,,,,"61,4631882611914",,,,
2002-0734-MAR,2002,734,,Natural,Hydrological,Flood,Riverine flood,,,Morocco,MAR,Northern Africa,Africa,"Settat, Ben Slimane, Khouribga districts (Chaouia - Ouardigha province), Fès district (Fès - Boulemane province)",Heavy rain,,,,,,1241.0,40850.0,Km2,,,,"Bengueribi, El Maleh",2002,11.0,24.0,2002,11.0,29.0,80.0,17.0,15000.0,,15017.0,,,,,200000.0,325398.0,"61,4631882611914",2,,21805;21806;147339;147340,"Ben Slimane, F??s, Khouribga, Settat (Adm2). "
2002-0004-MDG,2002,4,,Natural,Meteorological,Storm,Tropical cyclone,,Cyprien,Madagascar,MDG,Eastern Africa,Africa,"Morondava district (Menabe province), Morombe, Toliary-I districts (Atsimo Andrefana province)",,,,,,,,150.0,Kph,,,,,2002,1.0,2.0,2002,1.0,2.0,2.0,,1900.0,,1900.0,,,,,181.0,294.0,"61,4631882611914",2,,154543;154545;154594,"Morombe, Morondava, Toliary-I (Adm2). "
2002-0281-MDG,2002,281,,Natural,Meteorological,Storm,Tropical cyclone,,Kesiny,Madagascar,MDG,Eastern Africa,Africa,"Antsiranana II, Ambilobe, Nosy-Be districts (Diana province), Vohemar district (Sava province), Fenerive Est, Maroantsetra districts (Analanjirofo province), Atsinanana province",,,,,,,205.0,180.0,Kph,,,,,2002,5.0,9.0,2002,5.0,9.0,20.0,1200.0,520000.0,5000.0,526200.0,,,,,,,"61,4631882611914",1;2,41758,154525;154527;154571;154573;154574;154598,"Atsinanana (Adm1). Ambilobe, Antsiranana II, Fenerive Est, Maroantsetra, Nosy-Be, Vohemar (Adm2). "
2002-0477-MDG,2002,477,,Natural,Biological,Epidemic,Viral disease,,Influenza,Madagascar,MDG,Eastern Africa,Africa,"Ikongo, Ambatofotsy, Tolongoina, Ambolomadinika districts (Fianarantsoa province) Mahajanga, Toamasina, Antanarivo, Toliara provinces",,,,,No,No,,,Vaccinated,,,,,2002,7.0,4.0,2002,8.0,29.0,671.0,,21975.0,,21975.0,,,,,,,"61,4631882611914",,,,
2002-0468-MLI,2002,468,,Natural,Hydrological,Flood,Riverine flood,,,Mali,MLI,Western Africa,Africa,"Goundam, Tombouctou districts (Tombouctou province), Gao, Bamako provinces",Heavy rains,,,Yes,Yes,,,,Km2,,,,,2002,7.0,26.0,2002,7.0,27.0,2.0,,22519.0,,22519.0,,,,,,,"61,4631882611914",1;2,1926;1927,19417;19420,"Bamako, Gao (Adm1). Goundam, Tombouctou (Adm2). "
2002-0258-MLI,2002,258,,Natural,Biological,Epidemic,Bacterial disease,,,Mali,MLI,Western Africa,Africa,,,,,,,,,,Vaccinated,,,,,2002,1.0,,2002,1.0,,33.0,,282.0,,282.0,,,,,,,"61,4631882611914",,,,
2002-0163-MOZ,2002,163,,Natural,Hydrological,Flood,Riverine flood,,,Mozambique,MOZ,Eastern Africa,Africa,"Cidade de Nampula district (Nampula province), Cidade da Beira (Sofala province)",Heavy rain,,,,,,,1176.0,Km2,,,,,2002,3.0,18.0,2002,3.0,22.0,,,,500.0,500.0,,,,,,,"61,4631882611914",2,,65259;65263,"Cidade da Beira, Cidade de Nampula (Adm2). "
2002-0385-MOZ,2002,385,,Natural,Biological,Epidemic,Bacterial disease,,Cholera,Mozambique,MOZ,Eastern Africa,Africa,"Pemba, Namuno, Mocimboa da praia, Quissanga, Macomia districts (Cabo Delgado province)",,,,,No,No,,,Vaccinated,,,,,2002,1.0,1.0,2002,6.0,17.0,17.0,,2028.0,,2028.0,,,,,,,"61,4631882611914",,,,
2002-0670-MOZ,2002,670,,Natural,Meteorological,Storm,,,,Mozambique,MOZ,Eastern Africa,Africa,Cidade da Beira district (Sofala province),,,,,,,,,Kph,,,,,2002,10.0,25.0,2002,10.0,25.0,3.0,17.0,,4000.0,4017.0,,,,,,,"61,4631882611914",2,,65263,Cidade da Beira (Adm2). 
2002-0056-MRT,2002,56,,Natural,Hydrological,Flood,,,,Mauritania,MRT,Western Africa,Africa,"R'kiz, Mederdra, Rosso districts (Trarza province), Aleg, Boghe, Bababe, M'Bagne districts (Brakna province), Monguel, Kaedi districts (Gorgol province)",,,,Yes,,,,,Km2,,,,,2002,1.0,9.0,2002,1.0,9.0,25.0,,27500.0,,27500.0,,,,,,,"61,4631882611914",2,,19499;19500;19501;19502;19505;19508;19531;19533;19534,"Aleg, Bababe, Boghe, Kaedi, M'Bagne, Mederdra, Monguel, R'kiz, Rosso (Adm2). "
2002-0039-MUS,2002,39,,Natural,Meteorological,Storm,Tropical cyclone,,Dina,Mauritius,MUS,Eastern Africa,Africa,Port Louis province,,,,,,,10.0,206.0,Kph,,,,,2002,1.0,22.0,2002,1.0,22.0,3.0,50.0,,1000.0,1050.0,,,,,50000.0,81350.0,"61,4631882611914",1,2024,,Port Louis (Adm1). 
2002-0083-MWI,2002,83,,Natural,Hydrological,Flood,Riverine flood,,,Malawi,MWI,Eastern Africa,Africa,"Blantyre, Chikwawa, Machinga, Mangochi, Nsanje, Zomba districts (Southern Region province), Dedza, Kasungu, Nkhotakota, Salima districts (Central Region province), Karonga district (Northern Region province),",Heavy rains,,,,,,,3860.0,Km2,,,,,2002,1.0,1.0,2002,3.0,5.0,1.0,,150000.0,,150000.0,,,,,,,"61,4631882611914",2,,19307;19309;19312;19315;19317;19321;19322;19325;19328;19330;42175,"Blantyre, Chikwawa, Dedza, Karonga, Kasungu, Machinga, Mangochi, Nkhotakota, Nsanje, Salima, Zomba (Adm2). "
2002-0566-MWI,2002,566,,Natural,Biological,Epidemic,Bacterial disease,,Cholera,Malawi,MWI,Eastern Africa,Africa,Nkhotakota,,,,,No,No,,,Vaccinated,,,,,2002,5.0,1.0,2002,8.0,26.0,41.0,,773.0,,773.0,,,,,,,"61,4631882611914",,,,
2003-0114-MOZ,2003,114,,Natural,Meteorological,Storm,Tropical cyclone,,Japhet,Mozambique,MOZ,Eastern Africa,Africa,"Inhambane, Sofala, Manica, Gaza provinces",,Rain,,,,,,130.0,Kph,,,,,2003,3.0,3.0,2003,3.0,3.0,11.0,10.0,23000.0,,23010.0,,,,,,,"62,8584595000413",1,2113;2114;2115;2120,,"Gaza, Inhambane, Manica, Sofala (Adm1). "
2003-0059-DZA,2003,59,,Natural,Meteorological,Storm,,,,Algeria,DZA,Northern Africa,Africa,"Alger, Bejaia, Tizi Ouzou, Annaba, Oran provinces",,,,,,,,,Kph,,,,,2003,1.0,31.0,2003,1.0,31.0,13.0,,,,,,,,,,,"62,8584595000413",1,344;345;348;372;387,,"Alger, Annaba, Bejaia, Oran, Tizi Ouzou (Adm1). "
2003-0055-GIN,2003,55,,Natural,Biological,Epidemic,Viral disease,,Yellow fever,Guinea,GIN,Western Africa,Africa,"Macenta, Kerouane prefectures",,,,,No,No,,600000.0,Vaccinated,,,,,2003,1.0,1.0,2003,1.0,23.0,24.0,,43.0,,43.0,,,,,,,"62,8584595000413",,,,
2003-0037-MDG,2003,37,,Natural,Hydrological,Flood,Riverine flood,,,Madagascar,MDG,Eastern Africa,Africa,"Antananarivo I, Antananarivo II, Antananarivo III, Antananarivo IV, Antananarivo V, Antananarivo VI, Antananarivo Atsimondrano, Antananarivo Avaradrano districts (Analamanga province), Atsimo Atsinanana, Betsiboka, Boeny, Melaky, Sofia, Atsinanana provinces",Torrential rains,,,,,,646.0,148300.0,Km2,,,,"Ikopa, Sisaonyi",2003,1.0,18.0,2003,1.0,31.0,16.0,,19788.0,3582.0,23370.0,,,,,150000.0,238631.0,"62,8584595000413",1;2,41757;41758;41759;41760;41766;41769,123870;123871;123872;123873;123874;123875;154522;154523,"Atsimo Atsinanana, Atsinanana, Betsiboka, Boeny, Melaky, Sofia (Adm1). Antananarivo Atsimondrano, Antananarivo Avaradrano, Antananarivo I, Antananarivo II, Antananarivo III, Antananarivo IV, Antananarivo V, Antananarivo VI (Adm2). "
2003-0065-MDG,2003,65,,Natural,Meteorological,Storm,Tropical cyclone,,Fari,Madagascar,MDG,Eastern Africa,Africa,"Analanjirofo, Atsimo Atsinanana, Atsinanana, Sava, Vatovavy Fitovinanay provinces",,,,,,,,,Kph,,,,,2003,1.0,29.0,2003,1.0,29.0,,,,500.0,500.0,,,,,,,"62,8584595000413",1,41753;41756;41758;41768;41771,,"Analanjirofo, Atsimo Andrefana, Atsinanana, Sava, Vatovavy Fitovinany (Adm1). "
2003-0020-MOZ,2003,20,,Natural,Hydrological,Flood,Coastal flood,,,Mozambique,MOZ,Eastern Africa,Africa,"Moma, Angoche, Mogovolas, Mongicual, Lalaua, Nampula, Cidade de Nampula, Murrupula, Ribaue, Malema, Mecuburi districts (Nampula province), Cidade de Quelimane, Nicoadala, Maganja da Costa, Namacurra, Mocuba, Pebane, Gurue districts (Zambezia province), Pemba, Cidade de Pemba districts (Cabo Delgado province), Tete province",Tropical depression/cyclone Delfina,,,,,,107.0,,Km2,,,,"Meluli, Mutivaze, Monapo, Licungo, Revubue, Muaguide, Montepuez, Messalo",2003,1.0,1.0,2003,2.0,17.0,4.0,3.0,100000.0,,100003.0,,,,,,,"62,8584595000413",1;2,2121,21847;21889;21891;21892;21894;21896;21897;21898;21902;21905;21906;21948;21952;21954;21958;21960;21961;65247;65259;65266,"Tete (Adm1). Angoche, Cidade de Nampula, Cidade de Pemba, Cidade de Quelimane, Gurue, Lalaua, Maganja da Costa, Malema, Mecuburi, Mocuba, Mogincual, Mogovolas, Moma, Murrupula, Namacurra, Nampula, Nicoadala, Pebane, Pemba, Ribaue (Adm2). "
2003-0098-MOZ,2003,98,,Natural,Hydrological,Flood,Riverine flood,,,Mozambique,MOZ,Eastern Africa,Africa,"Metuge area (Pemba district, Cabo Delgado province), Nampula, Manica, Inhambane provinces",Torrential rains,,,,Yes,,,88560.0,Km2,,,,Save,2003,2.0,4.0,2003,2.0,17.0,32.0,,400000.0,,400000.0,,,,,,,"62,8584595000413",1;2,2114;2115;2118,21847,"Inhambane, Manica, Nampula (Adm1). Pemba (Adm2). "
2003-0054-MOZ,2003,54,,Natural,Biological,Epidemic,Bacterial disease,,Cholera,Mozambique,MOZ,Eastern Africa,Africa,Sofala province,,,,,No,No,,,Vaccinated,,,,,2003,1.0,1.0,2003,6.0,15.0,14.0,,2798.0,,2798.0,,,,,,,"62,8584595000413",,,,
2003-0020-MWI,2003,20,,Natural,Hydrological,Flood,Coastal flood,,,Malawi,MWI,Eastern Africa,Africa,"Nyungwe-Wovwe area (Karonga district, Northern Region province), Balaka, Machinga, Phalombe, Mwanza, Nsanje, Chikwawa districts (Southern Region province), Salima, Dedza, Ntcheu, Dowa, Lilongwe districts (Southern Region province), Rumphi district (Northern Region province)",Tropical depression/Cyclone Delfina,,,,,,236.0,,Km2,,,,Shire,2003,1.0,1.0,2003,2.0,17.0,8.0,,18500.0,,18500.0,,,,,,,"62,8584595000413",2,,19307;19308;19310;19313;19315;19317;19320;19322;19328;42174;42175;42177;65271,"Balaka, Chikwawa, Dedza, Dowa, Karonga, Lilongwe, Machinga, Mwanza, Nsanje, Ntcheu, Phalombe, Rumphi, Salima (Adm2). "
2001-0494-NGA,2001,494,,Natural,Hydrological,Flood,Flash flood,,,Nigeria,NGA,Western Africa,Africa,"Jigawa, Kano provinces",,Broken Dam/Burst bank,,Yes,,,,14300.0,Km2,,,,,2001,8.0,27.0,2001,9.0,4.0,200.0,,84065.0,,84065.0,,,,,3000.0,4958.0,"60,5035788853056",1,2223;2225,,"Jigawa, Kano (Adm1). "
2001-0664-ZAF,2001,664,,Natural,Hydrological,Flood,Flash flood,,,South Africa,ZAF,Southern Africa,Africa,"Greater Tubatse area (Sekhukhune district, Limpopo province), Thembisile area (Nkangala district, Mpumalanga province), Ingwavuma, Ubombo, Jozini towns (Jozini area, Umkhanyakude district, KwaZulu-Natal province)",Brief torrential rain,Broken Dam/Burst bank,,,,,,752.0,Km2,,,,,2001,12.0,19.0,2001,12.0,22.0,5.0,12.0,300.0,,312.0,,,,,,,"60,5035788853056",2,,77335;77340;77355,"Nkangala District Municipality, Sekhukhune District Municipality, Umkhanyakude District Municipality (Adm2). "
2001-9044-TCD,2001,9044,,Natural,Climatological,Drought,Drought,,,Chad,TCD,Middle Africa,Africa,"Guera, Biltine, Ouaddaï, Assongha, Batha-Est, Batha-ouest provinces",,Food shortage,,Yes,,,,,Km2,,,,,2001,1.0,,2001,,,,,800000.0,,800000.0,,,,,,,"60,5035788853056",1,870;873;12904;12905;12926;12927,,"Assongha, Batha Est, Batha Ouest, Biltine, Guera, Ouaddai (Adm1). "
2001-9044-NER,2001,9044,,Natural,Climatological,Drought,Drought,,,Niger (the),NER,Western Africa,Africa,"Ibanka, Rouafi I, Rouafi II, Chinagamane villages (Filingue district, Tillaberi province), Sabara I (Dogondoutchi district, Dosso province), Sabara II (Niamey province), Ayawa (Ouallam district, Tillaberi province), Kabefo (Tillaberi district, Tillaberi province), Dinkihmi villages (not found). ",,Famine,,,,Yes,,,Km2,,,,,2001,4.0,,2002,,,,,3584558.0,,3584558.0,,,,,,,"60,5035788853056",1,2204;2206;2208,,"Dosso, Niamey, Tillaberi (Adm1). "
2001-0710-MWI,2001,710,,Natural,Hydrological,Flood,,,,Malawi,MWI,Eastern Africa,Africa,Chikwawa district (Southern Region province),,,,,,,,,Km2,,,,,2001,12.0,30.0,2001,12.0,30.0,,,8750.0,,8750.0,,,,,,,"60,5035788853056",2,,19322,Chikwawa (Adm2). 
2001-0183-NAM,2001,183,,Natural,Biological,Epidemic,Parasitic disease,,,Namibia,NAM,Southern Africa,Africa,Oshana region,,,,,,,,,Vaccinated,,,,,2001,1.0,,2001,1.0,,134.0,,12098.0,,12098.0,,,,,,,"60,5035788853056",,,,
2001-9854-NAM,2001,9854,,Natural,Climatological,Drought,Drought,,,Namibia,NAM,Southern Africa,Africa,"Otjovanatje, Otjorute, Okapundja, Otjekwa, Okaurukwa locations (Ruacana district, Omusati province)",,,,,,,,,Km2,,,,,2001,1.0,,2001,,,,,,,,,,,,,,"60,5035788853056",2,,22320,Ruacana (Adm2). 
2001-0644-NER,2001,644,,Natural,Hydrological,Flood,Riverine flood,,,Niger (the),NER,Western Africa,Africa,Diffa province,,,,,,,,,Km2,,,,,2001,11.0,30.0,2001,11.0,30.0,4.0,,20000.0,,20000.0,,,,,,,"60,5035788853056",1,2203,,Diffa (Adm1). 
2001-0126-NER,2001,126,,Natural,Biological,Epidemic,Bacterial disease,,Meningococcal disease,Niger (the),NER,Western Africa,Africa,"Gaya, Madoua districts, Dosso, Tahoua regions",,,,,No,No,,206660.0,Vaccinated,,,,,2001,1.0,2.0,2001,4.0,8.0,321.0,,3693.0,,3693.0,,,,,,,"60,5035788853056",,,,
2001-0550-NER,2001,550,,Natural,Biological,Epidemic,Bacterial disease,,Cholera,Niger (the),NER,Western Africa,Africa,Tillaberi region,,,,,,,,,Vaccinated,,,,,2001,8.0,27.0,2001,8.0,27.0,15.0,,98.0,,98.0,,,,,,,"60,5035788853056",,,,
2001-0364-NER,2001,364,,Natural,Biological,Epidemic,Viral disease,,,Niger (the),NER,Western Africa,Africa,"Maradi, Tahoua districts",,,,,,,,200000.0,Vaccinated,,,,,2001,6.0,,2001,6.0,,237.0,,44276.0,,44276.0,,,,,,,"60,5035788853056",,,,
2001-0408-NGA,2001,408,,Natural,Hydrological,Flood,Riverine flood,,,Nigeria,NGA,Western Africa,Africa,Talata-Marafa district (Zamfara province),Heavy rain,,,,,,,1060.0,Km2,,,,,2001,7.0,22.0,2001,7.0,22.0,,50.0,,3802.0,3852.0,,,,,,,"60,5035788853056",2,,23096,Talata-Mafara (Adm2). 
2001-0141-NGA,2001,141,,Natural,Biological,Epidemic,Bacterial disease,,Acute Neurological Syndrome,Nigeria,NGA,Western Africa,Africa,"Enugu, Niger, Katsina, Kano states",,,,,,,,,Vaccinated,,,,,2001,3.0,,2001,3.0,,340.0,,,,,,,,,,,"60,5035788853056",,,,
2001-0626-NGA,2001,626,,Natural,Biological,Epidemic,Bacterial disease,,Cholera,Nigeria,NGA,Western Africa,Africa,"Kano, Akwa Ibom, Kwara and Jigawa states",,,,,No,No,,,Vaccinated,,,,,2001,11.0,14.0,2001,11.0,26.0,80.0,,2170.0,,2170.0,,,,,,,"60,5035788853056",,,,
2001-0201-NGA,2001,201,,Natural,Biological,Epidemic,Viral disease,,,Nigeria,NGA,Western Africa,Africa,Kano state,,,,,,,,,Vaccinated,,,,,2001,1.0,,2001,1.0,,84.0,,340.0,,340.0,,,,,,,"60,5035788853056",,,,
2001-0276-NGA,2001,276,,Natural,Hydrological,Flood,,,,Nigeria,NGA,Western Africa,Africa,"oke-Ogun, Idimissa/olle-Oje, Ogbonmo, Oke-Idogbon, Ijebu-Owo, Post-Office, Oke-Ajama, Ilore, Iyere, Ishokun Oke, Ishokun Odo areas (Owo district, Ondo province)",,,,,,,,,Km2,,,,,2001,5.0,,2001,5.0,,,,,2000.0,2000.0,,,,,,,"60,5035788853056",2,,191249,Owo (Adm2). 
2001-0609-NGA,2001,609,,Natural,Biological,Epidemic,,,Acute watery diarrhoeal syndrome,Nigeria,NGA,Western Africa,Africa,"Kwara, Akwa Ibom, Kano state",,,,,,,,,Vaccinated,,,,,2001,10.0,10.0,2001,10.0,10.0,24.0,,125.0,,125.0,,,,,,,"60,5035788853056",,,,
2001-0541-RWA,2001,541,,Natural,Hydrological,Flood,Flash flood,,,Rwanda,RWA,Eastern Africa,Africa,Nyaruguru district (South/Amajyepfo province),Brief torrential rain,,,,,,,1770.0,Km2,,,,,2001,9.0,22.0,2001,9.0,22.0,10.0,,,,,,,,,,,"60,5035788853056",2,,21997,Nyaruguru (Adm2). 
2001-0672-RWA,2001,672,,Natural,Hydrological,Flood,Riverine flood,,,Rwanda,RWA,Eastern Africa,Africa,"West/Iburengerazuba, North/Amajyaruguru, South/Amajyepfo provinces",Heavy rain,,,,,,,1200.0,Km2,,,,,2001,10.0,30.0,2001,11.0,2.0,2.0,,3000.0,,3000.0,,,,,,,"60,5035788853056",1,21971;21972;21973,,"North/Amajyaruguru, South/Amajyepfo, West/Iburengerazuba (Adm1). "
2001-0417-SDN,2001,417,,Natural,Hydrological,Flood,Riverine flood,,,Sudan (the),SDN,Northern Africa,Africa,"Kassala, Southern Darfur, Western Darfur, Al Jazeera, Northern Kordofan, Nile, Sennar, Gadaref, Khartoum provinces",Heavy rain,,,Yes,,,2579.0,,Km2,,,,Blue Nile and Nile Rivers,2001,8.0,6.0,2001,9.0,13.0,3.0,,97000.0,,97000.0,,,,,2000.0,3306.0,"60,5035788853056",1,2745;2753;2761;2762;2764;2769;68783;68784;68805,,"Al Jazeera, Gadaref, Kassala, Khartoum, Nile, Northern Kordofan, Sennar, Southern Darfur, Western Darfur (Adm1). "
2001-0344-SHN,2001,344,,Natural,Meteorological,Storm,,,,"Saint Helena, Ascension and Tristan da Cunha",SHN,Western Africa,Africa,Tristan Da Cunha province,,,,,,,,190.0,Kph,,,,,2001,5.0,23.0,2001,5.0,23.0,,,300.0,,300.0,,,,,,,"60,5035788853056",1,68774,,Tristan Da Cunha (Adm1). 
2001-0720-SLE,2001,720,,Natural,Biological,Epidemic,Bacterial disease,,Meningococcal disease,Sierra Leone,SLE,Western Africa,Africa,"Krubola, Fakunia (Koinadugu district)",,,,,,,,2900.0,Vaccinated,,,,,2001,12.0,13.0,2001,12.0,13.0,12.0,,3.0,,3.0,,,,,,,"60,5035788853056",,,,
2001-0653-SOM,2001,653,,Natural,Hydrological,Flood,Riverine flood,,,Somalia,SOM,Eastern Africa,Africa,Jilib district (Juba Dhexe province),Heavy rain,,,,,,,3900.0,Km2,,,,,2001,11.0,1.0,2001,11.0,14.0,,,6500.0,,6500.0,,,,,,,"60,5035788853056",2,,25699,Jilib (Adm2). 
2001-0728-SOM,2001,728,,Natural,Biological,Epidemic,Bacterial disease,,Meningococcal disease,Somalia,SOM,Eastern Africa,Africa,Hargeisa town,,,,,No,No,,67681.0,Vaccinated,,,,,2001,10.0,13.0,2002,1.0,28.0,33.0,,111.0,,111.0,,,,,,,"60,5035788853056",,,,
2001-9122-SWZ,2001,9122,,Natural,Climatological,Drought,Drought,,,Eswatini,SWZ,Southern Africa,Africa,"Lomahasha, Lugongolweni, Tikhuba districts (Lubombo province), Madlangampisi, Mhlangatane, Ndzingeni districts (Hhohho province), Dvokodvweni, Hlane, Lubuli, Mhlume, Mpolonjeni, Nkilongo, Siphofaneni, Sithobela districts (Lubombo province), Mafutseni, Mkhiweni districts (Manzini province), Lavumisa, Matsanjeni, Sigwe districts (Shiselweni province), Lobamba, Mayiwane, Ntfonjeni, Timpisini districts (Hhohho province), Kuhanyeni, Kwaluseni, Ludzeludze, Mahlanya, Manzini, Mthongwaneni, Nhlambeni districts (Manzini province), Hosea, Kubuta, Maseyisini, Mbangweni, Mtsambama, Sandleni, Shiselweni 1, Zombodze districts (Shiselweni province)",Poor agro-climaic conditions,,,,,Yes,,,Km2,,,,,2001,,,2004,,,,,970000.0,,970000.0,,,,,,,"60,5035788853056",2,,25944;25945;25947;25949;25951;25953;25955;25956;25957;25958;25959;25960;25961;25962;25963;25964;25965;25966;25967;25968;25970;25971;25973;25975;25977;25978;25980;25983;25984;25985;25986;25987;25988;25989;25992;25993;25994;25995,"Dvokodvweni, Hlane, Hosea, Kubuta, Kukhanyeni, Kwaluseni, Lavumisa, Lobamba, Lomahasha, Lubuli, Ludzeludze, Lugongolweni, Madlangampisi, Mafutseni, Mahlanya, Manzini, Maseyisini, Matsanjeni, Mayiwane, Mbangweni, Mhlangatane, Mhlume, Mkhiweni, Mpolonjeni, Mthongwaneni, Mtsambama, Ndzingeni, Nhlambeni, Nkilongo, Ntfonjeni, Sandleni, Shiselweni 1, Sigwe, Siphofaneni, Sithobela, Tikhuba, Timpisini, Zombodze (Adm2). "
2001-0521-TCD,2001,521,,Natural,Hydrological,Flood,Flash flood,,,Chad,TCD,Middle Africa,Africa,"Tandjile Ouest, Logone Occidental, Logone Oriental, Salamat, Tandjile Est, Mayo-Boneye, Mandoul provinces",Brief torrential rain,,,,Yes,,,104300.0,Km2,,,,,2001,8.0,19.0,2001,10.0,11.0,100.0,,175763.0,,175763.0,,,,,1000.0,1653.0,"60,5035788853056",1,876;881;12918;12921;12925;12930;12931,,"Logone Occidental, Logone Oriental, Mandoul, Mayo-Boneye, Salamat, Tandjile Est, Tandjile Ouest (Adm1). "
2001-0370-TCD,2001,370,,Natural,Biological,Epidemic,Bacterial disease,,Cholera,Chad,TCD,Middle Africa,Africa,"Amreguebe, Ridina, Diguel, Abena, Chagoua, Farcha, Walia (Ndjamena district), Massakory, Bongo, Mondou, Bousso, Lere, Mao, Bol, Mousson, Mandelao, Guitte districts",,,,,No,No,,,Vaccinated,,,,,2001,6.0,26.0,2001,9.0,4.0,113.0,,3444.0,,3444.0,,,,,,,"60,5035788853056",,,,
2001-0163-TGO,2001,163,,Natural,Biological,Epidemic,Bacterial disease,,Meningococcal disease,Togo,TGO,Western Africa,Africa,"Kara, Savanes, Centrale regions",,,,,,,,,Vaccinated,,,,,2001,1.0,1.0,2001,1.0,1.0,187.0,,976.0,,976.0,,,,,,,"60,5035788853056",,,,
2001-0373-TGO,2001,373,,Natural,Biological,Epidemic,Bacterial disease,,Cholera,Togo,TGO,Western Africa,Africa,"Lomé, Golfe, Lacs, Kozah, Oto, Tone",,,,,,,,,Vaccinated,,,,,2001,4.0,1.0,2001,4.0,1.0,48.0,,591.0,,591.0,,,,,,,"60,5035788853056",,,,
2001-0391-TZA,2001,391,,Natural,Biological,Epidemic,Bacterial disease,,Cholera,"Tanzania, United Republic of",TZA,Eastern Africa,Africa,"Temeke, Ilala districts (Dar Es Salaam)",,,,,No,No,,,Vaccinated,,,,,2001,5.0,18.0,2001,7.0,20.0,3.0,,103.0,,103.0,,,,,,,"60,5035788853056",,,,
2001-0733-TZA,2001,733,,Natural,Biological,Epidemic,,,Acute Watery Diarrhoeal Syndrome,"Tanzania, United Republic of",TZA,Eastern Africa,Africa,Rufiji district,,,,,,,,,Vaccinated,,,,,2001,12.0,22.0,2001,12.0,22.0,22.0,,412.0,,412.0,,,,,,,"60,5035788853056",,,,
2001-0650-UGA,2001,650,,Natural,Hydrological,Landslide,Landslide,,,Uganda,UGA,Eastern Africa,Africa,"Ntandi trading center (Bwamba district, Bundibugyo province)",,,,,,,,,,,,,,2001,11.0,3.0,2001,11.0,3.0,11.0,10.0,3356.0,,3366.0,,,,,,,"60,5035788853056",2,,28395,Bwamba (Adm2). 
2001-0581-UGA,2001,581,,Natural,Biological,Epidemic,Bacterial disease,,,Uganda,UGA,Eastern Africa,Africa,Nebbi district,,,,,,,,,Vaccinated,,,,,2001,10.0,,2001,10.0,,14.0,,9.0,,9.0,,,,,,,"60,5035788853056",,,,
2001-0277-UGA,2001,277,,Natural,Hydrological,Flood,,,,Uganda,UGA,Eastern Africa,Africa,Kasese province,,,,,,,,,Km2,,,,,2001,5.0,,2001,5.0,,1.0,,,300.0,300.0,,,,,,,"60,5035788853056",1,3121,,Kasese (Adm1). 
2001-0682-UGA,2001,682,,Natural,Hydrological,Flood,,,,Uganda,UGA,Eastern Africa,Africa,Kabale province,,,,,,,,,Km2,,,,,2001,12.0,,2001,12.0,,,,500.0,,500.0,,,,,,,"60,5035788853056",1,3115,,Kabale (Adm1). 
2001-0560-ZAF,2001,560,,Natural,Meteorological,Storm,Convective storm,Tornado,,South Africa,ZAF,Southern Africa,Africa,"Midrand area (City of Johannesburg district, Gauteng province), East Rand, Tembisa areas (Ekurhuleni district, Gauteng province)",,,,,,,,,Kph,,,,,2001,9.0,14.0,2001,9.0,14.0,,30.0,,600.0,630.0,,,,,,,"60,5035788853056",2,,77362;77364,"City of Johannesburg Metropolitan Municipality, Ekurhuleni Metropolitan Municipality (Adm2). "
2001-0500-ZAF,2001,500,,Natural,Climatological,Wildfire,"Land fire (Brush, Bush, Pasture)",,,South Africa,ZAF,Southern Africa,Africa,"Elhanzeni District Municipality, Mopani District Municipality, Vhelbe District Municipality",,,,,,,,,Km2,,,,,2001,9.0,4.0,2001,9.0,4.0,20.0,,,,,,,,,,,"60,5035788853056",2,,77341;77342;77343,"Ehlanzeni District Municipality, Mopani District Municipality, Vhembe District Municipality (Adm2). "
2001-0508-ZAF,2001,508,,Natural,Climatological,Wildfire,"Land fire (Brush, Bush, Pasture)",,,South Africa,ZAF,Southern Africa,Africa,Kwazulu-Natal province,,,,,,,,,Km2,,,,,2001,9.0,6.0,2001,9.0,6.0,11.0,,,,,,,,,,,"60,5035788853056",1,77311,,KwaZulu-Natal (Adm1). 
2001-0481-ZAF,2001,481,,Natural,Hydrological,Flood,,,,South Africa,ZAF,Southern Africa,Africa,City of Cape Town district (Western Cape province),,,,Yes,,,,,Km2,,,,,2001,7.0,3.0,2001,7.0,3.0,,,42356.0,,42356.0,,,,,,,"60,5035788853056",2,,77317,City of Cape Town Metropolitan Municipality (Adm2). 
2001-0732-COD,2001,732,,Natural,Geophysical,Volcanic activity,Ash fall,,Mt. Nyamuragira,Congo (the Democratic Republic of the),COD,Middle Africa,Africa,"Nord-Kivu, Sud-Kivu provinces",,,,,,,,,,-1.408,29.2,,,2001,2.0,5.0,2001,2.0,5.0,,,,,,,,,,,,"60,5035788853056",1,1074;1076,,"Nord-Kivu, Sud-Kivu (Adm1). "
2001-0209-COD,2001,209,,Natural,Hydrological,Flood,Riverine flood,,,Congo (the Democratic Republic of the),COD,Middle Africa,Africa,Kinshasa district (Kinshasa province),Heavy rain,,,,,,,,Km2,,,,,2001,5.0,18.0,2001,5.0,18.0,50.0,26.0,,,26.0,,,,,,,"60,5035788853056",2,,14987,Kinshasa (Adm2). 
2001-0683-COD,2001,683,,Natural,Hydrological,Flood,Riverine flood,,,Congo (the Democratic Republic of the),COD,Middle Africa,Africa,Mbandaka district (Equateur province),Heavy rain,,,,,,,3270.0,Km2,,,,,2001,12.0,14.0,2001,12.0,14.0,,,13000.0,,13000.0,,,,,,,"60,5035788853056",2,,14969,Mbandaka (Adm2). 
2001-0709-COD,2001,709,,Natural,Hydrological,Landslide,Landslide,,,Congo (the Democratic Republic of the),COD,Middle Africa,Africa,Nord-Kivu province,,,,,,,,,,,,,,2001,12.0,25.0,2001,12.0,25.0,12.0,,,,,,,,,,,"60,5035788853056",1,1074,,Nord-Kivu (Adm1). 
2001-0127-COD,2001,127,,Natural,Biological,Epidemic,Bacterial disease,,Cholera,Congo (the Democratic Republic of the),COD,Middle Africa,Africa,Goma,,,,,,,,,Vaccinated,,,,,2001,2.0,,2001,2.0,,8.0,,677.0,,677.0,,,,,,,"60,5035788853056",,,,
2001-0555-COD,2001,555,,Natural,Biological,Epidemic,Bacterial disease,,Meningococcal disease,Congo (the Democratic Republic of the),COD,Middle Africa,Africa,"Katana, Bukavu, Idjwi (South Kivu province)",,,,,No,No,,413500.0,Vaccinated,,,,,2001,8.0,2.0,2002,1.0,2.0,104.0,,893.0,,893.0,,,,,,,"60,5035788853056",,,,
2001-0556-COD,2001,556,,Natural,Biological,Epidemic,Bacterial disease,,,Congo (the Democratic Republic of the),COD,Middle Africa,Africa,"Reti, Ituri province",,,,,,,,,Vaccinated,,,,,2001,7.0,,2001,7.0,,41.0,,384.0,,384.0,,,,,,,"60,5035788853056",,,,
2001-0610-COD,2001,610,,Natural,Biological,Epidemic,Bacterial disease,,Cholera,Congo (the Democratic Republic of the),COD,Middle Africa,Africa,"Lubumbashi, Ankoro, Kabalo, Kongolo and Kalemie (Katanga Province)",,,,,No,No,,,Vaccinated,,,,,2001,10.0,1.0,2001,10.0,1.0,72.0,,851.0,,851.0,,,,,,,"60,5035788853056",,,,
2001-0775-COD,2001,775,,Natural,Biological,Epidemic,Bacterial disease,,Cholera,Congo (the Democratic Republic of the),COD,Middle Africa,Africa,Katanga province,,,,,No,No,,,Vaccinated,,,,,2001,11.0,1.0,2002,3.0,14.0,502.0,,6099.0,,6099.0,,,,,,,"60,5035788853056",,,,
2001-0658-COD,2001,658,,Natural,Biological,Epidemic,Viral disease,,Acute respiratory syndrome,Congo (the Democratic Republic of the),COD,Middle Africa,Africa,"Bosongo, Mbisingando (Kasai Occidental province)",,,,,,,,,Vaccinated,,,,,2001,11.0,17.0,2001,11.0,17.0,20.0,,243.0,,243.0,,,,,,,"60,5035788853056",,,,
2001-0776-COD,2001,776,,Natural,Biological,Epidemic,Viral disease,,Monkeypox,Congo (the Democratic Republic of the),COD,Middle Africa,Africa,"Susinga, Karawa (North Equateur), Baringa, Likukuma, Toenga, Dongila, Yakoma (Equateur)",,,,,,,,,Vaccinated,,,,,2001,10.0,1.0,2001,10.0,1.0,25.0,,459.0,,459.0,,,,,,,"60,5035788853056",,,,
2001-0231-COD,2001,231,,Natural,Biological,Epidemic,,,Acute watery diarrhoeal syndrome,Congo (the Democratic Republic of the),COD,Middle Africa,Africa,Kalemie region,,,,,,,,,Vaccinated,,,,,2001,5.0,,2001,5.0,,66.0,,1488.0,,1488.0,,,,,,,"60,5035788853056",,,,
2001-0789-ZMB,2001,789,,Natural,Biological,Epidemic,Bacterial disease,,Plague,Zambia,ZMB,Eastern Africa,Africa,Petauke district (Eastern province),,,,,No,No,,,Vaccinated,,,,,2001,3.0,,2001,3.0,15.0,11.0,,425.0,,425.0,,,,,,,"60,5035788853056",,,,
2001-9122-ZWE,2001,9122,,Natural,Climatological,Drought,Drought,,,Zimbabwe,ZWE,Eastern Africa,Africa,"Kwekwe, Gokwe South, Zvishavane, Shurugwi, Gweru, Mberengwa, Gokwe North districts (Midlands province), Mvuma city (Chirumhanzu district, Midlands province), Chipinge district (Manicaland province), Gwanda, Umzingwane, Matobo districts (Matabeleland South province), Chiredzi, Chivi, Masvingo districts (Masvingo province), Hwange, Tsholotsho districts (Matabeleland North province), Kariba district (Mashonaland West province), Guruve district (Mashonaland Central province)",,,,,,,,,Km2,,,,,2001,3.0,,2003,,,,,6000000.0,,6000000.0,,,,,,,"60,5035788853056",2,,33055;33078;33082;33083;33085;33093;33097;33099;33100;33101;33103;33104;33105;33106;33107;40750;40751;61705;68808,"Chipinge, Chiredzi, Chirumhanzu, Chivi, Gokwe North, Gokwe South, Guruve, Gwanda, Gweru, Hwange, Kariba, Kwekwe, Masvingo, Matobo, Mberengwa, Shurugwi, Tsholotsho, Umzingwane, Zvishavane (Adm2). "
2002-0033-COD,2002,33,,Natural,Geophysical,Volcanic activity,Ash fall,,Mt. Nyiragongo,Congo (the Democratic Republic of the),COD,Middle Africa,Africa,Goma district (Nord-Kivu province),,Earthquake,Explosion,Yes,Yes,,43504.0,,,-1.52,29.25,,,2002,1.0,17.0,2002,1.0,21.0,200.0,400.0,,110000.0,110400.0,,,,,9000.0,14643.0,"61,4631882611914",2,,74356,Goma (Adm2). 
2002-0273-RWA,2002,273,,Natural,Hydrological,Flood,Riverine flood,,,Rwanda,RWA,Eastern Africa,Africa,"Rusenyi village (Karongi district, West/Iburengerazuba province), Bweyete village (Rusizi district, West/Iburengerazuba province), Byumba city (Gicumbi district, North/Amajyaruguru province), Kigali City/Umujyi wa Kigali province",Heavy rains,"Slide (land, mud, snow, rock)",,Yes,,,,,Km2,,,,,2002,4.0,26.0,2002,5.0,28.0,69.0,,20000.0,,20000.0,,,,,,,"61,4631882611914",1;2,21970,21979;21983;22001,"Kigali City/Umujyi wa Kigali (Adm1). Gicumbi, Karongi, Rusizi (Adm2). "
2002-0080-COD,2002,80,,Natural,Hydrological,Flood,Riverine flood,,,Congo (the Democratic Republic of the),COD,Middle Africa,Africa,"Uvira area (Sud-Kivu district, Sud-Kivu province)",Heavy rains,"Slide (land, mud, snow, rock)",,,,,,1980.0,Km2,,,,,2002,2.0,6.0,2002,2.0,8.0,40.0,40.0,2500.0,,2540.0,,,,,,,"61,4631882611914",2,,14995,Sud-Kivu (Adm2). 
2002-0026-SEN,2002,26,,Natural,Hydrological,Flood,Riverine flood,,,Senegal,SEN,Western Africa,Africa,"Podor, Dagana districts (Saint Louis province), Matam, Louga provinces",Heavy rains,Cold wave,,Yes,Yes,,357.0,62710.0,Km2,,,,,2002,1.0,9.0,2002,1.0,12.0,28.0,,179000.0,,179000.0,,,,,40979.0,66672.0,"61,4631882611914",1;2,47587;47588,47590;47598,"Louga, Matam (Adm1). Dagana, Podor (Adm2). "
2002-9852-UGA,2002,9852,,Natural,Climatological,Drought,Drought,,,Uganda,UGA,Eastern Africa,Africa,"Kaabong, Kotido, Abim, Moroto, Nakapiripirit provinces (Karamoja region)",,Food shortage,,,,,,,Km2,,,,,2002,6.0,,2002,,,79.0,,655000.0,,655000.0,,,,,,,"61,4631882611914",1,743;765;772;773;47074,,"Abim, Kaabong, Kotido, Moroto, Nakapiripirit (Adm1). "
2002-9124-MWI,2002,9124,,Natural,Climatological,Drought,Drought,,,Malawi,MWI,Eastern Africa,Africa,"Balaka, Blantyre, Chikwawa, Machinga, Mangochi, Mulanje, Nsanje, Phalombe, Thyolo, Zomba districts (Southern Region Province)",,Famine,,,Yes,Yes,,,Km2,,,,,2002,2.0,,2002,,,500.0,,2829435.0,,2829435.0,,,,,,,"61,4631882611914",2,,19321;19322;19325;19328;19329;19330;42174;42175;42176;42177,"Balaka, Blantyre, Chikwawa, Machinga, Mangochi, Mulanje, Nsanje, Phalombe, Thyolo, Zomba (Adm2). "
2002-0137-MWI,2002,137,,Natural,Biological,Epidemic,,,Acute watery diarrhoeal syndrome,Malawi,MWI,Eastern Africa,Africa,,,,,,,,,,Vaccinated,,,,,2002,2.0,,2002,2.0,,175.0,,,,,,,,,,,"61,4631882611914",,,,
2002-0808-MWI,2002,808,,Natural,Hydrological,Flood,,,,Malawi,MWI,Eastern Africa,Africa,"Balaka, Machinga, Phalombe districts (Southern Region province), Salima, Ntcheu, Dowa, Dedza districts (Central Region province), Rumphi district (Northern Region province)",,,,,,,,253.0,Km2,,,,,2002,12.0,28.0,2002,12.0,28.0,8.0,,246340.0,,246340.0,,,,,,,"61,4631882611914",2,,19307;19308;19313;19315;19320;42174;42175;42177,"Balaka, Dedza, Dowa, Machinga, Ntcheu, Phalombe, Rumphi, Salima (Adm2). "
2002-9022-NAM,2002,9022,,Natural,Climatological,Drought,Drought,,,Namibia,NAM,Southern Africa,Africa,"Otjozondjupa, Oshikoto, Oshana, Omusati, Ohangwena, Kunene, Kavango, Caprivi provinces (North)",,,,,,,,,Km2,,,,,2002,7.0,,2003,,,,,345000.0,,345000.0,,,,,,,"61,4631882611914",1,2137;2141;2143;2144;2146;2147;2148;2149,,"Caprivi, Kavango, Kunene, Ohangwena, Omusati, Oshana, Oshikoto, Otjozondjupa (Adm1). "
2002-0205-NER,2002,205,,Natural,Biological,Epidemic,Bacterial disease,,Meningococcal disease,Niger (the),NER,Western Africa,Africa,"Bilma, Loga, Guidan-Roumdji, Madaoua, Dakoro (Maradi), Matameye (Zinder), Filingué",,,,,No,No,,,Vaccinated,,,,,2002,1.0,1.0,2002,4.0,21.0,308.0,,3210.0,,3210.0,,,,,,,"61,4631882611914",,,,
2002-0874-NER,2002,874,,Natural,Biological,Epidemic,Bacterial disease,,Cholera,Niger (the),NER,Western Africa,Africa,"Gaya district (Dosso region, south of country)",,,,,No,No,,,Vaccinated,,,,,2002,6.0,9.0,2002,7.0,22.0,8.0,,96.0,,96.0,,,,,,,"61,4631882611914",,,,
2002-0497-NER,2002,497,,Natural,Meteorological,Storm,,,,Niger (the),NER,Western Africa,Africa,Agadez province,,,,,,,,,Kph,,,,,2002,8.0,12.0,2002,8.0,12.0,4.0,3.0,1250.0,,1253.0,,,,,,,"61,4631882611914",1,2202,,Agadez (Adm1). 
2002-0354-NGA,2002,354,,Natural,Meteorological,Extreme temperature ,Heat wave,,,Nigeria,NGA,Western Africa,Africa,Maiduguri district (Borno province),,,,,,,,60.0,°C,,,,,2002,6.0,,2002,6.0,,60.0,,,,,,,,,,,"61,4631882611914",2,,191040,Maiduguri (Adm2). 
2002-0138-NGA,2002,138,,Natural,Biological,Epidemic,Bacterial disease,,Meningococcal disease,Nigeria,NGA,Western Africa,Africa,Ebonyi,,,,,,,,,Vaccinated,,,,,2002,2.0,15.0,2002,2.0,15.0,14.0,,100.0,,100.0,,,,,,,"61,4631882611914",,,,
2002-0762-NGA,2002,762,,Natural,Biological,Epidemic,Bacterial disease,,Cholera,Nigeria,NGA,Western Africa,Africa,Kano state,,,,,,,,,Vaccinated,,,,,2002,11.0,21.0,2002,11.0,21.0,12.0,,164.0,,164.0,,,,,,,"61,4631882611914",,,,
2002-0760-NGA,2002,760,,Natural,Biological,Epidemic,Viral disease,,Acute respiratory syndrome,Nigeria,NGA,Western Africa,Africa,"Ndi Obasi Oso-Edda LGA, Ebonyi State",,,,,,,,,Vaccinated,,,,,2002,12.0,2.0,2002,12.0,2.0,14.0,,,,,,,,,,,"61,4631882611914",,,,
2002-0136-NGA,2002,136,,Natural,Biological,Epidemic,,,Acute watery diarrhoeal syndrome,Nigeria,NGA,Western Africa,Africa,"Kano, Jigawa states",,,,,,,,,Vaccinated,,,,,2002,3.0,6.0,2002,3.0,6.0,120.0,,2880.0,,2880.0,,,,,,,"61,4631882611914",,,,
2002-0238-NGA,2002,238,,Natural,Hydrological,Flood,,,,Nigeria,NGA,Western Africa,Africa,"Bariga, Bode Joseh areas (Shomolu district, Lagos province), Lagos Mainland district (Lagos province)",,,,,,,,,Km2,,,,,2002,4.0,,2002,4.0,,,,,200.0,200.0,,,,,,,"61,4631882611914",2,,191296;191299,"Lagos Mainland, Shomolu (Adm2). "
2002-0476-NGA,2002,476,,Natural,Biological,Epidemic,,,Acute watery diarrhoeal syndrome,Nigeria,NGA,Western Africa,Africa,"Gulma, Gombe, Jos (Kebby state)",,,,,,,,,Vaccinated,,,,,2002,8.0,1.0,2002,8.0,1.0,72.0,,750.0,,750.0,,,,,,,"61,4631882611914",,,,
2002-0761-NGA,2002,761,,Natural,Biological,Epidemic,,,Acute Jaundice syndrome,Nigeria,NGA,Western Africa,Africa,Katsina-Ala LGA (Benue State),,,,,,,,,Vaccinated,,,,,2002,12.0,2.0,2002,12.0,2.0,11.0,,9.0,,9.0,,,,,,,"61,4631882611914",,,,
2002-0792-NGA,2002,792,,Natural,Biological,Epidemic,,,Acute watery diarrhoeal syndrome,Nigeria,NGA,Western Africa,Africa,"Ilupeju-Ekiti, Ekiti state",,,,,,,,,Vaccinated,,,,,2002,10.0,31.0,2002,10.0,31.0,12.0,,,,,,,,,,,"61,4631882611914",,,,
2002-0043-REU,2002,43,,Natural,Meteorological,Storm,Tropical cyclone,,Dina,Réunion,REU,Eastern Africa,Africa,"Arrondissement du vent, Arrondissement sous le vent provinces",,,,,,,,250.0,Kph,,,,,2002,1.0,,2002,1.0,,,300.0,,2800.0,3100.0,,,,,50000.0,81350.0,"61,4631882611914",1,2590;2591,,"Arrondissement du vent, Arrondissement souse le vent (Adm1). "
2002-0042-RWA,2002,42,,Natural,Geophysical,Earthquake,Ground movement,,,Rwanda,RWA,Eastern Africa,Africa,"Gisenyi city (Rubavu district, West/Iburengerazuba province)",,,,,,,,5.0,Richter,-1.684,29.077,,,2002,1.0,17.0,2002,1.0,17.0,45.0,108.0,1535.0,,1643.0,,,,,,,"61,4631882611914",2,,21998,Rubavu (Adm2). 
2002-0505-RWA,2002,505,,Natural,Biological,Epidemic,Bacterial disease,,Meningococcal disease,Rwanda,RWA,Eastern Africa,Africa,"Butare, Kibongo , Kibuye, Umatara provinces",,,,Yes,No,No,,244000.0,Vaccinated,,,,,2002,6.0,24.0,2002,9.0,18.0,83.0,,636.0,,636.0,,,,,,,"61,4631882611914",,,,
2002-0623-SDN,2002,623,,Natural,Meteorological,Storm,Convective storm,Lightning/Thunderstorms,,Sudan (the),SDN,Northern Africa,Africa,Khartoum province,,,,,,,,,Kph,,,,,2002,9.0,27.0,2002,9.0,27.0,33.0,,,,,,,,,,,"61,4631882611914",1,2753,,Khartoum (Adm1). 
2002-0170-SDN,2002,170,,Natural,Biological,Epidemic,Bacterial disease,,,Sudan (the),SDN,Northern Africa,Africa,"Ikotos, Isoke, Padak, Gizen, Nuba",,,,,No,No,,27686.0,Vaccinated,,,,,2002,2.0,5.0,2002,2.0,5.0,49.0,,281.0,,281.0,,,,,,,"61,4631882611914",,,,
2002-0717-SDN,2002,717,,Natural,Biological,Epidemic,Parasitic disease,,Leishmaniasis,Sudan (the),SDN,Northern Africa,Africa,"Eastern Upper Nile state, Southern Sudan",,,,,,,,,Vaccinated,,,,,2002,10.0,1.0,2002,10.0,1.0,,,1000.0,,1000.0,,,,,,,"61,4631882611914",,,,
2002-0515-SDN,2002,515,,Natural,Hydrological,Flood,,,,Sudan (the),SDN,Northern Africa,Africa,"En Nuhud, Ghebeish districts (Northern Kordofan), Abyei, As Salam, Lagawa districts (Souythern Kordofan), White Nile, Al Jazeera, Khartoum provinces",,,,,,,,,Km2,,,,,2002,8.0,3.0,2002,8.0,3.0,,,100000.0,,100000.0,,,,,,,"61,4631882611914",1;2,2745;2753;2770,4151;37146;37147;37148;37149,"Al Jazeera, Khartoum, White Nile (Adm1). Abyei, As Salam, En Nuhud, Ghebeish, Lagawa (Adm2). "
2002-0259-SEN,2002,259,,Natural,Biological,Epidemic,Bacterial disease,,,Senegal,SEN,Western Africa,Africa,,,,,,,,,,Vaccinated,,,,,2002,1.0,,2002,1.0,,7.0,,121.0,,121.0,,,,,,,"61,4631882611914",,,,
2002-0718-SEN,2002,718,,Natural,Biological,Epidemic,Viral disease,,Yellow fever,Senegal,SEN,Western Africa,Africa,"Dakar, Diourbel, Kolda, Tambacounda, Louga, Thies, Fatick regions",,,,,No,No,,,Vaccinated,,,,,2002,8.0,27.0,2002,11.0,28.0,11.0,,60.0,,60.0,,,,,,,"61,4631882611914",,,,
2002-9487-SEN,2002,9487,,Natural,Climatological,Drought,Drought,,,Senegal,SEN,Western Africa,Africa,"NO DATA: all country was selected: Dakar, Diourbel, Fatick, Kaffrine, Kaolack, Kedougou, Kolda, Louga, Matam, Saint Louis, Sedhiou, Tambacounda, Thies, Ziguinchor provinces",,,,,,,,,Km2,,,,,2002,8.0,,2002,,,,,284000.0,,284000.0,,,,,,,"61,4631882611914",1,1373;1374;1375;1376;1377;1378;2636;2644;2645;47585;47586;47587;47588;47589,,"Dakar, Diourbel, Fatick, Kaffrine, Kaolack, Kedougou, Kolda, Louga, Matam, Saint louis, Sedhiou, Tambacounda, Thies, Ziguinchor (Adm1). "
2002-0715-SOM,2002,715,,Natural,Hydrological,Flood,Riverine flood,,,Somalia,SOM,Eastern Africa,Africa,"Bu'aale district (Juba Dhexe province), Afmadow district (Juba Hoose province), Gedo province",Heavy rain,,,,,,,65260.0,Km2,,,,,2002,11.0,8.0,2002,11.0,21.0,,,,,,,,,,,,"61,4631882611914",1;2,2694,25687;25698,"Gedo (Adm1). Afmadow, Bu'aale (Adm2). "
2002-0221-SOM,2002,221,,Natural,Biological,Epidemic,Bacterial disease,,Cholera,Somalia,SOM,Eastern Africa,Africa,"Banadir (Mogasdishu), Lower Shabelle (Merka), Middle Shabelle (Jilib and Haranka), Hiraan (Belet Weyne), Bari (Bossasso) regions",,,,,,,,,Vaccinated,,,,,2002,4.0,12.0,2002,4.0,12.0,63.0,,1191.0,,1191.0,,,,,,,"61,4631882611914",,,,
2002-0169-SOM,2002,169,,Natural,Biological,Epidemic,Viral disease,,,Somalia,SOM,Eastern Africa,Africa,Shabeellaha region,,,,,No,No,,,Vaccinated,,,,,2002,2.0,20.0,2002,2.0,20.0,30.0,,,,,,,,,,,"61,4631882611914",,,,
2002-0590-SYC,2002,590,,Natural,Meteorological,Storm,Tropical cyclone,,,Seychelles,SYC,Eastern Africa,Africa,"Praslin, Anse Aux Pins, Anse Boileau, Anse Etoile, Anse Royale, Au Cap, Baie Lazare, Beau Vallon, Bel Air, Belombre, Cascade, Cerf Island, Conception, English River, Glacis, Grand Anse Mahe, Les Mamelles, Mont Buxton, Mont Fleuri, Plaisance, Pointe Larue, Port Glaud, Roche Caiman, St Louis, Ste Anne, Takamaka, Therese provinces",,,,,,,20.0,120.0,Kph,,,,,2002,9.0,5.0,2002,9.0,5.0,,,6800.0,,6800.0,,,,,,,"61,4631882611914",1,61137;61138;61139;61140;61144;61145;61146;61147;61148;61153;61154;61155;61164;61168;61169;61179;61183;61184;61188;61190;61192;61193;61196;61200;61204;61205;61206,,"Anse Aux Pins, Anse Boileau, Anse Etoile, Anse Royale, Au Cap, Baie Lazare, Beau Vallon, Bel Air, Belombre, Cascade, Cerf Island, Conception, English River, Glacis, Grand Anse Mahe, Les Mamelles, Mont Buxton, Mont Fleuri, Plaisance, Pointe Larue, Port Glaud, Praslin, Roche Caiman, St Louis, Ste Anne, Takamaka, Therese (Adm1). "
2002-0260-TGO,2002,260,,Natural,Biological,Epidemic,Bacterial disease,,,Togo,TGO,Western Africa,Africa,,,,,,,,,,Vaccinated,,,,,2002,1.0,,2002,1.0,,95.0,,494.0,,494.0,,,,,,,"61,4631882611914",,,,
2002-0654-TZA,2002,654,,Natural,Geophysical,Earthquake,Ground movement,,,"Tanzania, United Republic of",TZA,Eastern Africa,Africa,Bunda district (Mara province),,,,,,,,6.0,Richter,-2.907,33.733,,,2002,5.0,18.0,2002,5.0,18.0,2.0,,,2000.0,2000.0,,,,,,,"61,4631882611914",2,,48430,Bunda (Adm2). 
2002-0274-TZA,2002,274,,Natural,Hydrological,Flood,Riverine flood,,,"Tanzania, United Republic of",TZA,Eastern Africa,Africa,"Kyela district (Mbeya province), Geita district (Geita province)",Heavy rain,,,,,,,50.0,Km2,,,,,2002,4.0,26.0,2002,5.0,28.0,9.0,,1200.0,,1200.0,,,,,,,"61,4631882611914",2,,48437;115030,"Geita, Kyela (Adm2). "
2002-0567-TZA,2002,567,,Natural,Biological,Epidemic,Bacterial disease,,Meningococcal disease,"Tanzania, United Republic of",TZA,Eastern Africa,Africa,"Nduta, Karago, Mtendeli, Mkugwa (Kibondo districts)",,,,,No,No,,,Vaccinated,,,,,2002,7.0,1.0,2002,10.0,2.0,9.0,,149.0,,149.0,,,,,,,"61,4631882611914",,,,
2002-0272-UGA,2002,272,,Natural,Hydrological,Flood,Riverine flood,,,Uganda,UGA,Eastern Africa,Africa,"Mbale, Sironko, Bundibugyo, Kapchorwa, Buhweju provinces",Heavy rain,,,,,,,,Km2,,,,Semliki,2002,4.0,26.0,2002,5.0,28.0,17.0,,760.0,,760.0,,,,,,,"61,4631882611914",1,754;761;778;785;47085,,"Buhweju, Bundibugyo, Kapchorwa, Mbale, Sironko (Adm1). "
2002-0016-UGA,2002,16,,Natural,Meteorological,Storm,,,,Uganda,UGA,Eastern Africa,Africa,"Vuulu, Geregaere areas (Lugazi area, Buyikwe district, Buikwe province)",,,,,,,,,Kph,,,,,2002,1.0,5.0,2002,1.0,5.0,,,,100.0,100.0,,,,,,,"61,4631882611914",2,,28510,Buyikwe (Adm2). 
2002-0194-UGA,2002,194,,Natural,Hydrological,Flood,,,,Uganda,UGA,Eastern Africa,Africa,"Kangulumira village (Ntenjeru district, Kayunga province)",,,,,,,,,Km2,,,,,2002,3.0,30.0,2002,3.0,30.0,,,,100.0,100.0,,,,,,,"61,4631882611914",2,,28513,Ntenjeru (Adm2). 
2002-0881-ZAF,2002,881,,Natural,Meteorological,Storm,Convective storm,Tornado,,South Africa,ZAF,Southern Africa,Africa,Limpopo province,,,,,,,,,Kph,,,,,2002,9.0,9.0,2002,9.0,10.0,1.0,66.0,,,66.0,,,,,9000.0,14643.0,"61,4631882611914",1,77312,,Limpopo (Adm1). 
2002-0442-ZAF,2002,442,,Natural,Meteorological,Storm,Convective storm,Winter storm/Blizzard,,South Africa,ZAF,Southern Africa,Africa,"Eastern Cape, KwaZulu-Natal provinces",,,,,,,,,Kph,,,,,2002,7.0,15.0,2002,7.0,21.0,22.0,,100000.0,,100000.0,,,,,5000.0,8135.0,"61,4631882611914",1,77310;77311,,"Eastern Cape, KwaZulu-Natal (Adm1). "
2002-0217-ZAF,2002,217,,Natural,Meteorological,Storm,Convective storm,Severe storm,,South Africa,ZAF,Southern Africa,Africa,Eastern Cape province,,,,,,,,,Kph,,,,,2002,4.0,11.0,2002,4.0,11.0,,,1000.0,,1000.0,,,,,41.0,67.0,"61,4631882611914",1,77310,,Eastern Cape (Adm1). 
2002-0514-ZAF,2002,514,,Natural,Hydrological,Flood,Riverine flood,,,South Africa,ZAF,Southern Africa,Africa,"East London town (Buffalo City district, Eastern Cape province)",Heavy rain,,,,,,,3000.0,Km2,,,,,2002,8.0,16.0,2002,8.0,18.0,16.0,,2500.0,,2500.0,,,,,,,"61,4631882611914",2,,77316,Buffalo City Metropolitan Municipality (Adm2). 
2002-0416-ZAF,2002,416,,Natural,Climatological,Wildfire,"Land fire (Brush, Bush, Pasture)",,,South Africa,ZAF,Southern Africa,Africa,"Eastern Cape, Mpumalanga provinces",,,,,,,,,Km2,,,,,2002,7.0,,2002,7.0,,3.0,500.0,,1000.0,1500.0,,,,,,,"61,4631882611914",1,77310;77313,,"Eastern Cape, Mpumalanga (Adm1). "
2002-0189-ZAF,2002,189,,Natural,Biological,Epidemic,Bacterial disease,,Cholera,South Africa,ZAF,Southern Africa,Africa,"Eastern Cape, KwaZulu Natal, Northern provinces",,,,,,,,,Vaccinated,,,,,2002,1.0,1.0,2002,1.0,1.0,72.0,,12927.0,,12927.0,,,,,,,"61,4631882611914",,,,
2002-0858-ZAF,2002,858,,Natural,Biological,Epidemic,Viral disease,,Acute respiratory syndrome (SARS),South Africa,ZAF,Southern Africa,Africa,,,,,,No,No,,,Vaccinated,,,,,2003,4.0,3.0,2003,4.0,3.0,1.0,,,,,,,,,,,"61,4631882611914",,,,
2002-0025-ZAF,2002,25,,Natural,Meteorological,Storm,,,,South Africa,ZAF,Southern Africa,Africa,Northern Cape province,,,,,,,,,Kph,,,,,2002,1.0,8.0,2002,1.0,8.0,,,150.0,,150.0,,,,,,,"61,4631882611914",1,77315,,Northern Cape (Adm1). 
2002-0112-ZAF,2002,112,,Natural,Biological,Epidemic,,,Acute watery diarroeal syndrome,South Africa,ZAF,Southern Africa,Africa,Eastern cape,,,,,No,No,,,Vaccinated,,,,,2002,2.0,14.0,2002,2.0,14.0,11.0,,256.0,,256.0,,,,,,,"61,4631882611914",,,,
2002-0155-ZAF,2002,155,,Natural,Biological,Epidemic,,,Acute watery diarrhoeal syndrome,South Africa,ZAF,Southern Africa,Africa,KwaZulu Natal,,,,,No,No,,,Vaccinated,,,,,2002,3.0,7.0,2002,3.0,7.0,1.0,,169.0,,169.0,,,,,,,"61,4631882611914",,,,
2002-0384-COD,2002,384,,Natural,Biological,Epidemic,Bacterial disease,,Meningococcal disease,Congo (the Democratic Republic of the),COD,Middle Africa,Africa,"Mai-Ndombe, Bandundu province",,,,,,,,,Vaccinated,,,,,2002,2.0,,2002,2.0,,39.0,,66.0,,66.0,,,,,,,"61,4631882611914",,,,
2002-0597-COD,2002,597,,Natural,Biological,Epidemic,Bacterial disease,,Cholera,Congo (the Democratic Republic of the),COD,Middle Africa,Africa,"Malemba Nkulu, Kabala, Butombe, Songwe, Twite-Mwanza (Katanga province and Estern Kasai province",,,,,No,No,,,Vaccinated,,,,,2002,7.0,,2003,5.0,,67.0,,2636.0,,2636.0,,,,,,,"61,4631882611914",,,,
2002-0685-COD,2002,685,,Natural,Biological,Epidemic,Bacterial disease,,Cholera,Congo (the Democratic Republic of the),COD,Middle Africa,Africa,"Babamka, Bakamaleka, Kambanga, Tshilunde, Tshilenge, Katende, Miabi (Mbuji-Mayi, Kasai-Oriental province)",,,,,No,No,,,Vaccinated,,,,,2002,10.0,16.0,2002,10.0,20.0,41.0,,353.0,,353.0,,,,,,,"61,4631882611914",,,,
2002-0763-COD,2002,763,,Natural,Biological,Epidemic,Bacterial disease,,Meningococcal disease,Congo (the Democratic Republic of the),COD,Middle Africa,Africa,North Kivu,,,,,,,,,Vaccinated,,,,,2002,10.0,1.0,2002,10.0,1.0,17.0,,57.0,,57.0,,,,,,,"61,4631882611914",,,,
2002-0523-COD,2002,523,,Natural,Biological,Epidemic,Viral disease,,,Congo (the Democratic Republic of the),COD,Middle Africa,Africa,"Kinshasa, Kongolo",,,,,,,,,Vaccinated,,,,,2002,1.0,,2002,1.0,,24.0,,4000.0,,4000.0,,,,,,,"61,4631882611914",,,,
2002-0742-COD,2002,742,,Natural,Biological,Epidemic,Viral disease,,Acute respiratory syndrome,Congo (the Democratic Republic of the),COD,Middle Africa,Africa,"Djolu, Bili, Bosobolo, Gbadolite, Gemena, Karawa (Equateur province)",,,,,No,No,,,Vaccinated,,,,,2002,10.0,,2002,11.0,22.0,18.0,,1245.0,,1245.0,,,,,,,"61,4631882611914",,,,
2002-0833-COD,2002,833,,Natural,Biological,Epidemic,Viral disease,,,Congo (the Democratic Republic of the),COD,Middle Africa,Africa,"Pinga, Mangina (North Kivu province), Equateur, Bandundu provinces",,,,,,,,,Vaccinated,,,,,2002,12.0,20.0,2002,12.0,20.0,,,140.0,,140.0,,,,,,,"61,4631882611914",,,,
2002-0837-COD,2002,837,,Natural,Biological,Epidemic,Viral disease,,Influenza,Congo (the Democratic Republic of the),COD,Middle Africa,Africa,"Thuapa (Equateur province), Inongo (Bandundu province)",,,,,,,,,Vaccinated,,,,,2002,12.0,,2002,12.0,,2000.0,,500000.0,,500000.0,,,,,,,"61,4631882611914",,,,
2002-0872-COD,2002,872,,Natural,Biological,Epidemic,Viral disease,,Influenza,Congo (the Democratic Republic of the),COD,Middle Africa,Africa,Kinshasa,,,,,No,No,,,Vaccinated,,,,,2002,12.0,,2003,1.0,15.0,296.0,,30878.0,,30878.0,,,,,,,"61,4631882611914",,,,
2002-0589-ZWE,2002,589,,Natural,Biological,Epidemic,Bacterial disease,,Cholera,Zimbabwe,ZWE,Eastern Africa,Africa,,,,,,,,,,Vaccinated,,,,,2002,8.0,,2002,8.0,,,,350.0,,350.0,,,,,,,"61,4631882611914",,,,
2002-0135-ZWE,2002,135,,Natural,Biological,Epidemic,,,Acute watery diarrhoeal syndrome,Zimbabwe,ZWE,Eastern Africa,Africa,"Bikita district, Masvingo",,,,,,,,,Vaccinated,,,,,2002,3.0,6.0,2002,3.0,6.0,4.0,,102.0,,102.0,,,,,,,"61,4631882611914",,,,
2003-0114-ZWE,2003,114,,Natural,Meteorological,Storm,Tropical cyclone,,Japhet,Zimbabwe,ZWE,Eastern Africa,Africa,"Manicaland, Masvingo, Matabeleland South provinces",,Rain,,,,,,,Kph,,,,,2003,3.0,7.0,2003,3.0,7.0,8.0,,,,,,,,,,,"62,8584595000413",1,3437;3441;3443,,"Manicaland, Masvingo, Matabeleland South (Adm1). "
2003-0130-NER,2003,130,,Natural,Biological,Epidemic,Bacterial disease,,,Niger (the),NER,Western Africa,Africa,"Matameye, Magaria, Aguié, Madarounfa, Madaoua, Tahoua, Mirriah districts",,,,,No,No,,250000.0,Vaccinated,,,,,2003,2.0,,2003,3.0,9.0,195.0,,1861.0,,1861.0,,,,,,,"62,8584595000413",,,,
2003-0027-TUN,2003,27,,Natural,Hydrological,Flood,Riverine flood,,,Tunisia,TUN,Northern Africa,Africa,"Jendouba, Beja, Manouba, Kasserine, Kairouan, Sidi Bouz, Le Kef, Monastir, Bizerte provinces",Heavy rains,,,,,,,27680.0,Km2,,,,Oued Mejerda,2003,1.0,14.0,2003,1.0,16.0,8.0,,27000.0,,27000.0,,,,,,,"62,8584595000413",1,2995;2996;2999;3000;3001;3003;3005;3006;3010,,"Beja, Bizerte, Jendouba, Kairouan, Kasserine, Le Kef, Manouba, Monastir, Sidi Bouz (Adm1). "
2003-0146-ZAF,2003,146,,Natural,Hydrological,Flood,Riverine flood,,,South Africa,ZAF,Southern Africa,Africa,"Montagu town (Langeberg area, Cape Winelands district, Western Cape province)",Heavy rains,,,,,,,660.0,Km2,,,,"Kigna, Keisie",2003,3.0,23.0,2003,3.0,26.0,1.0,,500.0,,500.0,,,,,,,"62,8584595000413",2,,77327,Cape Winelands District Municipality (Adm2). 
2003-0073-COD,2003,73,,Natural,Meteorological,Storm,Tropical cyclone,,,Congo (the Democratic Republic of the),COD,Middle Africa,Africa,"Yumbi area (Plateaux district, Bandundu province)",,,,,,,,,Kph,,,,,2003,2.0,2.0,2003,2.0,2.0,17.0,2500.0,,20000.0,22500.0,,,,,,,"62,8584595000413",2,,74363,Plateaux (Adm2). 
2003-0148-ZMB,2003,148,,Natural,Hydrological,Flood,Riverine flood,,,Zambia,ZMB,Eastern Africa,Africa,Gwembe district (Southern province),Heavy rains,,,,,,,9280.0,Km2,,,,Kafue,2003,3.0,11.0,2003,3.0,15.0,,,,10000.0,10000.0,,,,,,,"62,8584595000413",2,,65229,Gwembe (Adm2). 
2003-0570-AGO,2003,570,,Natural,Hydrological,Flood,Riverine flood,,,Angola,AGO,Middle Africa,Africa,Uige province,Heavy rains,,,,,,,,Km2,,,,,2003,11.0,22.0,2003,11.0,23.0,6.0,,,225.0,225.0,,,,,,,"62,8584595000413",1,414,,Uige (Adm1). 
2003-0725-BDI,2003,725,,Natural,Biological,Epidemic,Bacterial disease,,Cholera,Burundi,BDI,Eastern Africa,Africa,"Bubamza, Bujumbura, Bururi, Citiboke provinces",Lack safe water,,,,No,No,,,Vaccinated,,,,,2003,12.0,,2004,2.0,10.0,6.0,,230.0,,230.0,,,,,,,"62,8584595000413",,,,
2003-9651-BDI,2003,9651,,Natural,Climatological,Drought,Drought,,,Burundi,BDI,Eastern Africa,Africa,"Kirundo, Muyinga, Ngozi, Kayanza, Muramvya, Bujumbura Rural, Ruyigi, Gitega, Bubanza, Makamba provinces ",,,,,,,,,Km2,,,,,2003,9.0,,2004,,,,,,,,,,,,,,"62,8584595000413",1,40542;40544;40548;40550;40551;40552;40553;40554;40556;40558,,"Bubanza, Bujumbura Rural, Gitega, Kayanza, Kirundo, Makamba, Muramvya, Muyinga, Ngozi, Ruyigi (Adm1). "
2003-0554-BEN,2003,554,,Natural,Biological,Epidemic,Bacterial disease,,Cholera,Benin,BEN,Western Africa,Africa,"Atlantique, Borgou departments",,,,,No,No,,,Vaccinated,,,,,2003,1.0,1.0,2003,11.0,15.0,3.0,,265.0,,265.0,,,,,,,"62,8584595000413",,,,
2003-0389-BFA,2003,389,,Natural,Hydrological,Flood,Riverine flood,,,Burkina Faso,BFA,Western Africa,Africa,"Nayala district (Boucle Du Mouhoun province), Comoe district (Cascades province), Kadiogo district (Centre province), Boulgou district (Centre-est province), Bam, Sanmatenga district (Centre-nord province), Nahouri, Bazega district (Centre-sud province), Kenedougou district (Hauts-bassins province), Loroum, Yatenga district (Nord province), Seno, Yagha district (Sahel province), Noumbiel district (Sud-ouest province)",Heavy rains,,,,,,,,Km2,,,,"Volta Noire, Oti, White Volta",2003,8.0,10.0,2003,10.0,19.0,,,,12120.0,12120.0,,,,,,,"62,8584595000413",2,,154446;154448;154450;154451;154454;154456;154461;154462;154470;154472;154474;154480;154482;154485,"Bam, Bazega, Boulgou, Comoe, Kadiogo, Kenedougou, Loroum, Nahouri, Nayala, Noumbiel, Sanmatenga, Seno, Yagha, Yatenga (Adm2). "
2004-0019-AGO,2004,19,,Natural,Hydrological,Flood,Riverine flood,,,Angola,AGO,Middle Africa,Africa,"Catata, Calenga villages (Caala district, Huambo province)",Heavy rains,Broken Dam/Burst bank,,,,,,,Km2,,,,Cunene river,2004,1.0,27.0,2004,3.0,1.0,27.0,,330000.0,1700.0,331700.0,,,,,,,"64,5413292817447",2,,4264,Caala (Adm2). 
2004-9480-AGO,2004,9480,,Natural,Climatological,Drought,Drought,,,Angola,AGO,Middle Africa,Africa,"Cunene, Cuanza-Sul provinces",,Food shortage,,,,,,,Km2,,,,,2004,9.0,,2005,,,,,25000.0,,25000.0,,,,,,,"64,5413292817447",1,403;404,,"Cuanza Sul, Cunene (Adm1). "
2004-0159-AGO,2004,159,,Natural,Hydrological,Flood,Riverine flood,,,Angola,AGO,Middle Africa,Africa,"Cuando Cubango, Moxico provinces",Heavy rains,,,,,,,,Km2,,,,,2004,2.0,1.0,2004,6.0,2.0,,,,,,,,,,,,"64,5413292817447",1,402;412,,"Cuando Cubango, Moxico (Adm1). "
2004-0661-AGO,2004,661,,Natural,Hydrological,Flood,Riverine flood,,,Angola,AGO,Middle Africa,Africa,"Dondo town (Cambambe district, Kuanza Norte province)",Heavy rain,,,,,,,2660.0,Km2,,,,,2004,12.0,18.0,2004,12.0,19.0,1.0,,2000.0,,2000.0,,,,,,,"64,5413292817447",2,,4291,Cambambe (Adm2). 
2004-0737-AGO,2004,737,,Natural,Biological,Epidemic,Viral disease,,Marburg virus disease,Angola,AGO,Middle Africa,Africa,"Uige, Luanda, Cabinda, Malange, Kuanza Norte, Kuanza Sul, Malanje, Zaire provinces",,,,Yes,No,No,,,Vaccinated,,,,,2004,10.0,13.0,2005,9.0,6.0,329.0,,45.0,,45.0,,,,,,,"64,5413292817447",,,,
2004-0671-BDI,2004,671,,Natural,Geophysical,Earthquake,Ground movement,,,Burundi,BDI,Eastern Africa,Africa,"Ruyaga village (Rugombo district, Cibitoke province)",,,,,,,,5.0,Richter,-3.393,29.558,,,2004,2.0,24.0,2004,2.0,24.0,3.0,,,120.0,120.0,,,,,,,"64,5413292817447",2,,40610,Rugombo (Adm2). 
2004-0111-BDI,2004,111,,Natural,Hydrological,Flood,Flash flood,,,Burundi,BDI,Eastern Africa,Africa,Rugazi district (Bubanza province),Torrential rain,,,,,,,,Km2,,,,,2004,3.0,7.0,2004,3.0,7.0,,,,10000.0,10000.0,,,,,,,"64,5413292817447",2,,40563,Rugazi (Adm2). 
2004-0006-BDI,2004,6,,Natural,Meteorological,Storm,,,,Burundi,BDI,Eastern Africa,Africa,Mpanda district (Bubanza province),,,,,,,,,Kph,,,,,2004,1.0,4.0,2004,1.0,4.0,,,,500.0,500.0,,,,,,,"64,5413292817447",2,,40561,Mpanda (Adm2). 
2004-0105-BDI,2004,105,,Natural,Meteorological,Storm,,,,Burundi,BDI,Eastern Africa,Africa,Kinama district (Bujumbura Mairie province),,,,,,,,,Kph,,,,,2004,2.0,20.0,2004,2.0,20.0,,,,15000.0,15000.0,,,,,,,"64,5413292817447",2,,40572,Kinama (Adm2). 
2004-0110-BFA,2004,110,,Natural,Biological,Epidemic,Bacterial disease,,Meningococcal disease,Burkina Faso,BFA,Western Africa,Africa,"Diébougou, Barsalogho, Zabre",,,,,No,No,,130000.0,Vaccinated,,,,,2004,1.0,1.0,2004,3.0,21.0,527.0,,2783.0,,2783.0,,,,,,,"64,5413292817447",,,,
2004-0392-BFA,2004,392,,Natural,Biological,Insect infestation,Locust,,,Burkina Faso,BFA,Western Africa,Africa,,,,,,No,No,,,,,,,,2004,8.0,,2004,8.0,,,,,,,,,,,,,"64,5413292817447",,,,
2005-0137-AGO,2005,137,,Natural,Hydrological,Flood,Riverine flood,,,Angola,AGO,Middle Africa,Africa,"Kuanza Norte, Uige, Zaire, Malanje, Bengo, Huambo, Benguela, Bie, Cuando Cubango provinces",Heavy rains,,,,,,,118200.0,Km2,,,,"Kapacala, Cuanza, Okavango rivers",2005,1.0,27.0,2005,3.0,28.0,,,,10000.0,10000.0,,,,,,,"66,7310579862028",1,398;399;400;402;405;407;411;414;415,,"Bengo, Benguela, Bie, Cuando Cubango, Huambo, Kuanza Norte, Malanje, Uige, Zaire (Adm1). "
2005-0057-BDI,2005,57,,Natural,Hydrological,Flood,Flash flood,,,Burundi,BDI,Eastern Africa,Africa,"Gatumba area (Mutimbuzi district, Bujumbura Rural province), Imbo area (Gihanga district, Bubanza province), Kinyinya Hill area (Kinyinya district, Ruyigi province), Mushasha area (Gitega district, Gitega province), Muyange area (Burambi district, Bururi province)",Torrential rains,,,,,,,,Km2,,,,,2005,2.0,2.0,2005,2.0,2.0,,,,5000.0,5000.0,,,,,,,"66,7310579862028",2,,40589;40591;40616;40689;48356,"Burambi, Gihanga, Gitega, Kinyinya, Mutimbuzi (Adm2). "
2003-0204-KEN,2003,204,,Natural,Hydrological,Flood,Riverine flood,,,Kenya,KEN,Eastern Africa,Africa,"Nyando, Kisumu, Rachuonyo, Migori districts (Nyanza province), Busia district (Western province)",Heavy rains,"Slide (land, mud, snow, rock)",Broken Dam/Burst bank,Yes,,Yes,,100.0,Km2,,,,,2003,4.0,,2003,5.0,,40.0,,60000.0,,60000.0,,,,,,,"62,8584595000413",2,,51369;51371;51373;51374;51396,"Busia, Kisumu, Migori, Nyando, Rachuonyo (Adm2). "
2003-0422-GMB,2003,422,,Natural,Meteorological,Storm,,,,Gambia (the),GMB,Western Africa,Africa,"Mansajang Kunda, Manneh Kunda, Alluhareh, Basse, Kobe Kunda villages (Fulladu East district, Upper River province)",,Flood,Rain,,,,,65.0,Kph,,,,,2003,8.0,24.0,2003,8.0,24.0,3.0,19.0,8000.0,,8019.0,,,,,,,"62,8584595000413",2,,16429,Fulladu East (Adm2). 
2003-0503-DZA,2003,503,,Natural,Hydrological,Flood,Riverine flood,,,Algeria,DZA,Northern Africa,Africa,"Asla, Ain Sefra districts (Naama province), Saida, Mascara, Tizi Ouzou provinces",Heavy rains,"Slide (land, mud, snow, rock)",,,,,,51770.0,Km2,,,,Boukhors,2003,10.0,15.0,2003,10.0,18.0,13.0,,,,,,,,,,,"62,8584595000413",1;2,366;376;387,38603;38604,"Mascara, Saida, Tizi Ouzou (Adm1). Ain Sefra, Asla (Adm2). "
2003-0245-DZA,2003,245,,Natural,Geophysical,Earthquake,Ground movement,,,Algeria,DZA,Northern Africa,Africa,"Thenia, Zemmouri, Boumerdes, Dellys, Khemis El Khechna, Bordj Menaiel, Isser districts (Boumerdes province), Reghaia, Rouiba, Bab El Oued, Alger, Casbah, Hamma Anassers districts (Alger province)",,Tsunami/Tidal wave,,Yes,Yes,,10700.0,7.0,Richter,36.964,3.634,19:44,,2003,5.0,21.0,2003,5.0,21.0,2266.0,10261.0,,200000.0,210261.0,,,,,5000000.0,7954379.0,"62,8584595000413",2,,37725;37726;37742;37756;37771;37772;38068;38071;38075;38079;38080;38091;38094,"Alger, Bab El Oued, Bordj Menaiel, Boumerdes, Casbah, Dellys, Hamma Anassers, Isser, Khemis El Khechna, Reghaia, Rouiba, Thenia, Zemmouri (Adm2). "
2003-0752-COM,2003,752,,Natural,Meteorological,Storm,,,,Comoros (the),COM,Eastern Africa,Africa,"Kavé-Hoani, Fomboni areas (Moheli province)",,Rain,,,,,,,Kph,,,,,2003,4.0,25.0,2003,4.0,27.0,,,,300.0,300.0,,,,,,,"62,8584595000413",1,968,,Moheli (Adm1). 
2003-0358-CMR,2003,358,,Natural,Hydrological,Landslide,Landslide,,,Cameroon,CMR,Middle Africa,Africa,"Wabane village (Lebialem district, Sud - Ouest province)",,Flood,,,,,,,,,,,,2003,7.0,20.0,2003,7.0,20.0,20.0,,,100.0,100.0,,,,,,,"62,8584595000413",2,,12512,Lebialem (Adm2). 
2003-0564-CAF,2003,564,,Natural,Hydrological,Flood,Flash flood,,,Central African Republic,CAF,Middle Africa,Africa,Sibut district (Kémo province),Heavy rains,,,,,,,,Km2,,,,Tomi,2003,9.0,5.0,2003,9.0,5.0,,,,240.0,240.0,,,,,,,"62,8584595000413",2,,12852,Sibut (Adm2). 
2003-0491-CAF,2003,491,,Natural,Biological,Epidemic,Bacterial disease,,Shigellosis,Central African Republic,CAF,Middle Africa,Africa,"Paoua, Bosum",,,,,No,No,,,Vaccinated,,,,,2003,6.0,16.0,2003,10.0,29.0,23.0,,379.0,,379.0,,,,,,,"62,8584595000413",,,,
2003-0553-COG,2003,553,,Natural,Biological,Epidemic,Viral disease,,Ebola virus,Congo (the),COG,Middle Africa,Africa,"Mbomo, Mbanza districts (Cuvette Ouest Department)",,,,,No,No,,,Vaccinated,,,,,2003,10.0,12.0,2003,12.0,24.0,29.0,,2.0,,2.0,,,,,,,"62,8584595000413",,,,
2003-0255-DZA,2003,255,,Natural,Geophysical,Earthquake,Ground movement,,,Algeria,DZA,Northern Africa,Africa,Zemmouri district (Boumerdes province),,,,,,,,6.0,Richter,36.939,3.578,18:11,,2003,5.0,27.0,2003,5.0,27.0,9.0,200.0,,,200.0,,,,,,,"62,8584595000413",2,,38094,Zemmouri (Adm2). 
2003-0160-DZA,2003,160,,Natural,Hydrological,Flood,Riverine flood,,,Algeria,DZA,Northern Africa,Africa,"Tizi Ouzou, Bejaia, Annaba, Blida, Constantine",Heavy rains,,,,,,,,Km2,,,,,2003,4.0,2.0,2003,4.0,5.0,15.0,50.0,,,50.0,,,,,,,"62,8584595000413",1,345;348;350;355;387,,"Annaba, Bejaia, Blida, Constantine, Tizi Ouzou (Adm1). "
2003-0396-DZA,2003,396,,Natural,Hydrological,Flood,Riverine flood,,,Algeria,DZA,Northern Africa,Africa,"Reggane district (Adrar province), Hidoussa district (Batna province), Tamanrasset province",Torrential rains,,,,,,,78730.0,Km2,,,,,2003,8.0,9.0,2003,8.0,11.0,13.0,,,,,,,,,,,"62,8584595000413",1;2,381,37646;37815,"Tamanrasset (Adm1). Hidoussa, Reggane (Adm2). "
2003-0785-DZA,2003,785,,Natural,Meteorological,Extreme temperature ,Heat wave,,,Algeria,DZA,Northern Africa,Africa,Adrar (province?/district?),,,,,,,,47.0,°C,,,,,2003,6.0,21.0,2003,7.0,21.0,40.0,,,,,,,,,,,"62,8584595000413",2,,37631,Adrar (Adm2). 
2003-0368-ERI,2003,368,,Natural,Hydrological,Flood,Riverine flood,,,Eritrea,ERI,Eastern Africa,Africa,Tesseney district (Gash Barka province),Heavy rain,,,,,,,,Km2,,,,"Gash, Atbara, Siteet",2003,7.0,28.0,2003,8.0,21.0,,,,,,,,,,,,"62,8584595000413",2,,15876,Tesseney (Adm2). 
2003-0204-ETH,2003,204,,Natural,Hydrological,Flood,Riverine flood,,,Ethiopia,ETH,Eastern Africa,Africa,Somali province,Hevay rains,,,Yes,,,,52990.0,Km2,,,,Wabe Shebelle river,2003,4.0,28.0,2003,5.0,20.0,119.0,,110000.0,,110000.0,,,,,,,"62,8584595000413",1,47679,,Somali (Adm1). 
2003-9772-ETH,2003,9772,,Natural,Climatological,Drought,Drought,,,Ethiopia,ETH,Eastern Africa,Africa,"Tigray, Oromia, Amhara, Somali, Afar provinces","Crop failure, lack pasture, poor/erratic long rains",,,,,,,,Km2,,,,,2003,,,2004,,,,,12600000.0,,12600000.0,,,,,,,"62,8584595000413",1,1228;1229;1237;47678;47679,,"Afar, Amhara, Oromia, Somali, Tigray (Adm1). "
2003-0523-GNB,2003,523,,Natural,Hydrological,Flood,Riverine flood,,,Guinea-Bissau,GNB,Western Africa,Africa,"Bafata, Gabu provinces",Heavy rains,,,,,,,,Km2,,,,Geba river,2003,10.0,,2003,10.0,,,,,,,,,,,,,"62,8584595000413",1,1385;1389,,"Bafata, Gabu (Adm1). "
2003-0729-KEN,2003,729,,Natural,Hydrological,Flood,Riverine flood,,,Kenya,KEN,Eastern Africa,Africa,Kisumu district (Nyanza province),Heavy rains,,,,,,,390.0,Km2,,,,Auji,2003,1.0,4.0,2003,1.0,6.0,,,300.0,,300.0,,,,,,,"62,8584595000413",2,,51369,Kisumu (Adm2). 
2003-0309-LBR,2003,309,,Natural,Biological,Epidemic,Bacterial disease,,Cholera,Liberia,LBR,Western Africa,Africa,"Monrovia, Buchanan",,,,,No,No,,,Vaccinated,,,,,2003,6.0,25.0,2003,9.0,28.0,,,17561.0,,17561.0,,,,,,,"62,8584595000413",,,,
2003-0543-LBR,2003,543,,Natural,Biological,Epidemic,,,Bloody diarrhoea,Liberia,LBR,Western Africa,Africa,Monrovia,,,,,No,No,,,Vaccinated,,,,,2003,8.0,,2003,8.0,,,,1857.0,,1857.0,,,,,,,"62,8584595000413",,,,
2004-0158-DJI,2004,158,,Natural,Hydrological,Flood,Flash flood,,,Djibouti,DJI,Eastern Africa,Africa,Djibouti district (Djibouti province),Torrential rain,"Slide (land, mud, snow, rock)",Rain,Yes,,,,370.0,Km2,,,,Ambouli,2004,4.0,12.0,2004,4.0,16.0,51.0,,98500.0,1500.0,100000.0,,,,,,,"64,5413292817447",2,,15276,Djibouti (Adm2). 
2004-9288-KEN,2004,9288,,Natural,Climatological,Drought,Drought,,,Kenya,KEN,Eastern Africa,Africa,"Kitui, Mbeere, Mwingi, Marsabit districts (Eastern province), Turkana, Kajiado, Narok districts (Rift Valley province), Mandera, Wajir, Garissa, Ijara districts (North Eastern province), Tana river, Kilifi, Kwale, Taita Taveta, Malindi districts (Coast province), Nyanza, Central provinces",Poor rainfall,Crop failure,Food shortage,,,,,,Km2,,,,,2004,7.0,,2004,,,80.0,,2300000.0,,2300000.0,,,,,,,"64,5413292817447",1;2,51325;51330,51340;51341;51343;51345;51346;51349;51352;51353;51358;51361;51362;51363;51364;51380;51388;51392,"Central, Nyanza (Adm1). Garissa, Ijara, Kajiado, Kilifi, Kitui, Kwale, Malindi, Mandera, Marsabit, Mbeere, Mwingi, Narok, Taita Taveta, Tana River, Turkana, Wajir (Adm2). "
2004-0194-KEN,2004,194,,Natural,Hydrological,Flood,Riverine flood,,,Kenya,KEN,Eastern Africa,Africa,"Nairobi district (Nairobi province), Tana River, Taita Taveta districts (Coast province), Nakuru, Baringo, Turkana, Marakwet districts (Rift Valley province), Machakos district (Eastern province), Nyamira, Nyando, Rachuonyo, Kisumu, Migori, Homa Bay districts (Nyanza province) ",Heavy rains,"Slide (land, mud, snow, rock)",,,,,,268300.0,Km2,,,,"Nyando, Mahenya, Sondu-Miriu, Sio, Awach, Ombeyi, Migori and Kuja, Tonde, Chemoron, Endao, Miriu, Athi, Nzoia, Thirikwa, Ndarugu, Thiriku, Ruamuthambi, Kirichwa, Ruarakaother, Athi",2004,4.0,9.0,2004,5.0,11.0,50.0,,10000.0,,10000.0,,,,,,,"64,5413292817447",2,,51345;51346;51350;51360;51368;51369;51371;51372;51373;51374;51377;51385;51386;51392,"Baringo, Homa Bay, Kisumu, Machakos, Marakwet, Migori, Nairobi, Nakuru, Nyamira, Nyando, Rachuonyo, Taita Taveta, Tana River, Turkana (Adm2). "
2004-0659-KEN,2004,659,,Natural,Geophysical,Earthquake,Tsunami,,,Kenya,KEN,Eastern Africa,Africa,Mombassa district (Coast province),,Tsunami/Tidal wave,,,,,,9.0,Richter,3.295,95.982,,,2004,12.0,26.0,2004,12.0,26.0,1.0,,,,,,,,,100000.0,154939.0,"64,5413292817447",2,,51344,Mombasa (Adm2). 
2004-0026-EGY,2004,26,,Natural,Meteorological,Storm,,,,Egypt,EGY,Northern Africa,Africa,"Alexandria, Assiut, Aswan, Behera, Beni Suef, Cairo, Dakahlia, Damietta, Fayoum, Gharbia, Giza, Ismailia, Kafr El-Shikh, Kalyoubia, Luxor, Menia, Menoufia, New Valley, Port Said, Qena, Shrkia, Suez, Suhag provinces",,Rain,,,,,,,Kph,,,,,2004,1.0,22.0,2004,1.0,26.0,13.0,42.0,,,42.0,,,,,,,"64,5413292817447",1,61510;61511;61512;61513;61514;61515;61516;61517;61518;61519;61520;61521;61522;61523;61524;61526;61527;61528;61530;61531;61533;61535;61536,,"Alexandria, Assiut, Aswan, Behera, Beni Suef, Cairo, Dakahlia, Damietta, Fayoum, Gharbia, Giza, Ismailia, Kafr El-Shikh, Kalyoubia, Luxor, Menia, Menoufia, New Valley, Port Said, Qena, Shrkia, Suez, Suhag (Adm1). "
2004-0394-ERI,2004,394,,Natural,Hydrological,Flood,Riverine flood,,,Eritrea,ERI,Eastern Africa,Africa,"Korokon IDP camp (Shambqo district, Gash Barka province)",Heavy rains,Rain,,,,,,,Km2,,,,,2004,7.0,27.0,2004,7.0,27.0,,13.0,7000.0,,7013.0,,,,,,,"64,5413292817447",2,,15875,Shambqo (Adm2). 
2004-0300-GMB,2004,300,,Natural,Meteorological,Storm,,,,Gambia (the),GMB,Western Africa,Africa,"Allunhari, Kanubeh, Nyakoi Kerewan, Nyakoi Taibatu villages (Fulladu East district, Upper River province)",,Rain,,Yes,,,,,Kph,,,,,2004,5.0,24.0,2004,5.0,24.0,2.0,112.0,6025.0,,6137.0,,,,,,,"64,5413292817447",2,,16429,Fulladu East (Adm2). 
2004-0159-BWA,2004,159,,Natural,Hydrological,Flood,Riverine flood,,,Botswana,BWA,Southern Africa,Africa,Ngamiland province,Heavy rains,,,,,,,,Km2,,,,,2004,2.0,1.0,2004,6.0,2.0,,,4960.0,,4960.0,,,,,,,"64,5413292817447",1,660,,Ngamiland (Adm1). 
2004-0541-CAF,2004,541,,Natural,Hydrological,Flood,Flash flood,,,Central African Republic,CAF,Middle Africa,Africa,"Bama village (Bria district, Haute-Kotto province), Bangui district (Bangui province), Mobaye district (Basse-Kotto province)",Torrential rains,,,,,,,1516.0,Km2,,,,Ngoubagara canal,2004,10.0,24.0,2004,11.0,2.0,3.0,,,12698.0,12698.0,,,,,,,"64,5413292817447",2,,12840;12846;67155,"Bangui, Bria, Mobaye (Adm2). "
2004-0048-CMR,2004,48,,Natural,Biological,Epidemic,Bacterial disease,,Cholera,Cameroon,CMR,Middle Africa,Africa,"Douala, Mbouda, Kousséri, Foumbot, Littoral and West regions",Lack of clean water,,,,No,No,,,Vaccinated,,,,,2004,1.0,1.0,2004,6.0,9.0,46.0,,2924.0,,2924.0,,,,,,,"64,5413292817447",,,,
2004-0392-CPV,2004,392,,Natural,Biological,Insect infestation,Locust,,,Cabo Verde,CPV,Western Africa,Africa,,,,,,No,No,,,,,,,,2004,8.0,,2004,8.0,,,,,,,,,,,,,"64,5413292817447",,,,
2004-0011-DZA,2004,11,,Natural,Geophysical,Earthquake,Ground movement,,,Algeria,DZA,Northern Africa,Africa,"Alger, Boumerdes provinces",,,,,,,,5.0,Richter,36.852,3.418,19:38,,2004,1.0,10.0,2004,1.0,10.0,,300.0,,,300.0,,,,,,,"64,5413292817447",1,344;353,,"Alger, Boumerdes (Adm1). "
2004-0620-DZA,2004,620,,Natural,Geophysical,Earthquake,Ground movement,,,Algeria,DZA,Northern Africa,Africa,Boumerdes district (Boumerdes province),,,,,,,,5.0,Richter,36.848,3.448,,,2004,12.0,1.0,2004,12.0,1.0,,15.0,,,15.0,,,,,,,"64,5413292817447",2,,38071,Boumerdes (Adm2). 
2004-0201-DZA,2004,201,,Natural,Hydrological,Flood,Riverine flood,,,Algeria,DZA,Northern Africa,Africa,"Adrar, Laghouat, Oran, Ghardaia, Biskra provinces",Heavy rains,,,,,,,,Km2,,,,,2004,4.0,14.0,2004,4.0,16.0,3.0,,27545.0,,27545.0,,,,,,,"64,5413292817447",1,341;360;365;372,,"Adrar, Ghardaia, Laghouat, Oran (Adm1). "
2004-0567-DZA,2004,567,,Natural,Hydrological,Flood,,,,Algeria,DZA,Northern Africa,Africa,Alger province,,,,,,,,,Km2,,,,,2004,11.0,13.0,2004,11.0,14.0,19.0,20.0,,,20.0,,,,,,,"64,5413292817447",1,344,,Alger (Adm1). 
2004-0711-EGY,2004,711,,Natural,Biological,Epidemic,Viral disease,,Hepatitis A,Egypt,EGY,Northern Africa,Africa,Hurghada,,,,,No,No,,,Vaccinated,,,,,2004,6.0,10.0,2004,7.0,31.0,,,120.0,,120.0,,,,,,,"64,5413292817447",,,,
2004-0668-GAB,2004,668,,Natural,Biological,Epidemic,Viral disease,,Typhoid fever,Gabon,GAB,Middle Africa,Africa,"Oyem, Libreville",,,,,No,No,,,Vaccinated,,,,,2004,12.0,,2004,12.0,,1.0,,100.0,,100.0,,,,,,,"64,5413292817447",,,,
2004-0738-GIN,2004,738,,Natural,Climatological,Wildfire,"Land fire (Brush, Bush, Pasture)",,,Guinea,GIN,Western Africa,Africa,"Tamagali city (Mamou district, Mamou province)",,,,Yes,,,,,Km2,,,,,2004,1.0,10.0,2004,1.0,10.0,,,,777.0,777.0,,,,,,,"64,5413292817447",2,,40738,Mamou (Adm2). 
2004-0437-GIN,2004,437,,Natural,Biological,Epidemic,Bacterial disease,,Cholera,Guinea,GIN,Western Africa,Africa,"Kindia, Conakry, Siguiri, Mandiana, Boffa, Coyah, Kaloum, Matam, Matoto, Ratoma",Heavy rainfall,,,,No,No,,,Vaccinated,,,,,2004,6.0,,2004,10.0,,100.0,,1092.0,,1092.0,,,,,,,"64,5413292817447",,,,
2004-0392-GMB,2004,392,,Natural,Biological,Insect infestation,Locust,,,Gambia (the),GMB,Western Africa,Africa,,,,,,No,Yes,,,,,,,,2004,8.0,,2004,8.0,,,,,,,,,,,,,"64,5413292817447",,,,
2004-0494-GNB,2004,494,,Natural,Hydrological,Flood,Riverine flood,,,Guinea-Bissau,GNB,Western Africa,Africa,"Bafata, Bambadinca districts (Bafata province), Gabu district (Gabu province)",Heavy rains and thunderstorms,,,,,,,,Km2,,,,,2004,9.0,27.0,2004,9.0,28.0,3.0,,,1000.0,1000.0,,,,,,,"64,5413292817447",2,,17068;17069;17088,"Bafata, Bambadinca, Gabu (Adm2). "
2004-0736-GNB,2004,736,,Natural,Biological,Epidemic,Bacterial disease,,Cholera,Guinea-Bissau,GNB,Western Africa,Africa,Bijagos archipelago,,,,,No,No,,,Vaccinated,,,,,2004,10.0,,2004,11.0,19.0,3.0,,199.0,,199.0,,,,,,,"64,5413292817447",,,,
2004-0702-GNQ,2004,702,,Natural,Biological,Epidemic,,,,Equatorial Guinea,GNQ,Middle Africa,Africa,"Bata, Malabo",,,,,No,No,,,Vaccinated,,,,,2004,12.0,13.0,2005,3.0,14.0,15.0,,946.0,,946.0,,,,,,,"64,5413292817447",,,,
2004-0152-KEN,2004,152,,Natural,Hydrological,Flood,Flash flood,,,Kenya,KEN,Eastern Africa,Africa,"Nyando district (Nyanza province), Busia district (Western province)",Heavy rain,,,,,,,8880.0,Km2,,,,Nyando,2004,4.0,9.0,2004,4.0,12.0,4.0,,2000.0,,2000.0,,,,,,,"64,5413292817447",2,,51373;51396,"Busia, Nyando (Adm2). "
2004-0271-KEN,2004,271,,Natural,Biological,Epidemic,Bacterial disease,,,Kenya,KEN,Eastern Africa,Africa,Bungoma,Water source,,,,No,No,,,Vaccinated,,,,,2004,5.0,15.0,2004,7.0,14.0,8.0,,141.0,,141.0,,,,,,,"64,5413292817447",,,,
2005-0215-ETH,2005,215,,Natural,Hydrological,Flood,Flash flood,,,Ethiopia,ETH,Eastern Africa,Africa,"Dire Dawa, Somali provinces",Heavy rains,Broken Dam/Burst bank,,,Yes,,,,Km2,,,,"Wade Shabelle, Hargeysa, Bilate River, Ashewa. Genale, Dawa, Fafen. Sile and Sego rivers.",2005,4.0,23.0,2005,4.0,26.0,156.0,,235418.0,,235418.0,,,,,5000.0,7493.0,"66,7310579862028",1,1231;47679,,"Dire Dawa, Somali (Adm1). "
2005-0205-COM,2005,205,,Natural,Geophysical,Volcanic activity,Ash fall,,Karthala ,Comoros (the),COM,Eastern Africa,Africa,"Dimani, Pidjani villages (Ngazidja province)",,Pollution,,,,,761.0,,,,,,,2005,4.0,16.0,2005,4.0,16.0,,,39000.0,,39000.0,,,,,,,"66,7310579862028",1,969,,Ngazidja (Adm1). 
2005-0138-CIV,2005,138,,Natural,Biological,Epidemic,Bacterial disease,,,Côte dIvoire,CIV,Western Africa,Africa,Bouna region,,,,,No,No,,,Vaccinated,,,,,2005,1.0,,2005,3.0,,40.0,,210.0,,210.0,,,,,,,"66,7310579862028",,,,
2005-0050-CMR,2005,50,,Natural,Biological,Epidemic,Bacterial disease,,Cholera,Cameroon,CMR,Middle Africa,Africa,"Douala, Littoral, West and South-West provinces",,,,,No,No,,,Vaccinated,,,,,2005,1.0,3.0,2005,5.0,,42.0,,1400.0,,1400.0,,,,,,,"66,7310579862028",,,,
2005-0139-COM,2005,139,,Natural,Biological,Epidemic,Viral disease,,Chikungunya virus disease,Comoros (the),COM,Eastern Africa,Africa,Moroni (Ngazidja),,,,,No,No,,,Vaccinated,,,,,2005,3.0,12.0,2005,3.0,12.0,,,1358.0,,1358.0,,,,,,,"66,7310579862028",,,,
2005-0095-DZA,2005,95,,Natural,Hydrological,Flood,Riverine flood,,,Algeria,DZA,Northern Africa,Africa,"Illizi, Adrar, Tamanrasset province",Torrential rain,,,,,,,436800.0,Km2,,,,,2005,3.0,6.0,2005,3.0,9.0,11.0,,70.0,,70.0,,,,,,,"66,7310579862028",1,341;362;381,,"Adrar, Illizi, Tamanrasset (Adm1). "
2005-0078-DZA,2005,78,,Natural,Meteorological,Storm,,,,Algeria,DZA,Northern Africa,Africa,"Annaba, Alger, Jijel, Tizi Ouzou provinces",,,,,,,,,Kph,,,,,2005,2.0,,2005,2.0,,10.0,5.0,,,5.0,,,,,,,"66,7310579862028",1,344;345;363;387,,"Alger, Annaba, Jijel, Tizi Ouzou (Adm1). "
2005-0258-ETH,2005,258,,Natural,Hydrological,Flood,Flash flood,,,Ethiopia,ETH,Eastern Africa,Africa,Dire Dawa province,,,,,,,,,Km2,,,,,2005,5.0,20.0,2005,5.0,22.0,42.0,,,,,,,,,1200.0,1798.0,"66,7310579862028",1,1231,,Dire Dawa (Adm1). 
2005-0195-ETH,2005,195,,Natural,Biological,Epidemic,Bacterial disease,,,Ethiopia,ETH,Eastern Africa,Africa,"Tigray, Afar, Benshangul-Gumuz, Oromiya regions",,,,,No,No,,,Vaccinated,,,,,2005,4.0,,2005,4.0,,40.0,,433.0,,433.0,,,,,,,"66,7310579862028",,,,
2005-0215-KEN,2005,215,,Natural,Hydrological,Flood,Flash flood,,,Kenya,KEN,Eastern Africa,Africa,"Isiolo district (Eastern province), Garissa district (North Eastern province), Western, Nyanza provinces",Heavy rains,,,,,,,,Km2,,,,,2005,4.0,23.0,2005,4.0,26.0,1.0,,25000.0,,25000.0,,,,,500.0,749.0,"66,7310579862028",1;2,51330;51332,51348;51361,"Nyanza, Western (Adm1). Garissa, Isiolo (Adm2). "
2005-0260-KEN,2005,260,,Natural,Hydrological,Flood,Flash flood,,,Kenya,KEN,Eastern Africa,Africa,"Dadaab town (Garissa district, North Eastern province), Rift Valley, Western provinces",Heavy rains,,,,,,,,Km2,,,,,2005,5.0,18.0,2005,5.0,24.0,5.0,,10000.0,,10000.0,,,,,,,"66,7310579862028",1;2,51331;51332,51361,"Rift Valley, Western (Adm1). Garissa (Adm2). "
2003-0556-MAR,2003,556,,Natural,Hydrological,Flood,Flash flood,,,Morocco,MAR,Northern Africa,Africa,"Nador district (Nador province), Al Hoceïma district (Taza - Al Hoceima - Taounate province)",Heavy rains,"Slide (land, mud, snow, rock)",,Yes,,,,,Km2,,,,,2003,11.0,17.0,2003,11.0,18.0,35.0,,10000.0,,10000.0,,,,,,,"62,8584595000413",2,,21787;21819,"Al Hoceima, Nador (Adm2). "
2003-0728-MWI,2003,728,,Natural,Hydrological,Flood,Flash flood,,,Malawi,MWI,Eastern Africa,Africa,"Mzimba, Rumphi districts (Northern Region province)",Heavy rains,"Slide (land, mud, snow, rock)",,,,,,2420.0,Km2,,,,,2003,4.0,5.0,2003,4.0,8.0,4.0,,,1000.0,1000.0,,,,,,,"62,8584595000413",2,,19318;19320,"Mzimba, Rumphi (Adm2). "
2003-0469-TUN,2003,469,,Natural,Hydrological,Flood,Riverine flood,,,Tunisia,TUN,Northern Africa,Africa,"Tunis, Bizerte, Ariana, Ben Arous, Manouba, Nabeul provinces",Torrential rains,"Slide (land, mud, snow, rock)",,,,,,380.0,Km2,,,,,2003,9.0,16.0,2003,9.0,18.0,4.0,,,,,,,,,,,"62,8584595000413",1,2993;2994;2995;3005;3008;3015,,"Ariana, Ben Arous, Bizerte, Manouba, Nabeul, Tunis (Adm1). "
2003-0706-UGA,2003,706,,Natural,Hydrological,Flood,Riverine flood,,,Uganda,UGA,Eastern Africa,Africa,Mbale province,Heavy rain,"Slide (land, mud, snow, rock)",,,,,,960.0,Km2,,,,Manafa river,2003,7.0,1.0,2003,7.0,3.0,20.0,,700.0,,700.0,,,,,,,"62,8584595000413",1,47085,,Mbale (Adm1). 
2003-0368-SDN,2003,368,,Natural,Hydrological,Flood,Riverine flood,,,Sudan (the),SDN,Northern Africa,Africa,"Kassala, White Nile, Northern, Sennar, Al Jazeera, Nile provinces",Heavy rain,Broken Dam/Burst bank,,Yes,Yes,Yes,5307.0,,Km2,,,,"Gash, Atbara, Siteet",2003,7.0,28.0,2003,8.0,21.0,20.0,56.0,325000.0,,325056.0,,,,,184000.0,292721.0,"62,8584595000413",1,2745;2755;2761;2762;2770;68783,,"Al Jazeera, Kassala, Nile, Northern, Sennar, White Nile (Adm1). "
2003-0218-MDG,2003,218,,Natural,Meteorological,Storm,Tropical cyclone,,Manou,Madagascar,MDG,Eastern Africa,Africa,"Vatomandry, Brickaville districts (Atsinanana province)",,Rain,,Yes,Yes,,1294.0,210.0,Kph,,,,,2003,5.0,8.0,2003,5.0,8.0,89.0,86.0,114500.0,47500.0,162086.0,,,,,,,"62,8584595000413",2,,154553;154558,"Brickaville, Vatomandry (Adm2). "
2003-0408-ZAF,2003,408,,Natural,Meteorological,Storm,,,,South Africa,ZAF,Southern Africa,Africa,City of Cape Town district (Western Cape province),Heavy rains,Rain,,,,,,320.0,Kph,,,,,2003,8.0,18.0,2003,8.0,21.0,,,,600.0,600.0,,,,,,,"62,8584595000413",2,,77317,City of Cape Town Metropolitan Municipality (Adm2). 
2003-0602-MDG,2003,602,,Natural,Meteorological,Storm,Tropical cyclone,,Cela,Madagascar,MDG,Eastern Africa,Africa,"Antalaha district (Sava province), Ambanja district (Diana province)",,,,,,,,100.0,Kph,,,,,2003,12.0,9.0,2003,12.0,9.0,,,141.0,23.0,164.0,,,,,,,"62,8584595000413",2,,154570;154596,"Ambanja, Antalaha (Adm2). "
2003-0389-MLI,2003,389,,Natural,Hydrological,Flood,Riverine flood,,,Mali,MLI,Western Africa,Africa,"Tombouctou, Gao, Mopti, Segou, Koulikoro provinces",Heavy rains,,,,,,,,Km2,,,,Niger river,2003,8.0,10.0,2003,10.0,19.0,,,,10000.0,10000.0,,,,,,,"62,8584595000413",1,1927;1930;1931;1932;1934,,"Gao, Koulikoro, Mopti, Segou, Tombouctou (Adm1). "
2003-0562-MLI,2003,562,,Natural,Biological,Epidemic,Bacterial disease,,Cholera,Mali,MLI,Western Africa,Africa,"Koulikoro, Segou, Mopti, Bamako, Tombouctou, Sikasso regions (along Niger River)",,,,,No,No,,,Vaccinated,,,,,2003,8.0,14.0,2004,2.0,18.0,106.0,,1216.0,,1216.0,,,,,,,"62,8584595000413",,,,
2003-0233-MOZ,2003,233,,Natural,Hydrological,Flood,Riverine flood,,,Mozambique,MOZ,Eastern Africa,Africa,Cidade da Beira district (Sofala province),Torrential rains,,,,,,,700.0,Km2,,,,,2003,3.0,26.0,2003,3.0,28.0,2.0,,15000.0,,15000.0,,,,,,,"62,8584595000413",2,,65263,Cidade da Beira (Adm2). 
2003-0589-MOZ,2003,589,,Natural,Biological,Epidemic,Bacterial disease,,Cholera,Mozambique,MOZ,Eastern Africa,Africa,"Sabie district (Maputo province, South regions)",,,,,No,No,,,Vaccinated,,,,,2003,2.0,24.0,2003,6.0,15.0,31.0,,4124.0,,4124.0,,,,,,,"62,8584595000413",,,,
2003-0674-MOZ,2003,674,,Natural,Biological,Epidemic,Bacterial disease,,Cholera,Mozambique,MOZ,Eastern Africa,Africa,"Maputo, Inhambane, Gaza, Sofala, Zambezia, Nampula, Inhambane, Tete provinces",,,,,No,Yes,,,Vaccinated,,,,,2003,12.0,20.0,2004,3.0,18.0,85.0,,15237.0,,15237.0,,,,,,,"62,8584595000413",,,,
2003-0679-MOZ,2003,679,,Natural,Biological,Epidemic,Bacterial disease,,Cholera,Mozambique,MOZ,Eastern Africa,Africa,Gaza province,,,,,No,No,,,Vaccinated,,,,,2003,4.0,7.0,2003,6.0,15.0,29.0,,1975.0,,1975.0,,,,,,,"62,8584595000413",,,,
2003-9035-MOZ,2003,9035,,Natural,Climatological,Drought,Drought,,,Mozambique,MOZ,Eastern Africa,Africa,"Magoe, Zumbu, Cahora Bassa, Changara, Moatize, Chiuta, Mutarara districts (Tete province)",,,,,,,,,Km2,,,,,2003,1.0,,2003,1.0,,9.0,,119500.0,,119500.0,,,,,,,"62,8584595000413",2,,21935;21936;21938;21940;21942;21943;21945,"Cahora Bassa, Changara, Chiuta, Magoe, Moatize, Mutarara, Zumbu (Adm2). "
2003-0389-MRT,2003,389,,Natural,Hydrological,Flood,Riverine flood,,,Mauritania,MRT,Western Africa,Africa,"Assaba, Gorgol, Brakna, Adrar provinces",Heavy rains,,,Yes,,,,,Km2,,,,Senegal river,2003,8.0,7.0,2003,8.0,20.0,9.0,,,21000.0,21000.0,,,,,,,"62,8584595000413",1,2004;2005;2006;2008,,"Adrar, Assaba, Brakna, Gorgol (Adm1). "
2003-0220-NAM,2003,220,,Natural,Hydrological,Flood,Flash flood,,,Namibia,NAM,Southern Africa,Africa,"Kabe, Katima Muliro Rural, Katima Muliro Urban districts (Caprivi province)",Torrential rains,,,,,,203.0,400.0,Km2,,,,Zambezi,2003,5.0,12.0,2003,5.0,12.0,2.0,,12000.0,,12000.0,,,,,,,"62,8584595000413",2,,42154;42155;42156,"Kabe, Katima Muliro Rural, Katima Muliro Urban (Adm2). "
2003-0389-NER,2003,389,,Natural,Hydrological,Flood,Riverine flood,,,Niger (the),NER,Western Africa,Africa,"Dosso, Tahoua, Tillaberi, Zinder provinces",Heavy rains,,,,,,,,Km2,,,,,2003,8.0,,2003,8.0,,7.0,,30000.0,,30000.0,,,,,,,"62,8584595000413",1,2204;2207;2208;2209,,"Dosso, Tahoua, Tillaberi, Zinder (Adm1). "
2003-0455-NGA,2003,455,,Natural,Hydrological,Flood,Riverine flood,,,Nigeria,NGA,Western Africa,Africa,"Kaduna, Kano, Niger, Jigawa provinces",Heavy rains,,,,,,,134900.0,Km2,,,,"Kaduna, Hadejia, Jamaare",2003,9.0,5.0,2003,10.0,28.0,16.0,,210000.0,,210000.0,,,,,2570.0,4089.0,"62,8584595000413",1,2223;2224;2225;2231,,"Jigawa, Kaduna, Kano, Niger (Adm1). "
2003-0563-RWA,2003,563,,Natural,Hydrological,Flood,Riverine flood,,,Rwanda,RWA,Eastern Africa,Africa,"Byumba city (Gicumbi district, North/Amajyaruguru province), Umutara area (Nyagatare district, East/Iburasirazuba province)",Heavy rains,,,,,,,,Km2,,,,,2003,10.0,30.0,2003,10.0,30.0,,16.0,,7000.0,7016.0,,,,,,,"62,8584595000413",2,,21979;21992,"Gicumbi, Nyagatare (Adm2). "
2003-9651-RWA,2003,9651,,Natural,Climatological,Drought,Drought,,,Rwanda,RWA,Eastern Africa,Africa,"Gatsibo, Nyagatare, Bugesera district (East/Iburasirazuba province), Kibungo city (Ngoma district, East/Iburasirazuba province), Gisagara, Huye, Nyanza, Nyamagabe, Nyaruguru, Kamonyi, Muhanga, Ruhango districts (South/Amajyepfo province)",,,,,,,,,Km2,,,,,2003,3.0,,2007,,,,,1000000.0,,1000000.0,,,,,,,"62,8584595000413",2,,21974;21978;21980;21981;21982;21987;21989;21992;21993;21995;21997;21999,"Bugesera, Gatsibo, Gisagara, Huye, Kamonyi, Muhanga, Ngoma, Nyagatare, Nyamagabe, Nyanza, Nyaruguru, Ruhango (Adm2). "
2003-0272-SDN,2003,272,,Natural,Biological,Epidemic,Viral disease,,Yellow fever,Sudan (the),SDN,Northern Africa,Africa,"Imatong, Ikotos districts, Torry county, Southern part of Eastern Equatoria",,,,,No,No,,12881.0,Vaccinated,,,,,2003,5.0,11.0,2003,5.0,15.0,27.0,,178.0,,178.0,,,,,,,"62,8584595000413",,,,
2003-0389-SEN,2003,389,,Natural,Hydrological,Flood,Riverine flood,,,Senegal,SEN,Western Africa,Africa,"Kanel, Matam districts (Matam province), Nioro du rip, Kaolack districts (Kaolack province), Kaffrine district (Kaffrine province), Tambacounda district (Tambacounda province), Kolda district (Kolda province)",Torrential rains,,,,,,,,Km2,,,,Senegal river,2003,8.0,8.0,2003,8.0,10.0,8.0,,1277.0,6492.0,7769.0,,,,,,,"62,8584595000413",2,,1396;1408;1649;25329;25330;47593;47595,"Kaffrine, Kanel, Kaolack, Kolda, Matam, Nioro du rip, Tambacounda (Adm2). "
2003-0565-SLE,2003,565,,Natural,Biological,Epidemic,Viral disease,,Yellow fever,Sierra Leone,SLE,Western Africa,Africa,"Tonkolili, Bombali, Kenema, Koinadugu, Porto LOko, Kambia, Kono districts",,,,,No,No,,100000.0,Vaccinated,,,,,2003,10.0,,2003,10.0,,10.0,,90.0,,90.0,,,,,,,"62,8584595000413",,,,
2003-0204-SOM,2003,204,,Natural,Hydrological,Flood,Riverine flood,,,Somalia,SOM,Eastern Africa,Africa,"Juba Hoose, Shabelle Hoose, Shabelle Dhexe provinces",Heavy rains,,,,,,,,Km2,,,,"Jubba, Shebelle rivers",2003,5.0,4.0,2003,5.0,20.0,,,,,,,,,,,,"62,8584595000413",1,2696;2697;2699,,"Juba Hoose, Shabelle Dhexe, Shabelle Hoose (Adm1). "
2003-0447-SOM,2003,447,,Natural,Hydrological,Flood,Riverine flood,,,Somalia,SOM,Eastern Africa,Africa,"Wajale town (Gebiley district, Woqooyi Galbeed province), Hargeysa district (Woqooyi Galbeed province)",Heavy rains,,,,,,,550.0,Km2,,,,,2003,8.0,18.0,2003,8.0,20.0,1.0,,300.0,,300.0,,,,,,,"62,8584595000413",2,,25725;25726,"Gebiley, Hargeysa (Adm2). "
2003-0675-TCD,2003,675,,Natural,Biological,Epidemic,Bacterial disease,,Cholera,Chad,TCD,Middle Africa,Africa,Moundou,Contaminated water,,,,No,No,,,Vaccinated,,,,,2003,11.0,24.0,2004,1.0,5.0,11.0,,131.0,,131.0,,,,,,,"62,8584595000413",,,,
2003-0716-TGO,2003,716,,Natural,Biological,Epidemic,Bacterial disease,,Cholera,Togo,TGO,Western Africa,Africa,"Lome, Noepe, Maritime region","Lack of fresh water supplies, use of contaminated lagoon",,,Yes,No,No,,,Vaccinated,,,,,2003,12.0,29.0,2004,3.0,28.0,40.0,,790.0,,790.0,,,,,,,"62,8584595000413",,,,
2003-0620-TZA,2003,620,,Natural,Hydrological,Flood,Riverine flood,,,"Tanzania, United Republic of",TZA,Eastern Africa,Africa,Same district (Kilimanjaro province),Heavy rains,,,,,,,,Km2,,,,,2003,12.0,20.0,2003,12.0,21.0,,,2000.0,,2000.0,,,,,,,"62,8584595000413",2,,48418,Same (Adm2). 
2003-9651-TZA,2003,9651,,Natural,Climatological,Drought,Drought,,,"Tanzania, United Republic of",TZA,Eastern Africa,Africa,"Kaskazini Unguja, Mjini Magharibi, Kusini Unguja, Singida, Dodoma, Shinyanga, Mwanza, Tabora, Kagera, Kigoma provinces",,,,,,,,,Km2,,,,,2003,8.0,,2004,,,,,1900000.0,,1900000.0,,,,,,,"62,8584595000413",1,48359;48362;48372;48377;48379;48380;48382;115004;115006;115009,,"Dodoma, Kagera, Kaskazini Unguja, Kigoma, Kusini Unguja, Mjini Magharibi, Mwanza, Shinyanga, Singida, Tabora (Adm1). "
2003-0204-UGA,2003,204,,Natural,Hydrological,Flood,Riverine flood,,,Uganda,UGA,Eastern Africa,Africa,"Mbale, Bugiri province",Heavy rains,,,,,,,,Km2,,,,,2003,4.0,21.0,2003,6.0,4.0,5.0,,,1500.0,1500.0,,,,,,,"62,8584595000413",1,748;47085,,"Bugiri, Mbale (Adm1). "
2003-0270-UGA,2003,270,,Natural,Biological,Epidemic,Bacterial disease,,Cholera,Uganda,UGA,Eastern Africa,Africa,Bundibugyo district,,,,,No,No,,,Vaccinated,,,,,2003,3.0,,2003,4.0,,35.0,,242.0,,242.0,,,,,,,"62,8584595000413",,,,
2003-0520-COD,2003,520,,Natural,Meteorological,Storm,Convective storm,Lightning/Thunderstorms,,Congo (the Democratic Republic of the),COD,Middle Africa,Africa,"Bikoro area (Equateur district, Equateur province)",,,,,,,,,Kph,,,,,2003,10.0,9.0,2003,10.0,9.0,11.0,73.0,,,73.0,,,,,,,"62,8584595000413",2,,14968,Equateur (Adm2). 
2003-0566-COD,2003,566,,Natural,Hydrological,Flood,Riverine flood,,,Congo (the Democratic Republic of the),COD,Middle Africa,Africa,Kisangani district (Orientale province),Heavy rains,,,,,,,,Km2,,,,,2003,10.0,,2003,10.0,,,,,600.0,600.0,,,,,,,"62,8584595000413",2,,14993,Kisangani (Adm2). 
2003-0641-COD,2003,641,,Natural,Hydrological,Flood,Riverine flood,,,Congo (the Democratic Republic of the),COD,Middle Africa,Africa,"Lufutoto town (Mbanza-Ngungu area, Cataractes district, Bas-Congo province)",Torrential rains,,,,,,,,Km2,,,,,2003,12.0,14.0,2003,12.0,15.0,1.0,,,881.0,881.0,,,,,,,"62,8584595000413",2,,14965,Cataractes (Adm2). 
2003-0264-COD,2003,264,,Natural,Biological,Epidemic,Bacterial disease,,Cholera,Congo (the Democratic Republic of the),COD,Middle Africa,Africa,"Sud Kivu, Katanga, Kasai Oriental",,,,,No,No,,,Vaccinated,,,,,2003,6.0,,2003,6.0,8.0,380.0,,13072.0,,13072.0,,,,,,,"62,8584595000413",,,,
2003-0572-COD,2003,572,,Natural,Biological,Epidemic,Bacterial disease,,Cholera,Congo (the Democratic Republic of the),COD,Middle Africa,Africa,Mbuji-Mayi (Kasai Oriental),,,,,No,No,,,Vaccinated,,,,,2003,9.0,17.0,2003,12.0,1.0,369.0,,7145.0,,7145.0,,,,,,,"62,8584595000413",,,,
2003-0643-COD,2003,643,,Natural,Biological,Epidemic,,,Acute diarrhoeal syndrome,Congo (the Democratic Republic of the),COD,Middle Africa,Africa,Lomela (Kasai Oriental),,,,,No,No,,,Vaccinated,,,,,2003,12.0,24.0,2003,12.0,24.0,37.0,,184.0,,184.0,,,,,,,"62,8584595000413",,,,
2003-0631-ZMB,2003,631,,Natural,Hydrological,Flood,Riverine flood,,,Zambia,ZMB,Eastern Africa,Africa,Lusaka province,Heavy rains,,,,,,,,Km2,,,,,2003,12.0,25.0,2003,12.0,25.0,4.0,,,1000.0,1000.0,,,,,,,"62,8584595000413",1,3430,,Lusaka (Adm1). 
2003-0642-ZMB,2003,642,,Natural,Biological,Epidemic,Bacterial disease,,Cholera,Zambia,ZMB,Eastern Africa,Africa,"Lusaka, Southern, Copperbelt, Northern and Central provinces",,,,,No,No,,,Vaccinated,,,,,2003,12.0,4.0,2004,2.0,25.0,179.0,,3835.0,,3835.0,,,,,,,"62,8584595000413",,,,
2003-0742-ZWE,2003,742,,Natural,Hydrological,Flood,Riverine flood,,,Zimbabwe,ZWE,Eastern Africa,Africa,"Muzarabani, Guruve districts (Mashonaland Central province), Mashonaland West province",Heavy rains,,,,,,,10700.0,Km2,,,,"Kadzi, Kadzurure, Musengezi, Chihuri, Tsoro, Mataure, Utete, Muringazuva, Hambe, Dande",2003,2.0,25.0,2003,2.0,28.0,2.0,,18000.0,,18000.0,,,,,200000.0,318175.0,"62,8584595000413",1;2,3440,33061;68808,"Mashonaland West (Adm1). Centenary, Guruve (Adm2). "
2003-0558-ZWE,2003,558,,Natural,Biological,Epidemic,Bacterial disease,,Cholera,Zimbabwe,ZWE,Eastern Africa,Africa,"Chunga, Manyoro (Binga district), Mola (Kariba district, Matabeleland province), Nyaminyami (Mashonaland province)",Unsafe drinking water,,,,No,No,,,Vaccinated,,,,,2003,10.0,9.0,2003,12.0,14.0,40.0,,750.0,,750.0,,,,,,,"62,8584595000413",,,,
2004-0103-MDG,2004,103,,Natural,Meteorological,Storm,Tropical cyclone,,Galifo,Madagascar,MDG,Eastern Africa,Africa,"Antalaha, Andapa, Sambava, Vohemar districts (Sava province), Mampikony, Antsohihy, Bealanana districts (Sofia province), Morondava district (Menabe province), Ambilobe, Ambanja districts (Diana province), Mahajanga I, Mahajanga II districts (Boeny province), Vatomandry district (Atsinanan province), Maroantsetra district (Analanjirofo province), Morombe district (Atsimo Andrefana province)",,Flood,Transport accident,Yes,Yes,,12266.0,300.0,Kph,,,,,2004,3.0,7.0,2004,3.0,12.0,363.0,879.0,773000.0,214260.0,988139.0,,,,,250000.0,387349.0,"64,5413292817447",2,,154527;154543;154558;154563;154564;154570;154571;154594;154595;154596;154597;154598;154600;154601;154603,"Ambanja, Ambilobe, Andapa, Antalaha, Antsohihy, Bealanana, Mahajanga I, Mahajanga II, Mampikony, Maroantsetra, Morombe, Morondava, Sambava, Vatomandry, Vohemar (Adm2). "
2004-0029-MDG,2004,29,,Natural,Meteorological,Storm,Tropical cyclone,,Elita,Madagascar,MDG,Eastern Africa,Africa,"Antananarivo I, Antananarivo II, Antananarivo III, Antananarivo IV, Antananarivo V, Antananarivo VI districts (Analamanga province), Mahajanga II district (Boeny province), Fianarantsoa I district (Haute Matsiatra province), Toamasina II district (Atsinanana province), Toliary-II district (Astimo Andrefana province)",,Flood,,Yes,Yes,,428.0,210.0,Kph,,,,,2004,1.0,26.0,2004,2.0,4.0,32.0,100.0,,44190.0,44290.0,,,,,,,"64,5413292817447",2,,123870;123871;123872;123873;123874;123875;154546;154557;154564;154577,"Antananarivo I, Antananarivo II, Antananarivo III, Antananarivo IV, Antananarivo V, Antananarivo VI, Fianarantsoa I, Mahajanga II, Toamasina II, Toliary-II (Adm2). "
2004-9085-SOM,2004,9085,,Natural,Climatological,Drought,Drought,,,Somalia,SOM,Eastern Africa,Africa,"Sool, Sanaag, Togdheer, Nugaal, Galgaduud, Hiraan, Mudug, Bari provinces ",,Food shortage,,,,,,,Km2,,,,,2004,1.0,,2004,1.0,,,,200000.0,,200000.0,,,,,,,"64,5413292817447",1,2690;2693;2695;2700;2701;2702;2703;2704,,"Bari, Galgaduud, Hiraan, Mudug, Nugaal, Sanaag, Sool, Togdheer (Adm1). "
2004-9577-TZA,2004,9577,,Natural,Climatological,Drought,Drought,,,"Tanzania, United Republic of",TZA,Eastern Africa,Africa,"Arusha, Kilimanjaro, Manyara, Tanga provinces (Northern Highlands region), Pwani, Dar-es-salaam provinces (Northern Coast region). ",,Food shortage,,,,,,,Km2,,,,,2004,10.0,,2004,,,,,254000.0,,254000.0,,,,,,,"64,5413292817447",1,48357;48358;48363;48365;48373;48381,,"Arusha, Dar-es-salaam, Kilimanjaro, Manyara, Pwani, Tanga (Adm1). "
2004-0073-MAR,2004,73,,Natural,Geophysical,Earthquake,Ground movement,,,Morocco,MAR,Northern Africa,Africa,"Tamassint village (Imrabten area, Bni Ouriagh sub-district, Al Hoceima district, Taza - Al Hoceima - Taounate province), Ajdir village (Ait Youssef Ouali area, Bni Ouriagh sub-district, Al Hoceima district, Taza - Al Hoceima - Taounate province), Ait Kamra, Bni Abdallah areas (Bni Ouriagh sub-district, Al Hoceima district, Taza - Al Hoceima - Taounate province), Imzouren sub-district (Al Hoceima district, Taza - Al Hoceima - Taounate province)",,,,Yes,,,13218.0,6.0,Richter,35.142,-3.997,02:27,,2004,2.0,24.0,2004,2.0,24.0,628.0,926.0,,12539.0,13465.0,,,,,400000.0,619758.0,"64,5413292817447",2,,21787,Al Hoceima (Adm2). 
2004-0392-MAR,2004,392,,Natural,Biological,Insect infestation,Locust,,,Morocco,MAR,Northern Africa,Africa,,,,,Yes,No,No,,,,,,,,2004,7.0,,2004,7.0,,,,,,,,,,,,,"64,5413292817447",,,,
2004-0392-MLI,2004,392,,Natural,Biological,Insect infestation,Locust,,,Mali,MLI,Western Africa,Africa,North,,,,Yes,Yes,No,,,,,,,,2004,4.0,,2004,7.0,,,,,,,,,,,,,"64,5413292817447",,,,
2004-0392-MRT,2004,392,,Natural,Biological,Insect infestation,Locust,,,Mauritania,MRT,Western Africa,Africa,,,,,Yes,Yes,No,,,,,,,,2004,7.0,,2004,7.0,,,,,,,,,,,,,"64,5413292817447",,,,
2004-0149-NAM,2004,149,,Natural,Hydrological,Flood,Riverine flood,,,Namibia,NAM,Southern Africa,Africa,Caprivi province,Heavy rains,,,,,,,,Km2,,,,,2004,3.0,,2004,3.0,,,,5000.0,,5000.0,,,,,,,"64,5413292817447",1,2137,,Caprivi (Adm1). 
2004-0159-NAM,2004,159,,Natural,Hydrological,Flood,Riverine flood,,,Namibia,NAM,Southern Africa,Africa,"Kavango, Caprivi provinces",Heavy rains,,,,,,26.0,,Km2,,,,,2004,2.0,1.0,2004,6.0,2.0,,,20000.0,,20000.0,,,,,,,"64,5413292817447",1,2137;2141,,"Caprivi, Kavango (Adm1). "
2004-0229-NER,2004,229,,Natural,Biological,Epidemic,Bacterial disease,,Cholera,Niger (the),NER,Western Africa,Africa,Tillaberi region,Heavy rains and movements of population along NIger river,,,,No,No,,,Vaccinated,,,,,2004,5.0,3.0,2004,5.0,17.0,5.0,,132.0,,132.0,,,,,,,"64,5413292817447",,,,
2004-0161-NER,2004,161,,Natural,Biological,Epidemic,Viral disease,,,Niger (the),NER,Western Africa,Africa,"Niamey, Tahoua, Tillaberi, Dosso",,,,,No,No,,140000.0,Vaccinated,,,,,2004,1.0,,2004,5.0,2.0,149.0,,20000.0,,20000.0,,,,,,,"64,5413292817447",,,,
2004-0392-NER,2004,392,,Natural,Biological,Insect infestation,Locust,,,Niger (the),NER,Western Africa,Africa,South and Center,,,,,Yes,No,,,,,,,,2004,7.0,,2004,7.0,,,,,,,,,,,,,"64,5413292817447",,,,
2004-0413-NGA,2004,413,,Natural,Hydrological,Flood,Flash flood,,,Nigeria,NGA,Western Africa,Africa,Adamawa province,Heavy rains,,,,,,,5480.0,Km2,,,,Tributary of the Benue river,2004,8.0,8.0,2004,8.0,12.0,65.0,600.0,10000.0,,10600.0,,,,,,,"64,5413292817447",1,2211,,Adamawa (Adm1). 
2004-0434-NGA,2004,434,,Natural,Hydrological,Flood,Flash flood,,,Nigeria,NGA,Western Africa,Africa,Gombe province,Torrential rains,,,,,,,20780.0,Km2,,,,,2004,8.0,21.0,2004,8.0,23.0,25.0,,3000.0,,3000.0,,,,,,,"64,5413292817447",1,65704,,Gombe (Adm1). 
2004-0268-NGA,2004,268,,Natural,Hydrological,Flood,Riverine flood,,,Nigeria,NGA,Western Africa,Africa,Lagos province,Heavy rains,,,,,,,340.0,Km2,,,,,2004,6.0,17.0,2004,6.0,18.0,,,1000.0,,1000.0,,,,,,,"64,5413292817447",1,2230,,Lagos (Adm1). 
2004-0315-NGA,2004,315,,Natural,Hydrological,Flood,Riverine flood,,,Nigeria,NGA,Western Africa,Africa,Jigawa province,Heavy rain,,,,,,,8720.0,Km2,,,,Hadejia,2004,6.0,22.0,2004,6.0,25.0,4.0,,300.0,,300.0,,,,,,,"64,5413292817447",1,2223,,Jigawa (Adm1). 
2004-0402-NGA,2004,402,,Natural,Hydrological,Flood,Riverine flood,,,Nigeria,NGA,Western Africa,Africa,"Ughelli North, Ughelli South districts (Delta province)",Heavy rains,,,,,,,510.0,Km2,,,,"Cassidy, Eriemu",2004,8.0,8.0,2004,8.0,10.0,,,15000.0,,15000.0,,,,,,,"64,5413292817447",2,,191343;191350,"Ughelli North, Ughelli South (Adm2). "
2004-0162-NGA,2004,162,,Natural,Biological,Epidemic,Bacterial disease,,Meningococcal disease,Nigeria,NGA,Western Africa,Africa,Jigawa state,,,,,No,No,,,Vaccinated,,,,,2004,4.0,2.0,2004,4.0,2.0,46.0,,281.0,,281.0,,,,,,,"64,5413292817447",,,,
2004-0578-NGA,2004,578,,Natural,Biological,Epidemic,Bacterial disease,,Cholera,Nigeria,NGA,Western Africa,Africa,"Kano, Jigawa states",,,,,No,No,,,Vaccinated,,,,,2004,10.0,15.0,2004,11.0,23.0,76.0,,1316.0,,1316.0,,,,,,,"64,5413292817447",,,,
2004-0617-NGA,2004,617,,Natural,Biological,Epidemic,Bacterial disease,,Cholera,Nigeria,NGA,Western Africa,Africa,Edo state,,,,,No,No,,,Vaccinated,,,,,2004,9.0,16.0,2004,11.0,18.0,50.0,,300.0,,300.0,,,,,,,"64,5413292817447",,,,
2004-0392-NGA,2004,392,,Natural,Biological,Insect infestation,Locust,,,Nigeria,NGA,Western Africa,Africa,"Sokoto, Zamfara, Kebbi",,,,,No,No,,,,,,,,2004,8.0,,2004,8.0,,,,,,,,,,,,,"64,5413292817447",,,,
2004-0341-RWA,2004,341,,Natural,Biological,Epidemic,Bacterial disease,,Typhoid Fever,Rwanda,RWA,Eastern Africa,Africa,"Bukamba, Kinigi, Gasiza (Ruhengeri district)","Water provision failure, poor hygiene practices, unthreated water",,,,No,No,,,Vaccinated,,,,,2004,6.0,15.0,2004,7.0,15.0,4.0,,540.0,,540.0,,,,,,,"64,5413292817447",,,,
2004-0329-SDN,2004,329,,Natural,Biological,Epidemic,Bacterial disease,,Shigellosis,Sudan (the),SDN,Northern Africa,Africa,"North Darfur, Abu Shoak camp",,,,,No,No,,,Vaccinated,,,,,2004,5.0,15.0,2004,6.0,30.0,11.0,,1340.0,,1340.0,,,,,,,"64,5413292817447",,,,
2004-0410-SDN,2004,410,,Natural,Biological,Epidemic,Viral disease,,Acute Hepatitis E,Sudan (the),SDN,Northern Africa,Africa,West Darfur,,,,,No,No,,,Vaccinated,,,,,2004,5.0,22.0,2004,9.0,17.0,87.0,,6774.0,,6774.0,,,,,,,"64,5413292817447",,,,
2004-0392-SDN,2004,392,,Natural,Biological,Insect infestation,Locust,,,Sudan (the),SDN,Northern Africa,Africa,Darfur region,,,,,Yes,No,,,,,,,,2004,7.0,,2004,7.0,,,,,,,,,,,,,"64,5413292817447",,,,
2004-0546-SEN,2004,546,,Natural,Biological,Epidemic,Bacterial disease,,Cholera,Senegal,SEN,Western Africa,Africa,"Pikine, Guédiawaye, Thiaroye, Colobane (Dakar), Bambey (Diourbel region), Darou Mousty (Louga region)",High population migration and shortage of clean water,,,,No,No,,,Vaccinated,,,,,2004,10.0,5.0,2005,3.0,,6.0,,861.0,,861.0,,,,,,,"64,5413292817447",,,,
2004-0392-SEN,2004,392,,Natural,Biological,Insect infestation,Locust,,,Senegal,SEN,Western Africa,Africa,"Matam, Bakel departments (North)",,,,Yes,Yes,No,,,,,,,,2004,7.0,,2004,7.0,,,,,,,,,,,,,"64,5413292817447",,,,
2004-0233-SEN,2004,233,,Natural,Meteorological,Storm,,,,Senegal,SEN,Western Africa,Africa,"Médina Gounass area (Velingara district, Kolda province)",,,,,,,,,Kph,,,,,2004,5.0,25.0,2004,5.0,25.0,2.0,,,1000.0,1000.0,,,,,,,"64,5413292817447",2,,25333,Velingara (Adm2). 
2004-0447-SLE,2004,447,,Natural,Hydrological,Flood,Riverine flood,,,Sierra Leone,SLE,Western Africa,Africa,Northern province,Torrental rains,,,,,,,,Km2,,,,Rokel,2004,7.0,,2004,7.0,,10.0,,,,,,,,,,,"64,5413292817447",1,2655,,Northern (Adm1). 
2004-0437-SLE,2004,437,,Natural,Biological,Epidemic,Bacterial disease,,Cholera,Sierra Leone,SLE,Western Africa,Africa,"Freetown, Western area, Port Loko, Kambia districts","Heavy rains, overcrowed slums, infected traders",,,,No,No,,,Vaccinated,,,,,2004,8.0,2.0,2004,8.0,30.0,56.0,,633.0,,633.0,,,,,,,"64,5413292817447",,,,
2004-0659-SOM,2004,659,,Natural,Geophysical,Earthquake,Tsunami,,,Somalia,SOM,Eastern Africa,Africa,"Hafun village (Iskushuban district, Bari province), Garacad village (Jariiban district, Mudug province), Eyl district (Nugaal province), Marka, Baraawe districts (Shabelle Hoose province)",,,,Yes,,,,9.0,Richter,3.295,95.982,,,2004,12.0,26.0,2004,12.0,26.0,298.0,283.0,104800.0,,105083.0,,,,,100000.0,154939.0,"64,5413292817447",2,,25665;25692;25694;25708;25711,"Baraawe, Eyl, Iskushuban, Jariiban, Marka (Adm2). "
2004-0499-SOM,2004,499,,Natural,Hydrological,Flood,Riverine flood,,,Somalia,SOM,Eastern Africa,Africa,Sanaag province,Heavy rains,,,,,,,,Km2,,,,,2004,9.0,28.0,2004,9.0,30.0,,,,1500.0,1500.0,,,,,,,"64,5413292817447",1,2702,,Sanaag (Adm1). 
2004-0659-SYC,2004,659,,Natural,Geophysical,Earthquake,Tsunami,,,Seychelles,SYC,Eastern Africa,Africa,"Anse Aux Pins, Anse Boileau, Anse Etoile, Anse Royale, Au Cap, Baie Lazare, Beau Vallon, Bel Air, Belombre, Cascade, English River, Glacis, Grande Anse Mahe, La Digue, Les Mamelles, Mont Buxton, Mont Fleuri, Plaisance, Pointe Larue, Port Glaud, Praslin, Roche Caiman, St Louis, Takamaka provinces",Earthquake,,,,,,,9.0,Richter,3.295,95.982,,,2004,12.0,26.0,2004,12.0,26.0,3.0,,4760.0,70.0,4830.0,,,,,30000.0,46482.0,"64,5413292817447",1,61137;61138;61139;61140;61144;61145;61146;61147;61148;61153;61164;61168;61169;61178;61179;61183;61184;61188;61190;61192;61193;61196;61200;61205,,"Anse Aux Pins, Anse Boileau, Anse Etoile, Anse Royale, Au Cap, Baie Lazare, Beau Vallon, Bel Air, Belombre, Cascade, English River, Glacis, Grand Anse Mahe, La Digue, Les Mamelles, Mont Buxton, Mont Fleuri, Plaisance, Pointe Larue, Port Glaud, Praslin, Roche Caiman, St Louis, Takamaka (Adm1). "
2004-0395-TCD,2004,395,,Natural,Biological,Epidemic,Bacterial disease,,Cholera,Chad,TCD,Middle Africa,Africa,"N'djamena, Chari, Baguirmi, Kanem, Lac, Mongo",,,,,No,No,,,Vaccinated,,,,,2004,6.0,14.0,2004,9.0,9.0,123.0,,2895.0,,2895.0,,,,,,,"64,5413292817447",,,,
2004-0411-TCD,2004,411,,Natural,Biological,Epidemic,Viral disease,,Acute Hepatitis E,Chad,TCD,Middle Africa,Africa,"Goz. Amer, Djabal (Goz. Beida district)",,,,,No,No,,,Vaccinated,,,,,2004,7.0,17.0,2004,9.0,17.0,21.0,,672.0,,672.0,,,,,,,"64,5413292817447",,,,
2004-0392-TCD,2004,392,,Natural,Biological,Insect infestation,Locust,,,Chad,TCD,Middle Africa,Africa,,,,,,Yes,No,,,,,,,,2004,7.0,,2004,7.0,,,,,,,,,,,,,"64,5413292817447",,,,
2004-0659-TZA,2004,659,,Natural,Geophysical,Earthquake,Tsunami,,,"Tanzania, United Republic of",TZA,Eastern Africa,Africa,Dar-es-salaam,,,,,,,,9.0,Richter,3.295,95.982,,,2004,12.0,26.0,2004,12.0,26.0,10.0,,,,,,,,,,,"64,5413292817447",1,48358,,Dar-es-salaam (Adm1). 
2004-0591-UGA,2004,591,,Natural,Hydrological,Flood,Riverine flood,,,Uganda,UGA,Eastern Africa,Africa,"Pakwach town (Jonam district, Nebbi province)",Heavy rains,,,,,,,300.0,Km2,,,,,2004,11.0,8.0,2004,11.0,10.0,,,10000.0,,10000.0,,,,,,,"64,5413292817447",2,,28514,Jonam (Adm2). 
2004-0570-UGA,2004,570,,Natural,Biological,Epidemic,Bacterial disease,,Cholera,Uganda,UGA,Eastern Africa,Africa,Pabbo IDP Camp (Gulu district),,,,,No,No,,,Vaccinated,,,,,2004,11.0,1.0,2004,11.0,1.0,3.0,,53.0,,53.0,,,,,,,"64,5413292817447",,,,
2004-0540-UGA,2004,540,,Natural,Hydrological,Flood,,,,Uganda,UGA,Eastern Africa,Africa,Gulu province,Rainstorm,,,,,,,,Km2,,,,,2004,10.0,,2004,10.0,,,,,20000.0,20000.0,,,,,,,"64,5413292817447",1,1089,,Gulu (Adm1). 
2004-0398-ZAF,2004,398,,Natural,Hydrological,Flood,Riverine flood,,,South Africa,ZAF,Southern Africa,Africa,City of Cape Town district (Western Cape province),Heavy rains,,,,,,,199.0,Km2,,,,,2004,8.0,7.0,2004,8.0,9.0,,,,15000.0,15000.0,,,,,,,"64,5413292817447",2,,77317,City of Cape Town Metropolitan Municipality (Adm2). 
2004-0077-ZAF,2004,77,,Natural,Biological,Epidemic,Bacterial disease,,Cholera,South Africa,ZAF,Southern Africa,Africa,"Nkomazi , Mbombela, Umjindi (Mpumalanga province)",,,,,No,No,,,Vaccinated,,,,,2004,1.0,1.0,2004,3.0,17.0,5.0,,174.0,,174.0,,,,,,,"64,5413292817447",,,,
2004-9017-ZAF,2004,9017,,Natural,Climatological,Drought,Drought,,,South Africa,ZAF,Southern Africa,Africa,"KwaZulu-Natal, Eastern Cape, Northern Cape, Mpumalanga, North-West, Free state, Limpopo provinces",,,,,,Yes,,,Km2,,,,,2004,1.0,,2004,,,,,15000000.0,,15000000.0,,,,,,,"64,5413292817447",1,2707;77310;77311;77312;77313;77314;77315,,"Eastern Cape, Free State, KwaZulu-Natal, Limpopo, Mpumalanga, North West, Northern Cape (Adm1). "
2004-0396-COD,2004,396,,Natural,Biological,Epidemic,Bacterial disease,,,Congo (the Democratic Republic of the),COD,Middle Africa,Africa,Ituri,,,,,No,No,,,Vaccinated,,,,,2004,1.0,,2004,5.0,,58.0,,984.0,,984.0,,,,,,,"64,5413292817447",,,,
2004-0604-COD,2004,604,,Natural,Biological,Epidemic,Bacterial disease,,Typhoid fever,Congo (the Democratic Republic of the),COD,Middle Africa,Africa,Kinshasa,"Town's cesspools, dirty waters, lack of proper hygiene",,,,No,No,,,Vaccinated,,,,,2004,9.0,27.0,2005,1.0,11.0,214.0,,42564.0,,42564.0,,,,,,,"64,5413292817447",,,,
2004-0703-COD,2004,703,,Natural,Biological,Epidemic,Bacterial disease,,,Congo (the Democratic Republic of the),COD,Middle Africa,Africa,"Dingila, Zobia (Bas-Uele district, Oriental province)",,,,,No,No,,,Vaccinated,,,,,2004,12.0,15.0,2005,3.0,15.0,57.0,,73.0,,73.0,,,,,,,"64,5413292817447",,,,
2004-0060-COD,2004,60,,Natural,Biological,Epidemic,Viral disease,,,Congo (the Democratic Republic of the),COD,Middle Africa,Africa,Basankusu (Equateur province),,,,,No,No,,,Vaccinated,,,,,2004,2.0,,2004,2.0,,300.0,,,,,,,,,,,"64,5413292817447",,,,
2004-0376-COD,2004,376,,Natural,Biological,Epidemic,,,Gastroenteritis,Congo (the Democratic Republic of the),COD,Middle Africa,Africa,Kinshasa,,,,,No,No,,,Vaccinated,,,,,2004,5.0,31.0,2004,7.0,12.0,77.0,,2599.0,,2599.0,,,,,,,"64,5413292817447",,,,
2004-0159-ZMB,2004,159,,Natural,Hydrological,Flood,Riverine flood,,,Zambia,ZMB,Eastern Africa,Africa,"Senanga, Mongu, Kalabo, Lukulu districts (Western province), Chavuma, Zambezi districts (North-Western province)",Heavy rains,,,,,,43.0,,Km2,,,,,2004,2.0,1.0,2004,6.0,2.0,2.0,13.0,196385.0,,196398.0,,,,,,,"64,5413292817447",2,,65221;65227;65239;65241;65242;65243,"Chavuma, Kalabo, Lukulu, Mongu, Senanga, Zambezi (Adm2). "
2005-0156-SWZ,2005,156,,Natural,Meteorological,Storm,,,,Eswatini,SWZ,Southern Africa,Africa,"Shiselweni, Manzini provinces",,Rain,,,,,,,Kph,,,,,2005,1.0,23.0,2005,1.0,23.0,,,890.0,260.0,1150.0,,,,,,,"66,7310579862028",1,2784;2785,,"Manzini, Shiselweni (Adm1). "
2005-0143-COD,2005,143,,Natural,Meteorological,Storm,,,,Congo (the Democratic Republic of the),COD,Middle Africa,Africa,"Uvira area (Sud-Kivu district, Sud-Kivu province)",,Flood,,,,,,,Kph,,,,,2005,2.0,8.0,2005,2.0,8.0,8.0,3.0,,5386.0,5389.0,,,,,,,"66,7310579862028",2,,14995,Sud-Kivu (Adm2). 
2005-0097-MDG,2005,97,,Natural,Hydrological,Flood,Riverine flood,,,Madagascar,MDG,Eastern Africa,Africa,"Toamasina II district (Atsinanana province), Atsimo Atsinanana, Diana, Sofia, Boeny province",Heavy rains,,,,,,,16370.0,Km2,,,,,2005,3.0,2.0,2005,3.0,15.0,25.0,17.0,58700.0,,58717.0,,,,,,,"66,7310579862028",1;2,41757;41760;41762;41769,154557,"Atsimo Atsinanana, Boeny, Diana, Sofia (Adm1). Toamasina II (Adm2). "
2005-0165-MDG,2005,165,,Natural,Hydrological,Flood,Riverine flood,,,Madagascar,MDG,Eastern Africa,Africa,Taolagnaro district (Anosy province),Heavy rain,,,,,,,150.0,Km2,,,,,2005,3.0,24.0,2005,3.0,26.0,4.0,,,900.0,900.0,,,,,,,"66,7310579862028",2,,154537,Taolagnaro (Adm2). 
2005-0048-MDG,2005,48,,Natural,Meteorological,Storm,Tropical cyclone,,Ernest,Madagascar,MDG,Eastern Africa,Africa,"Tulear town (Toliary-II district, Atsimo Andrefana province) Tsihombe, Ambovombe districts (Androy province)",,,,,,,,100.0,Kph,,,,,2005,1.0,22.0,2005,1.0,23.0,78.0,8.0,,7977.0,7985.0,,,,,,,"66,7310579862028",2,,154531;154534;154546,"Ambovombe-Androy, Toliary-II, Tsihombe (Adm2). "
2005-0075-MOZ,2005,75,,Natural,Hydrological,Flood,Riverine flood,,,Mozambique,MOZ,Eastern Africa,Africa,"Mutarara districts (Tete province), Caia, Marromeu districts (Sofala province), Mopeia, Chinde districts (Zambezia province)",Heavy rains,,,,,,,24300.0,Km2,,,,"Lower Zambezi river, Pungue river",2005,1.0,25.0,2005,2.0,9.0,,,18825.0,,18825.0,,,,,,,"66,7310579862028",2,,21923;21931;21943;21946;21956,"Caia, Chinde, Marromeu, Mopeia, Mutarara (Adm2). "
2005-0065-NGA,2005,65,,Natural,Hydrological,Flood,Riverine flood,,,Nigeria,NGA,Western Africa,Africa,Lagos province,Heavy rains,,,,,,,,Km2,,,,,2005,2.0,6.0,2005,2.0,6.0,,,1000.0,,1000.0,,,,,,,"66,7310579862028",1,2230,,Lagos (Adm1). 
2005-0134-NGA,2005,134,,Natural,Biological,Epidemic,Viral disease,,,Nigeria,NGA,Western Africa,Africa,"Adamawa, Kano, Jigawa, Bauchi, Yobe, Sokoto, Kaduna, Katsina, Gombe, Taraba states",,,,,No,No,,,Vaccinated,,,,,2005,2.0,28.0,2005,3.0,23.0,561.0,,23575.0,,23575.0,,,,,,,"66,7310579862028",,,,
2005-0105-NGA,2005,105,,Natural,Biological,Epidemic,,,Acute watery diarrhoeal syndrome,Nigeria,NGA,Western Africa,Africa,Kusa (Oyo state),,,,,No,No,,,Vaccinated,,,,,2005,2.0,3.0,2005,3.0,16.0,46.0,,200.0,,200.0,,,,,,,"66,7310579862028",,,,
2005-0221-NGA,2005,221,,Natural,Biological,Epidemic,,,Acute Watery Diarrhoeal syndrome,Nigeria,NGA,Western Africa,Africa,Makurdi (Benue state),,,,,No,No,,,Vaccinated,,,,,2005,4.0,11.0,2005,4.0,20.0,100.0,,,,,,,,,,,"66,7310579862028",,,,
2005-0082-SDN,2005,82,,Natural,Biological,Epidemic,Bacterial disease,,Meningococcal disease,Sudan (the),SDN,Northern Africa,Africa,"Blue Nile, Gadarif, Gezira, Kordofan, White Nile states",,,,,No,No,,,Vaccinated,,,,,2005,1.0,22.0,2005,2.0,2.0,124.0,,3579.0,,3579.0,,,,,,,"66,7310579862028",,,,
2005-0176-SEN,2005,176,,Natural,Biological,Epidemic,Bacterial disease,,Cholera,Senegal,SEN,Western Africa,Africa,"Fatick, Dakar, Kolda, Louga, Tambacounda, Touba, Mbacké, Bambey districts (Diourbel region)",,,,,No,No,,,Vaccinated,,,,,2005,1.0,1.0,2005,9.0,23.0,303.0,,23022.0,,23022.0,,,,,,,"66,7310579862028",,,,
2005-0215-SOM,2005,215,,Natural,Hydrological,Flood,Flash flood,,,Somalia,SOM,Eastern Africa,Africa,"Kowaan, Muusa Xaaji, Jibey, Sanguni, Malayle villages (Jamaame district, Juba Hoose province), Hargeysa, Berbera district (Woqooyi Galbeed province), Borama district (Awdal province), Burco district (Togdheer province), Jowhar district (Shabelle Dhexe province), Belet Weyne district (Hiiran province), Bu'aale district (Juba Dhexe province)",Heavy rains,,,,,,,,Km2,,,,Jubba,2005,4.0,23.0,2005,6.0,14.0,5.0,20.0,5000.0,,5020.0,,,,,20.0,30.0,"66,7310579862028",2,,25654;25684;25689;25698;25704;25720;25724;25726,"Belet Weyne, Berbera, Borama, Bu'aale, Burco, Hargeysa, Jamaame, Jowhar (Adm2). "
2005-0220-TCD,2005,220,,Natural,Biological,Epidemic,Viral disease,,,Chad,TCD,Middle Africa,Africa,"Batha, Ndjamena, Chari-Baguirmi, Moyen-Chari, Tandjile, Ouaddai, Wadi Fara",,,,,No,No,,,Vaccinated,,,,,2005,1.0,3.0,2005,5.0,15.0,115.0,,6000.0,,6000.0,,,,,,,"66,7310579862028",,,,
2005-0212-TZA,2005,212,,Natural,Hydrological,Flood,Riverine flood,,,"Tanzania, United Republic of",TZA,Eastern Africa,Africa,"Mombasa, Mwanakwerekwe areas (Magharibi district, Mjini Magharibi province), Jang'ombe, Sebleni, Miembeni areas (Mjini district, Mjini Magharibi province), ",Heavy rains,,,,,,,510.0,Km2,,,,,2005,4.0,16.0,2005,4.0,18.0,1.0,,10548.0,,10548.0,,,,,,,"66,7310579862028",2,,48511;48512,"Magharibi, Mjini (Adm2). "
2005-0132-ZAF,2005,132,,Natural,Geophysical,Earthquake,Ground movement,,,South Africa,ZAF,Southern Africa,Africa,"Klerksdorp, Stilfontein villages (Dr Kenneth Kaunda District Municipality district, North West province)",,,,,,,,5.0,Richter,-26.913,26.789,12:15,,2005,3.0,9.0,2005,3.0,9.0,2.0,58.0,,,58.0,,,10000.0,14986.0,20000.0,29971.0,"66,7310579862028",2,,77350,Dr Kenneth Kaunda District Municipality (Adm2). 
2005-0058-COD,2005,58,,Natural,Biological,Epidemic,Bacterial disease,,Cholera,Congo (the Democratic Republic of the),COD,Middle Africa,Africa,"Bukavu, Uvira (Lake Kivu area)",,,,,No,No,,,Vaccinated,,,,,2005,1.0,17.0,2005,1.0,30.0,34.0,,2152.0,,2152.0,,,,,,,"66,7310579862028",,,,
2005-0186-COD,2005,186,,Natural,Biological,Epidemic,Bacterial disease,,Cholera,Congo (the Democratic Republic of the),COD,Middle Africa,Africa,"Kafé, Tchomia, Tché (Ituri)",,,,,No,No,,,Vaccinated,,,,,2005,1.0,1.0,2005,5.0,8.0,29.0,,1420.0,,1420.0,,,,,,,"66,7310579862028",,,,
2005-9067-BDI,2005,9067,,Natural,Climatological,Drought,Drought,,,Burundi,BDI,Eastern Africa,Africa,"Busoni, Bugabira, Ntega, Kirundo districts (Kirundo province), Ruyigi, Cankuzo, Rutana, Muyinga provinces ","Lack of rain, prolonged dry season",Crop failure,Famine,,Yes,Yes,,,Km2,,,,,2005,1.0,,2006,1.0,,120.0,,2150000.0,,2150000.0,,,,,,,"66,7310579862028",1;2,40546;40554;40557;40558,40638;40639;40642;40643,"Cankuzo, Muyinga, Rutana, Ruyigi (Adm1). Bugabira, Busoni, Kirundo, Ntega (Adm2). "
2005-0711-COG,2005,711,,Natural,Hydrological,Flood,Riverine flood,,,Congo (the),COG,Middle Africa,Africa,Brazzaville district (Brazzaville province),Heavy rains,"Slide (land, mud, snow, rock)",,,,,,1100.0,Km2,,,,Congo river,2005,12.0,24.0,2005,12.0,28.0,1.0,,,2000.0,2000.0,,,,,,,"66,7310579862028",2,,190486,Brazzaville (Adm2). 
2005-0657-COM,2005,657,,Natural,Geophysical,Volcanic activity,Ash fall,,Karthala,Comoros (the),COM,Eastern Africa,Africa,Ngazidja province,,Pollution,,,,,9.0,,,,,,,2005,11.0,24.0,2005,12.0,10.0,1.0,,245000.0,,245000.0,,,,,,,"66,7310579862028",1,969,,Ngazidja (Adm1). 
2005-0485-ETH,2005,485,,Natural,Hydrological,Flood,Riverine flood,,,Ethiopia,ETH,Eastern Africa,Africa,"Tigray, Oromia, Amhara provinces",Heavy rains,Rain,,,,,,,Km2,,,,,2005,9.0,1.0,2005,9.0,1.0,13.0,,,,,,,,,,,"66,7310579862028",1,1229;1237;47678,,"Amhara, Oromia, Tigray (Adm1). "
2005-9747-ETH,2005,9747,,Natural,Climatological,Drought,Drought,,,Ethiopia,ETH,Eastern Africa,Africa,"Afder, Liben districts (Somali province), Gode zones (Shabelle district, Somali province), Borena district (Oromiya province)",Successive failed rainy seasons,Food shortage,,,,,,,Km2,,,,,2005,11.0,,2006,,,,,2600000.0,,2600000.0,,,,,,,"66,7310579862028",2,,40841;40844;47688;47709,"Afder, Borena, Liben, Shabelle (Adm2). "
2005-9238-CMR,2005,9238,,Natural,Climatological,Drought,Drought,,,Cameroon,CMR,Middle Africa,Africa,Logone-Et-Chari disctrict (Extrème-Nord province),,Famine,,,,,,,Km2,,,,,2005,3.0,,2005,5.0,,,,,,,,,,,,,"66,7310579862028",2,,12482,Logone - Et - Chari (Adm2). 
2005-9213-DJI,2005,9213,,Natural,Climatological,Drought,Drought,,,Djibouti,DJI,Eastern Africa,Africa,"Tadjourah district (Tadjourah province), Dikhil district (Dikhil province), Ali Sabieh district (Ali Sabieh province), Obock district (Obock province)",Two consecutive failed rainy seasons,Famine,,,,Yes,2800.0,,Km2,,,,,2005,4.0,,2006,4.0,,,,150000.0,,150000.0,,,,,,,"66,7310579862028",2,,15272;15274;15278;15282,"Ali Sabieh, Dikhil, Obock, Tadjourah (Adm2). "
2005-0596-BEN,2005,596,,Natural,Biological,Epidemic,Bacterial disease,,Cholera,Benin,BEN,Western Africa,Africa,"Cotonou, Oueme region",,,,,No,No,,,Vaccinated,,,,,2005,6.0,6.0,2005,9.0,4.0,4.0,,206.0,,206.0,,,,,,,"66,7310579862028",,,,
2005-0480-BFA,2005,480,,Natural,Biological,Epidemic,Bacterial disease,,Cholera,Burkina Faso,BFA,Western Africa,Africa,Ouagadougou ,,,,,No,No,,,Vaccinated,,,,,2005,8.0,8.0,2005,9.0,4.0,9.0,,606.0,,606.0,,,,,,,"66,7310579862028",,,,
2005-0425-CAF,2005,425,,Natural,Hydrological,Flood,Riverine flood,,,Central African Republic,CAF,Middle Africa,Africa,"Bambari, Bakala districts (Ouaka province), Bangui district (Bangui province)",Heavy rains,,,Yes,,,440.0,8350.0,Km2,,,,Ubangi and tributaries,2005,8.0,8.0,2005,8.0,25.0,1.0,7.0,,23798.0,23805.0,,,,,,,"66,7310579862028",2,,12882;12883;67155,"Bakala, Bambari, Bangui (Adm2). "
2005-0444-CMR,2005,444,,Natural,Hydrological,Flood,Riverine flood,,,Cameroon,CMR,Middle Africa,Africa,Littoral province,Heavy rains,,,,,,,,Km2,,,,Nkam,2005,8.0,19.0,2005,8.0,19.0,2.0,,,,,,,,,,,"66,7310579862028",1,819,,Littoral (Adm1). 
2005-0288-COG,2005,288,,Natural,Biological,Epidemic,Viral disease,,Ebola,Congo (the),COG,Middle Africa,Africa,"Etoumbi, Mbomo, Kelle (Cuvette Ouest region)",,,,,No,No,,,Vaccinated,,,,,2005,4.0,25.0,2005,6.0,15.0,10.0,,2.0,,2.0,,,,,,,"66,7310579862028",,,,
2005-0754-COM,2005,754,,Natural,Biological,Epidemic,Viral disease,,Chikungunya virus disease,Comoros (the),COM,Eastern Africa,Africa,,,,,,No,No,,,Vaccinated,,,,,2006,,,2006,,,,,924.0,,924.0,,,,,,,"66,7310579862028",,,,
2005-0324-DZA,2005,324,,Natural,Hydrological,Flood,,,,Algeria,DZA,Northern Africa,Africa,Djanet district (Illizi province),Thunderstorms,,,,,,,,Km2,,,,,2005,6.0,18.0,2005,6.0,20.0,1.0,,,1750.0,1750.0,,,,,7256.0,10873.0,"66,7310579862028",2,,38304,Djanet (Adm2). 
2005-0818-ETH,2005,818,,Natural,Geophysical,Volcanic activity,Ash fall,,Mount Arteala,Ethiopia,ETH,Eastern Africa,Africa,Zone 4 district (Afar province),,,,Yes,,,,,,12.623,40.46,,,2005,9.0,,2005,10.0,,,,9000.0,,9000.0,,,,,,,"66,7310579862028",2,,40790,Zone 4 (Adm2). 
2005-0472-ETH,2005,472,,Natural,Hydrological,Flood,Riverine flood,,,Ethiopia,ETH,Eastern Africa,Africa,Oromia province,Heavy rains,,,,,,,52560.0,Km2,,,,"Awash, Meki rivers",2005,8.0,19.0,2005,9.0,1.0,,,7000.0,,7000.0,,,,,,,"66,7310579862028",1,47678,,Oromia (Adm1). 
2005-0735-ETH,2005,735,,Natural,Biological,Epidemic,Viral disease,,,Ethiopia,ETH,Eastern Africa,Africa,"Afar, Somali regions",,,,,No,No,,,Vaccinated,,,,,2005,7.0,,2005,12.0,,34.0,,531.0,,531.0,,,,,,,"66,7310579862028",,,,
2005-0663-GHA,2005,663,,Natural,Biological,Epidemic,Bacterial disease,,Cholera,Ghana,GHA,Western Africa,Africa,"Accra, Ashanti, Central, Eastern, Northern, Western, Upper East regions",,,,,No,No,,,Vaccinated,,,,,2005,11.0,,2005,12.0,,40.0,,2248.0,,2248.0,,,,,,,"66,7310579862028",,,,
2005-0484-GIN,2005,484,,Natural,Biological,Epidemic,Bacterial disease,,Cholera,Guinea,GIN,Western Africa,Africa,"Conakry, Boke, Boffa, Coyah, Forecariah, Kindia, Pita prefectures",,,,,No,No,,,Vaccinated,,,,,2005,4.0,11.0,2005,10.0,30.0,72.0,,1884.0,,1884.0,,,,,,,"66,7310579862028",,,,
2005-0373-GNB,2005,373,,Natural,Biological,Epidemic,Bacterial disease,,Cholera,Guinea-Bissau,GNB,Western Africa,Africa,"Bissau, Biombo, Cacheu, Oio, Bijagos, Bolama, Quinira, Sao Domingos, Tombalia, Gafu and Bafat",,,,,No,No,,,Vaccinated,,,,,2005,6.0,6.0,2005,11.0,22.0,399.0,,25111.0,,25111.0,,,,,,,"66,7310579862028",,,,
2006-0597-COG,2006,597,,Natural,Hydrological,Flood,Riverine flood,,,Congo (the),COG,Middle Africa,Africa,"Mipla, Mikalou, Tsiemé, Ma Mboualé, Peit-Chose, Yoro, Mfilou boroughs (Brazzaville district, Brazzaville province)",Heavy rains,"Slide (land, mud, snow, rock)",,Yes,,,,1300.0,Km2,-4.24,15.43,,Tsieme,2006,11.0,4.0,2006,11.0,18.0,6.0,,,5000.0,5000.0,,,,,,,"68,8837587123464",2,,190486,Brazzaville (Adm2). 
2006-0445-BFA,2006,445,,Natural,Hydrological,Flood,Flash flood,,,Burkina Faso,BFA,Western Africa,Africa,"Gorom-Gorom village (Oudalan district, Sahel province), Kossi district (Boucle Du Mouhoun province)",,Broken Dam/Burst bank,,,,,,,Km2,14.42,-1.02,,,2006,8.0,3.0,2006,10.0,11.0,,,15610.0,,15610.0,,,,,,,"68,8837587123464",2,,154443;154479,"Kossi, Oudalan (Adm2). "
2006-0230-BDI,2006,230,,Natural,Hydrological,Flood,Flash flood,,,Burundi,BDI,Eastern Africa,Africa,"Buhayira village (Murwi district, Cibitoke province)",Heavy rains,Rain,,,,,,,Km2,,,,Kansega,2006,4.0,24.0,2006,4.0,24.0,1.0,,,1200.0,1200.0,,,,,,,"68,8837587123464",2,,40609,Murwi (Adm2). 
2006-9233-GNB,2006,9233,,Natural,Climatological,Drought,Drought,,,Guinea-Bissau,GNB,Western Africa,Africa,"Quinara, Tombali provinces, Bolama/Bijagos Isl.(=province)",,Famine,,,,,,,Km2,,,,,2006,5.0,,2006,5.0,,,,32000.0,,32000.0,,,,,,,"68,8837587123464",1,1387;1391;1393,,"Bolama/bijagos, Quinara, Tombali (Adm1). "
2006-0023-AGO,2006,23,,Natural,Hydrological,Flood,Riverine flood,,,Angola,AGO,Middle Africa,Africa,"Huila, Benguela provinces",Heavy rains,,,,,,,,Km2,,,,,2006,1.0,,2006,1.0,,,,,225.0,225.0,,,,,,,"68,8837587123464",1,399;406,,"Benguela, Huila (Adm1). "
2006-0187-AGO,2006,187,,Natural,Biological,Epidemic,Bacterial disease,,Cholera,Angola,AGO,Middle Africa,Africa,"Luanda, Bengo, Kwanza Norte, Benguela , Huambo, Malanje, Namibe, Bie, Huila, Kwanza Sul, Uige, Zaire, Lunda-Norte, Cabinda, Namibe, Kuando Kubango provinces",,,,Yes,,,,,Vaccinated,,,,,2006,2.0,13.0,2007,2.0,8.0,2354.0,,57570.0,,57570.0,,,,,,,"68,8837587123464",,,,
2006-0636-AGO,2006,636,,Natural,Biological,Epidemic,Bacterial disease,,Cholera,Angola,AGO,Middle Africa,Africa,"Huila, Uige provinces",,,,,No,No,,,Vaccinated,,,,,2006,10.0,24.0,2006,11.0,,68.0,,,,,,,,,,,"68,8837587123464",,,,
2006-0259-BDI,2006,259,,Natural,Hydrological,Flood,Flash flood,,,Burundi,BDI,Eastern Africa,Africa,"Bujumbura Rural, Bujumbura Mairie, Bubanza provinces",Torrentail rain,,,,,,,,Km2,,,,,2006,5.0,18.0,2006,5.0,18.0,9.0,,2000.0,,2000.0,,,,,,,"68,8837587123464",1,40542;40543;40544,,"Bubanza, Bujumbura Mairie, Bujumbura Rural (Adm1). "
2006-0268-BDI,2006,268,,Natural,Hydrological,Flood,Riverine flood,,,Burundi,BDI,Eastern Africa,Africa,"Muheka village (Songa district, Bururi province)",Heavy rains,,,,,,,2700.0,Km2,-3.86,29.67,,,2006,5.0,17.0,2006,5.0,28.0,1.0,,5000.0,,5000.0,,,,,,,"68,8837587123464",2,,40598,Songa (Adm2). 
2006-0480-BDI,2006,480,,Natural,Hydrological,Flood,Riverine flood,,,Burundi,BDI,Eastern Africa,Africa,"Kayogoro, Kibago districts (Makamba province)",Torrential rain,,,,,,,,Km2,,,,,2006,8.0,26.0,2006,8.0,,,,,1500.0,1500.0,,,,,,,"68,8837587123464",2,,40646;40647,"Kayogoro, Kibago (Adm2). "
2006-0701-BDI,2006,701,,Natural,Hydrological,Flood,Riverine flood,,,Burundi,BDI,Eastern Africa,Africa,"Cibitoke, Ruyigi, Bubanza, Muramvya, Karuzi, Kayanza provinces",Heavy rainfall,,,,,,,,Km2,-3.14,30.4,,Kiziba,2006,12.0,,2007,1.0,,,,,4105.0,4105.0,,,,,,,"68,8837587123464",1,40542;40547;40549;40550;40553;40558,,"Bubanza, Cibitoke, Karuzi, Kayanza, Muramvya, Ruyigi (Adm1). "
2006-0051-BDI,2006,51,,Natural,Meteorological,Storm,,,,Burundi,BDI,Eastern Africa,Africa,"Gatumba area (Mutimbuzi district, Bujumbura Rural province)",,,,,,,,,Kph,,,,,2006,1.0,31.0,2006,1.0,31.0,,5.0,,1500.0,1505.0,,,,,,,"68,8837587123464",2,,40589,Mutimbuzi (Adm2). 
2006-0318-BDI,2006,318,,Natural,Hydrological,Flood,,,,Burundi,BDI,Eastern Africa,Africa,Muramvya province,,,,,,,,,Km2,,,,,2006,6.0,,2006,6.0,,11.0,,,1000.0,1000.0,,,,,,,"68,8837587123464",1,40553,,Muramvya (Adm1). 
2006-0507-BFA,2006,507,,Natural,Hydrological,Flood,Riverine flood,,,Burkina Faso,BFA,Western Africa,Africa,"Oudalan, Soum districts (Sahel province), Loroum district (Nord province), Banwa district (Boucle Du Mouhoun province)",Heavy rains,,,,,,,,Km2,,,,,2006,9.0,12.0,2006,9.0,12.0,,,,10000.0,10000.0,,,,,,,"68,8837587123464",2,,154442;154472;154479;154481,"Banwa, Loroum, Oudalan, Soum (Adm2). "
2006-0133-BFA,2006,133,,Natural,Biological,Epidemic,Bacterial disease,,Meningococcal disease,Burkina Faso,BFA,Western Africa,Africa,"Banfora, Barsologo, Borono, Bousse, Dande, Dano,Diebougou, Djibo, Bobo-Dioulasso, Gaoua, Gourcy, Kaya, Koungoussi, Solenzo districts - nation wide",,,,,No,No,,,Vaccinated,,,,,2006,1.0,1.0,2006,4.0,23.0,784.0,,7402.0,,7402.0,,,,,,,"68,8837587123464",,,,
2006-0134-BWA,2006,134,,Natural,Biological,Epidemic,,,Acute diarrhoeal syndrome,Botswana,BWA,Southern Africa,Africa,"Francistown, S/Palapye, Boteti, Tutume, Bobirwa, Phikwe, Kweneng East, Kanye, Lobatse, N/West, Mahalapye, Goodhope",,,,Yes,No,No,,,Vaccinated,,,,,2006,1.0,,2006,4.0,,470.0,,22264.0,,22264.0,,,,,,,"68,8837587123464",,,,
2006-0135-CIV,2006,135,,Natural,Biological,Epidemic,Bacterial disease,,Meningococcal disease,Côte dIvoire,CIV,Western Africa,Africa,"Séguéla, Korogo, Boundiali, Bouaké, Tingrela",,,,,No,No,,,Vaccinated,,,,,2006,2.0,25.0,2006,2.0,25.0,40.0,,90.0,,90.0,,,,,,,"68,8837587123464",,,,
2006-0488-CIV,2006,488,,Natural,Biological,Epidemic,Bacterial disease,,Cholera,Côte dIvoire,CIV,Western Africa,Africa,"Abidjan, westen part of the country",,,,,No,Yes,,,Vaccinated,,,,,2006,1.0,,2006,8.0,,2.0,,361.0,,361.0,,,,,,,"68,8837587123464",,,,
2006-0381-CMR,2006,381,,Natural,Biological,Epidemic,Bacterial disease,,Cholera,Cameroon,CMR,Middle Africa,Africa,Bafoussam,,,,,No,No,,,Vaccinated,,,,,2006,3.0,12.0,2006,4.0,24.0,8.0,,71.0,,71.0,,,,,,,"68,8837587123464",,,,
2006-0719-COG,2006,719,,Natural,Biological,Epidemic,Bacterial disease,,Cholera,Congo (the),COG,Middle Africa,Africa,"Point-Noire, Kouilou, Brazzaville",,,,,No,No,,,Vaccinated,,,,,2006,12.0,4.0,2007,4.0,4.0,50.0,,3030.0,,3030.0,,,,,,,"68,8837587123464",,,,
2006-0282-COM,2006,282,,Natural,Geophysical,Volcanic activity,Ash fall,,Karthala,Comoros (the),COM,Eastern Africa,Africa,Ngazidja province,,,,,,,105.0,,,,,,,2006,5.0,28.0,2006,5.0,28.0,,,,,,,,,,,,"68,8837587123464",1,969,,Ngazidja (Adm1). 
2006-0149-DZA,2006,149,,Natural,Geophysical,Earthquake,Ground movement,,,Algeria,DZA,Northern Africa,Africa,"Laalam village (Tamridjet district, Bejaia province)",,,,,,,,5.0,Richter,36.623,5.328,,,2006,3.0,20.0,2006,3.0,20.0,4.0,9.0,160.0,150.0,319.0,,,,,,,"68,8837587123464",2,,37915,Tamridjet (Adm2). 
2006-0088-DZA,2006,88,,Natural,Hydrological,Flood,Riverine flood,,,Algeria,DZA,Northern Africa,Africa,Tindouf province,Heavy rain,,,Yes,,,2962.0,180500.0,Km2,27.67,-5.91,,Illizi,2006,2.0,10.0,2006,2.0,15.0,1.0,,60000.0,,60000.0,,,,,1200.0,1742.0,"68,8837587123464",1,383,,Tindouf (Adm1). 
2006-0422-ETH,2006,422,,Natural,Hydrological,Flood,Flash flood,,,Ethiopia,ETH,Eastern Africa,Africa,"Dire Dawa district (Dire Dawa province), Addis Ketema, Genfele, Coca Cola, Aftessa boroughs (Region 14 district, Addis Ababa province)",Heavy Rain,,,,,,,4225.0,Km2,9.67,42.19,,"Dechatu, Dire Dawa",2006,8.0,5.0,2006,8.0,8.0,498.0,96.0,10000.0,,10096.0,,,,,3200.0,4646.0,"68,8837587123464",2,,40809;149277,"Dire Dawa, Region 14 (Adm2). "
2006-0204-ETH,2006,204,,Natural,Hydrological,Flood,Riverine flood,,,Ethiopia,ETH,Eastern Africa,Africa,"Afar, Somali provinces",Heavy rain,,,,,,,83390.0,Km2,10.99,41.63,,Awash,2006,4.0,9.0,2006,4.0,25.0,,,10000.0,,10000.0,,,,,,,"68,8837587123464",1,1228;47679,,"Afar, Somali (Adm1). "
2006-0436-ETH,2006,436,,Natural,Hydrological,Flood,Riverine flood,,,Ethiopia,ETH,Eastern Africa,Africa,Tigray province,,,,,,,,,Km2,,,,Tekze,2006,8.0,9.0,2006,8.0,9.0,5.0,,450.0,,450.0,,,,,,,"68,8837587123464",1,1237,,Tigray (Adm1). 
2006-0438-ETH,2006,438,,Natural,Hydrological,Flood,Riverine flood,,,Ethiopia,ETH,Eastern Africa,Africa,"Omorate, Gangato villages (South Omo district, SNNPR province)",Heavy rain,,,,,,8168.0,13560.0,Km2,5.24,36.22,,Omo river delta,2006,8.0,13.0,2006,9.0,11.0,364.0,,8000.0,,8000.0,,,,,,,"68,8837587123464",2,,40839,South Omo (Adm2). 
2006-0442-ETH,2006,442,,Natural,Hydrological,Flood,Riverine flood,,,Ethiopia,ETH,Eastern Africa,Africa,"Amhara, Gambela, Afar provinces",Heavy rain,,,,,,,,Km2,13.21,34.76,,,2006,8.0,13.0,2006,9.0,26.0,2.0,,38000.0,,38000.0,,,,,,,"68,8837587123464",1,1228;1229;1232,,"Afar, Amhara, Gambela (Adm1). "
2006-0489-ETH,2006,489,,Natural,Hydrological,Flood,Riverine flood,,,Ethiopia,ETH,Eastern Africa,Africa,Gambela province,,,,,,,,,Km2,,,,Baro river,2006,8.0,23.0,2006,8.0,23.0,2.0,,6000.0,,6000.0,,,,,,,"68,8837587123464",1,1232,,Gambela (Adm1). 
2006-0578-ETH,2006,578,,Natural,Hydrological,Flood,Riverine flood,,,Ethiopia,ETH,Eastern Africa,Africa,"Gode, Kelafo, Mustahil, East Imi, Ferfer, Denan towns (Shabelle district, Somali province), Kebri Dehar town (Korahe district, Somali province)",Heavy rain,,,Yes,,,4524.0,,Km2,4.62,44.6,,Wabe Shebelle,2006,10.0,27.0,2006,12.0,18.0,80.0,,361600.0,,361600.0,,,,,,,"68,8837587123464",2,,40844;47708,"Korahe, Shabelle (Adm2). "
2006-0433-ETH,2006,433,,Natural,Biological,Epidemic,,,Acute watery diarrhoea,Ethiopia,ETH,Eastern Africa,Africa,"Gambella, Oromiya regions, Guji zone, Southern Nations Nationalities and Poeple Region, Addis ",,,,,No,No,,,Vaccinated,,,,,2006,4.0,15.0,2006,4.0,22.0,132.0,,10966.0,,10966.0,,,,,,,"68,8837587123464",,,,
2006-0552-ETH,2006,552,,Natural,Biological,Epidemic,,,Acute Watery Diarrheal syndrome,Ethiopia,ETH,Eastern Africa,Africa,"Oromiya, Amhara, Somali, Tigray, Southern Nation Nationalities, People Region, Afar, Addis Abeba city",,,,,No,No,,,Vaccinated,,,,,2006,4.0,15.0,2007,2.0,19.0,219.0,,21882.0,,21882.0,,,,,,,"68,8837587123464",,,,
2006-0531-GIN,2006,531,,Natural,Hydrological,Flood,Riverine flood,,,Guinea,GIN,Western Africa,Africa,Kindia district (Kindia province),Torrential rain,,,,,,55.0,,Km2,,,,,2006,8.0,31.0,2006,9.0,1.0,,,1200.0,,1200.0,,,,,,,"68,8837587123464",2,,40730,Kindia (Adm2). 
2006-0185-GIN,2006,185,,Natural,Biological,Epidemic,Bacterial disease,,Meningococcal Disease,Guinea,GIN,Western Africa,Africa,Mandiana prefecture (Kankan region),,,,,No,No,,,Vaccinated,,,,,2006,1.0,1.0,2006,3.0,31.0,18.0,,125.0,,125.0,,,,,,,"68,8837587123464",,,,
2006-0324-GIN,2006,324,,Natural,Biological,Epidemic,Bacterial disease,,Cholera,Guinea,GIN,Western Africa,Africa,"Gueckedou, Kissidougou, N'zerekore, Lola districst of Farnah and Conakry",,,,,No,No,,,Vaccinated,,,,,2006,1.0,,2006,10.0,22.0,111.0,,173.0,,173.0,,,,,,,"68,8837587123464",,,,
2007-0116-DZA,2007,116,,Natural,Hydrological,Flood,,,,Algeria,DZA,Northern Africa,Africa,"Relizane, Saida, Oran, Annaba provinces",,Rain,,,,,,,Km2,,,,,2007,3.0,21.0,2007,3.0,23.0,15.0,,,,,,,,,,,"70,848792703253",1,345;372;375;376,,"Annaba, Oran, Relizane, Saida (Adm1). "
2007-0010-AGO,2007,10,,Natural,Hydrological,Flood,Riverine flood,,,Angola,AGO,Middle Africa,Africa,"Cuando Cubango, Huambo, Malanje, Moxico provinces",Heavy rain,,,,,,,,Km2,-12.95,24.37,,"Okavango, Cuanza",2007,1.0,10.0,2007,5.0,10.0,,,,6000.0,6000.0,,,,,,,"70,848792703253",1,402;405;411;412,,"Cuando Cubango, Huambo, Malanje, Moxico (Adm1). "
2007-0027-AGO,2007,27,,Natural,Hydrological,Flood,Riverine flood,,,Angola,AGO,Middle Africa,Africa,"Luanda, Cacuaco districts (Luanda province), Huambo, Bengo, Benguela, Lunda Norte provinces","Torrential rain, El Nino blamed",,,,,,,1600.0,Km2,-8.87,13.36,,,2007,1.0,17.0,2007,1.0,25.0,105.0,,40000.0,,40000.0,,,,,,,"70,848792703253",1,398;399;405;408;409,,"Bengo, Benguela, Huambo, Luanda, Lunda Norte (Adm1). "
2007-0056-AGO,2007,56,,Natural,Biological,Epidemic,Bacterial disease,,Cholera,Angola,AGO,Middle Africa,Africa,"Luanda, Cabinda, Benguela, Kwanza Norte, Bengo, Huambo, Malanje, Zaire, Huila, Kuanza Sul, Bié, Uige, Luanda-Norte, Namibe, Kuando Kubango provinces",After flooding,,,,No,No,,,Vaccinated,,,,,2007,1.0,1.0,2007,12.0,31.0,515.0,,17875.0,,17875.0,,,,,,,"70,848792703253",,,,
2007-0028-BDI,2007,28,,Natural,Hydrological,Flood,Riverine flood,,,Burundi,BDI,Eastern Africa,Africa,"Bujumbura Rural, Bujumbura Mairie, Kayanza, Bubanza, Cibitoke, Karuzi, Muramvya, Ruyigi, Cankuzo, Gitega, Kirundo, Muyinga, Mwaro, Ngozi provinces",Torrential rain,,,,,Yes,,,Km2,-3.14,30.4,,,2007,1.0,1.0,2007,1.0,17.0,4.0,,,23000.0,23000.0,,,,,,,"70,848792703253",1,40542;40543;40544;40546;40547;40548;40549;40550;40551;40553;40554;40555;40556;40558,,"Bubanza, Bujumbura Mairie, Bujumbura Rural, Cankuzo, Cibitoke, Gitega, Karuzi, Kayanza, Kirundo, Muramvya, Muyinga, Mwaro, Ngozi, Ruyigi (Adm1). "
2007-0062-BFA,2007,62,EP-2007-000027,Natural,Biological,Epidemic,Bacterial disease,,Meningococcal disease,Burkina Faso,BFA,Western Africa,Africa,"Ouargaye, Banfora, Batié, Boulsa, Dano, Houndé, Sapouy, Nanoro, Titao, Kombissiri, Fada, Bousse, Leo, Yako, Sapone, Pama, Ouaga, Tengodogo Nanoro districts",,,,Yes,No,No,,1000000.0,Vaccinated,,,,,2007,1.0,1.0,2007,4.0,8.0,1490.0,,20765.0,,20765.0,,,,,,,"70,848792703253",,,,
2007-0062-CIV,2007,62,EP-2007-000027,Natural,Biological,Epidemic,Bacterial disease,,Meningococcal disease,Côte dIvoire,CIV,Western Africa,Africa,,,,,,No,No,,,Vaccinated,,,,,2007,1.0,,2007,2.0,17.0,30.0,,150.0,,150.0,,,,,,,"70,848792703253",,,,
2007-0141-DZA,2007,141,,Natural,Hydrological,Flood,Flash flood,,,Algeria,DZA,Northern Africa,Africa,M'Sila province,Heavy rain,,,,,,,7100.0,Km2,35.64,4.2,,Oued Tamsa,2007,4.0,13.0,2007,4.0,15.0,22.0,,,,,,,,,13561.0,19141.0,"70,848792703253",1,370,,M'Sila (Adm1). 
2005-9637-MDG,2005,9637,,Natural,Climatological,Drought,Drought,,,Madagascar,MDG,Eastern Africa,Africa,Vangaindrano district (Atsimo Atsinanana province),"Locust infestation, repeated floods, pest infestation",Famine,Food shortage,,,,,,Km2,,,,,2005,11.0,,2006,12.0,,,,14000.0,,14000.0,,,,,,,"66,7310579862028",2,,154550,Vangaindrano (Adm2). 
2005-9578-MWI,2005,9578,,Natural,Climatological,Drought,Drought,,,Malawi,MWI,Eastern Africa,Africa,"Southern Region, Central Region provinces",Poor rainfall and indequater supplies of fertlizer,Famine,Food shortage,,,,,,Km2,,,,,2005,10.0,,2006,3.0,,,,5100000.0,,5100000.0,,,,,,,"66,7310579862028",1,1888;1890,,"Central Region, Southern Region (Adm1). "
2005-9362-NER,2005,9362,,Natural,Climatological,Drought,Drought,,,Niger (the),NER,Western Africa,Africa,"Tillaberi, Tahoua, Diffa, Zinder, Maradi provinces",Drought and locusts infestation,Famine,Food shortage,Yes,,,100588.0,,Km2,,,,,2005,7.0,,2006,7.0,,,,3000000.0,,3000000.0,,,,,,,"66,7310579862028",1,2203;2205;2207;2208;2209,,"Diffa, Maradi, Tahoua, Tillaberi, Zinder (Adm1). "
2005-9262-MOZ,2005,9262,,Natural,Climatological,Drought,Drought,,,Mozambique,MOZ,Eastern Africa,Africa,"Maputo, Gaza, Inhambane, Manica, Sofala, Zambezia, Tete provinces",Poor and erratic rainfall,Crop failure,Food shortage,,,,,,Km2,,,,,2005,5.0,,2006,,,,,1400000.0,,1400000.0,,,,,,,"66,7310579862028",1,2113;2114;2115;2120;2121;2122;41373,,"Gaza, Inhambane, Manica, Maputo, Sofala, Tete, Zambezia (Adm1). "
2005-0559-MRT,2005,559,,Natural,Hydrological,Flood,Riverine flood,,,Mauritania,MRT,Western Africa,Africa,"M'Bout district (Gorgol province), Tagant, Guidimakha, Assaba provinces",Heavy rains,Broken Dam/Burst bank,,Yes,,,,147100.0,Km2,,,,,2005,9.0,27.0,2005,9.0,30.0,,,7500.0,,7500.0,,,,,,,"66,7310579862028",1;2,2005;2009;2014,19506,"Assaba, Guidimakha, Tagant (Adm1). M'Bout (Adm2). "
2005-0715-MOZ,2005,715,,Natural,Hydrological,Flood,Riverine flood,,,Mozambique,MOZ,Eastern Africa,Africa,"Nampula district (Nampula province), Dondo, Nhamatanda, Buzi, Cidade da Beira, Caia, Marromeu districts (Sofala province), Xai-Xai district (Gaza province), Gurue district (Zambezia province), Cabo Delgado, Inhambane, Maputo provinces",Heavy rains,Rain,,,,,,,Km2,,,,"Shire, Ruo, Zamebzi, Pungue, Mutamba, Licungo, Buzi",2005,12.0,22.0,2006,2.0,7.0,16.0,12.0,20000.0,9000.0,29012.0,,,,,,,"66,7310579862028",1;2,2112;2114;41373,21859;21905;21922;21923;21927;21931;21933;21948;65263,"Cabo Delgado, Inhambane, Maputo (Adm1). Buzi, Caia, Cidade da Beira, Dondo, Gurue, Marromeu, Nampula, Nhamatanda, Xai-xai (Adm2). "
2005-0576-SDN,2005,576,,Natural,Hydrological,Flood,Riverine flood,,,Sudan (the),SDN,Northern Africa,Africa,Red Sea province,Heavy rains,Rain,,,Yes,,,40660.0,Km2,,,,,2005,8.0,29.0,2005,9.0,6.0,5.0,,156000.0,,156000.0,,,,,,,"66,7310579862028",1,40772,,Red Sea (Adm1). 
2005-9142-MLI,2005,9142,,Natural,Climatological,Drought,Drought,,,Mali,MLI,Western Africa,Africa,"Mopti, Kayes, Tombouctou, Gao provinces",,Food shortage,,,,,,,Km2,,,,,2005,,,2006,,,,,1000000.0,,1000000.0,,,,,,,"66,7310579862028",1,1927;1928;1931;1934,,"Gao, Kayes, Mopti, Tombouctou (Adm1). "
2005-9722-SOM,2005,9722,,Natural,Climatological,Drought,Drought,,,Somalia,SOM,Eastern Africa,Africa,"Gedo, Bakool, Bay, Hiraan, Juba Hoose, Juba Dhexe provinces",,Food shortage,,,,,,,Km2,,,,,2005,,,2005,,,2.0,,,,,,,,,,,"66,7310579862028",1,2689;2691;2694;2695;2696;2698,,"Bakool, Bay, Gedo, Hiraan, Juba Dhexe, Juba Hoose (Adm1). "
2005-9719-KEN,2005,9719,,Natural,Climatological,Drought,Drought,,,Kenya,KEN,Eastern Africa,Africa,"Makueni, Kitui, Marsabit, Isiolo, Mwingi, Kitui, Moyale districts (Eastern province), Malindi, Kwale, Kilifi, Taita Taveta, Tana river districts (Coast province), Mandera, Wajir, Garissa, Ijara districts (North Eastern province), Kajiado, Turkana, Samburu, Laikipia districts (Rift Valley province).",Lack of rains,Famine,,,Yes,Yes,,,Km2,,,,,2005,12.0,,2006,,,27.0,,3500000.0,,3500000.0,,,,,,,"66,7310579862028",2,,51340;51341;51343;51345;51346;51348;51349;51351;51352;51357;51358;51361;51362;51363;51364;51380;51384;51389;51392,"Garissa, Ijara, Isiolo, Kajiado, Kilifi, Kitui, Kwale, Laikipia, Makueni, Malindi, Mandera, Marsabit, Moyale, Mwingi, Samburu, Taita Taveta, Tana River, Turkana, Wajir (Adm2). "
2005-0526-KEN,2005,526,,Natural,Hydrological,Flood,Riverine flood,,,Kenya,KEN,Eastern Africa,Africa,"Bukhay, Walwasi areas (Busia district, Western province)",Heavy rain,,,,,,,3520.0,Km2,,,,,2005,6.0,17.0,2005,6.0,20.0,20.0,,1200.0,,1200.0,,,,,,,"66,7310579862028",2,,51396,Busia (Adm2). 
2005-0755-KEN,2005,755,,Natural,Biological,Epidemic,Bacterial disease,,Meningococcal disease,Kenya,KEN,Eastern Africa,Africa,"West Pokot (Kachelpa, Allale regions)",,,,,No,No,,,Vaccinated,,,,,2005,12.0,1.0,2006,2.0,15.0,12.0,,45.0,,45.0,,,,,,,"66,7310579862028",,,,
2005-0813-KEN,2005,813,,Natural,Biological,Epidemic,Viral disease,,,Kenya,KEN,Eastern Africa,Africa,"Nairobi, Wajir, Ijara, Tana River, Isiolo, Marsabit, Mandera, Moyale",,,,,No,No,,,Vaccinated,,,,,2005,11.0,,2006,4.0,,41.0,,1600.0,,1600.0,,,,,,,"66,7310579862028",,,,
2005-0507-LBR,2005,507,,Natural,Biological,Epidemic,Bacterial disease,,Cholera,Liberia,LBR,Western Africa,Africa,Sinoe County,,,,,No,No,,,Vaccinated,,,,,2005,8.0,2.0,2005,8.0,13.0,29.0,,674.0,,674.0,,,,,,,"66,7310579862028",,,,
2005-0662-MAR,2005,662,,Natural,Meteorological,Storm,Tropical cyclone,,,Morocco,MAR,Northern Africa,Africa,"Guelmim - Es-Semara, Laâyoune - Boujdour - Sakia El Hamra, Souss - Massa - Draâ provinces",,,,,,,,,Kph,,,,,2005,11.0,28.0,2005,11.0,28.0,1.0,,,,,,,,,50.0,75.0,"66,7310579862028",1,147331;147332;147335,,"Guelmim - Es-Semara, Laâyoune-Boujdour-Sakia el Hamra, Souss - Massa - Draâ (Adm1). "
2005-0297-MLI,2005,297,,Natural,Hydrological,Flood,Riverine flood,,,Mali,MLI,Western Africa,Africa,"Ansongo, Ouatagouna, Talataye villages (Ansongo district, Gao province)",Heavy rains,,,,,,,,Km2,,,,,2005,6.0,6.0,2005,6.0,6.0,,,,125.0,125.0,,,,,,,"66,7310579862028",2,,19372,Ansongo (Adm2). 
2005-0372-MLI,2005,372,,Natural,Biological,Epidemic,Bacterial disease,,Cholera,Mali,MLI,Western Africa,Africa,"Communes of Kheri-Kaffo, Kéméni-Tambo, Sony, Tafacirga (Kayes region)",Polluted river,,,,No,No,,,Vaccinated,,,,,2005,6.0,20.0,2005,12.0,11.0,20.0,,138.0,,138.0,,,,,,,"66,7310579862028",,,,
2005-0621-MLI,2005,621,,Natural,Biological,Epidemic,Viral disease,,Yellow fever,Mali,MLI,Western Africa,Africa,"Bafoulabé, Yanfolila and Sélingué districts (Kayes region)",,,,,No,No,,186553.0,Vaccinated,,,,,2005,10.0,7.0,2005,12.0,13.0,23.0,,30.0,,30.0,,,,,,,"66,7310579862028",,,,
2005-0552-MLI,2005,552,,Natural,Hydrological,Flood,,,,Mali,MLI,Western Africa,Africa,Kayes district (Kayes province),,,,,,,,,Km2,,,,,2005,9.0,21.0,2005,9.0,27.0,,,,1735.0,1735.0,,,,,,,"66,7310579862028",2,,19378,Kayes (Adm2). 
2005-0491-MRT,2005,491,,Natural,Biological,Epidemic,Bacterial disease,,Cholera,Mauritania,MRT,Western Africa,Africa,"Nouakchott, Brakna, Guidimakha, Traza, Elmina, Arafat, Dar Naim, Ksar, Sebkha districts",,,,,No,No,,,Vaccinated,,,,,2005,7.0,20.0,2005,10.0,23.0,55.0,,2585.0,,2585.0,,,,,,,"66,7310579862028",,,,
2005-0754-MUS,2005,754,,Natural,Biological,Epidemic,Viral disease,,Chikungunya virus disease,Mauritius,MUS,Eastern Africa,Africa,,,,,,No,No,,,Vaccinated,,,,,2006,1.0,,2006,3.0,,,,2553.0,,2553.0,,,,,,,"66,7310579862028",,,,
2005-0715-MWI,2005,715,,Natural,Hydrological,Flood,Riverine flood,,,Malawi,MWI,Eastern Africa,Africa,"Chikwawa, Nsanje, Mangochi, Machinga district (Southern Region province), Ntcheu (Central Region province), Nkhata Bay (Northern Region province) ",Heavy rains,,,,,,,,Km2,,,,"Shire, Ruo, Nyamazire, Lalanje, Mwanza, Kombezi",2005,12.0,22.0,2006,2.0,7.0,1.0,,,44500.0,44500.0,,,,,,,"66,7310579862028",2,,19313;19322;19325;19328;42173;42175,"Chikwawa, Machinga, Mangochi, Nkhata Bay, Nsanje, Ntcheu (Adm2). "
2005-0693-MWI,2005,693,,Natural,Meteorological,Storm,,,,Malawi,MWI,Eastern Africa,Africa,Mzimba district (Northern Region province),,,,,,,,,Kph,,,,,2005,12.0,17.0,2005,12.0,17.0,11.0,8.0,,,8.0,,,,,,,"66,7310579862028",2,,19318,Mzimba (Adm2). 
2005-0483-NER,2005,483,,Natural,Biological,Epidemic,Bacterial disease,,Cholera,Niger (the),NER,Western Africa,Africa,"Bouza, Birni Konni, Madaoua (Tahoua and Tilaberi regions)",,,,,No,No,,,Vaccinated,,,,,2005,7.0,13.0,2005,10.0,2.0,44.0,,387.0,,387.0,,,,,,,"66,7310579862028",,,,
2005-0423-NGA,2005,423,,Natural,Hydrological,Flood,Riverine flood,,,Nigeria,NGA,Western Africa,Africa,"Jigawa, Bauchi, Taraba, Yobe provinces",Heavy rains,,,,,,,159500.0,Km2,,,,"Hadeja, Benue and tributaries",2005,8.0,7.0,2005,9.0,16.0,60.0,4.0,,3000.0,3004.0,,,,,147.0,220.0,"66,7310579862028",1,2223;2239;2240;65699,,"Bauchi, Jigawa, Taraba, Yobe (Adm1). "
2005-0306-NGA,2005,306,,Natural,Biological,Epidemic,Bacterial disease,,Cholera,Nigeria,NGA,Western Africa,Africa,Ngala town (Borno state),,,,,No,No,,,Vaccinated,,,,,2005,5.0,16.0,2005,5.0,24.0,12.0,,98.0,,98.0,,,,,,,"66,7310579862028",,,,
2005-0754-REU,2005,754,,Natural,Biological,Epidemic,Viral disease,,Chikungunya virus disease,Réunion,REU,Eastern Africa,Africa,,,,,,No,No,,,Vaccinated,,,,,2005,3.0,28.0,2006,2.0,5.0,,,157000.0,,157000.0,,,,,,,"66,7310579862028",,,,
2005-0748-SDN,2005,748,,Natural,Hydrological,Flood,Riverine flood,,,Sudan (the),SDN,Northern Africa,Africa,"Um Durman, Khartoum Bahri districts (Khartoum province)",Heavy rains,,,,,,,,Km2,,,,,2005,7.0,14.0,2005,7.0,15.0,,,,4780.0,4780.0,,,,,,,"66,7310579862028",2,,37066;37069,"Khartoum Bahri, Um Durman (Adm2). "
2005-0762-SDN,2005,762,,Natural,Biological,Epidemic,Bacterial disease,,Meningococcal disease,Sudan (the),SDN,Northern Africa,Africa,"Twic, Wau, Tanj, Gogerial counties (Bahr Al Gazal state), Unity State",,,,,No,No,,,Vaccinated,,,,,2005,12.0,3.0,2006,5.0,3.0,382.0,,3436.0,,3436.0,,,,,,,"66,7310579862028",,,,
2005-0616-SDN,2005,616,,Natural,Biological,Epidemic,Viral disease,,Yellow Fever,Sudan (the),SDN,Northern Africa,Africa,"Dilling, Abu Jubaiyah, Abyei, Bara, Kadugli, Lagawa, Sheikan, Talodi, Rashad (Nuba mountain area, State of Southern Kordofan)",,,,,No,No,,,Vaccinated,,,,,2005,9.0,,2005,12.0,17.0,144.0,,439.0,,439.0,,,,,,,"66,7310579862028",,,,
2005-0448-SEN,2005,448,,Natural,Hydrological,Flood,Riverine flood,,,Senegal,SEN,Western Africa,Africa,"Pikine, Guediawaye areas (Dakar district, Dakar province), Rufisque district (Dakar province), ",Heavy rains,,,,,,,330.0,Km2,,,,,2005,8.0,20.0,2005,9.0,10.0,,,50000.0,,50000.0,84.0,126.0,,,,,"66,7310579862028",2,,1382;25321,"Dakar, Rufisque (Adm2). "
2005-0443-SLE,2005,443,,Natural,Hydrological,Flood,Flash flood,,,Sierra Leone,SLE,Western Africa,Africa,"Taninahum, Swao, Bandakoh, Titonko, Jorma Jargor, Jormah Jaihun areas (Pujehun district, Southern province)",Heavy rains,,,,Yes,,107.0,7730.0,Km2,,,,"Waanje, Moa",2005,8.0,14.0,2005,8.0,16.0,20.0,,15000.0,,15000.0,,,,,,,"66,7310579862028",2,,25417,Pujehun (Adm2). 
2005-0309-SOM,2005,309,,Natural,Hydrological,Flood,Flash flood,,,Somalia,SOM,Eastern Africa,Africa,Bu'aale district (Juba Dhexe province),,,,,,,,,Km2,,,,Juba river,2005,6.0,4.0,2005,6.0,5.0,7.0,,,2500.0,2500.0,,,,,,,"66,7310579862028",2,,25698,Bu'aale (Adm2). 
2005-0632-SOM,2005,632,,Natural,Biological,Epidemic,Viral disease,,,Somalia,SOM,Eastern Africa,Africa,"Zeilla district (Awdal region, Somaliland)",,,,,No,No,,,Vaccinated,,,,,2005,10.0,23.0,2005,11.0,14.0,13.0,,,,,,,,,,,"66,7310579862028",,,,
2005-0710-SOM,2005,710,,Natural,Biological,Epidemic,Viral disease,,Poliomyelitis,Somalia,SOM,Eastern Africa,Africa,"Gov. Banadir (incl. Mogadishu), Lower Shabelle, Sool, LOwer JUba, Mudug region, Southeren and Northeastern Somalia",,,,,No,No,,,Vaccinated,,,,,2005,7.0,12.0,2006,3.0,24.0,,,199.0,,199.0,,,,,,,"66,7310579862028",,,,
2005-0630-STP,2005,630,,Natural,Biological,Epidemic,Bacterial disease,,Cholera,Sao Tome and Principe,STP,Middle Africa,Africa,"Mezochi, Agua Grande, Lobata Sao Tome Island",,,,Yes,No,No,,,Vaccinated,,,,,2005,10.0,6.0,2005,12.0,16.0,25.0,,1349.0,,1349.0,,,,,,,"66,7310579862028",,,,
2005-0754-SYC,2005,754,,Natural,Biological,Epidemic,Viral disease,,Chikungunya virus disease,Seychelles,SYC,Eastern Africa,Africa,,,,,,No,No,,,Vaccinated,,,,,2006,1.0,,2006,3.0,,,,5461.0,,5461.0,,,,,,,"66,7310579862028",,,,
2005-0671-TZA,2005,671,,Natural,Geophysical,Earthquake,Ground movement,,,"Tanzania, United Republic of",TZA,Eastern Africa,Africa,Kigoma province,,,,,,,,7.0,Richter,-6.224,29.83,,,2005,12.0,5.0,2005,12.0,5.0,2.0,,5000.0,,5000.0,,,,,,,"66,7310579862028",1,48362,,Kigoma (Adm1). 
2005-0814-TZA,2005,814,,Natural,Biological,Epidemic,Bacterial disease,,Cholera,"Tanzania, United Republic of",TZA,Eastern Africa,Africa,,,,,,No,No,,,Vaccinated,,,,,2005,12.0,2.0,2006,3.0,,6.0,,576.0,,576.0,,,,,,,"66,7310579862028",,,,
2005-0325-UGA,2005,325,,Natural,Biological,Epidemic,Bacterial disease,,Cholera,Uganda,UGA,Eastern Africa,Africa,"Kampala, Jonam county (Nebbi district), Gulu district",Poor sanitation,,,,No,No,,,Vaccinated,,,,,2005,4.0,,2005,5.0,31.0,10.0,,426.0,,426.0,,,,,,,"66,7310579862028",,,,
2005-0755-UGA,2005,755,,Natural,Biological,Epidemic,Bacterial disease,,Meningococcal disease,Uganda,UGA,Eastern Africa,Africa,"Nakapiripirit, Moroto districts",,,,,No,No,,,Vaccinated,,,,,2005,12.0,28.0,2006,2.0,12.0,11.0,,300.0,,300.0,,,,,,,"66,7310579862028",,,,
2005-9163-UGA,2005,9163,,Natural,Climatological,Drought,Drought,,,Uganda,UGA,Eastern Africa,Africa,"Rupa, Nadunget subcounties (Moroto province); Nyakwae subcounty (Abim province); Kalapata city (Dodoth district, Kaabong province) (Karamoja region)",,,,,,,,,Km2,,,,,2005,3.0,,2006,3.0,,,,600000.0,,600000.0,,,,,,,"66,7310579862028",1;2,743;765;772,28453,"Abim, Kotido, Moroto (Adm1). Dodoth (Adm2). "
2005-0671-COD,2005,671,,Natural,Geophysical,Earthquake,Ground movement,,,Congo (the Democratic Republic of the),COD,Middle Africa,Africa,"Kalemie city (Tanganyka district, Katanga province)",,,,,,,,7.0,Richter,-6.224,29.83,,,2005,12.0,5.0,2005,12.0,5.0,6.0,5.0,,1500.0,1505.0,,,,,,,"66,7310579862028",2,,14986,Tanganyka (Adm2). 
2005-0508-COD,2005,508,,Natural,Biological,Epidemic,Bacterial disease,,Penumonic plague,Congo (the Democratic Republic of the),COD,Middle Africa,Africa,Maniema province,,,,,No,No,,,Vaccinated,,,,,2005,7.0,29.0,2005,9.0,5.0,38.0,,1300.0,,1300.0,,,,,,,"66,7310579862028",,,,
2006-9756-TZA,2006,9756,,Natural,Climatological,Drought,Drought,,,"Tanzania, United Republic of",TZA,Eastern Africa,Africa,"Arusha, Manyara, Kilimanjaro provinces",,,Food shortage,,,,,,Km2,,,,,2006,,,2006,,,,,3700000.0,,3700000.0,,,,,,,"68,8837587123464",1,48357;48363;48365,,"Arusha, Kilimanjaro, Manyara (Adm1). "
2006-0172-COD,2006,172,,Natural,Hydrological,Flood,Riverine flood,,,Congo (the Democratic Republic of the),COD,Middle Africa,Africa,"Kisenso, Limete, Matete, Masina, Kimbanseke areas (Kinshasa district, Kinshasa province)",Torrential rains,"Slide (land, mud, snow, rock)",,,,,,45540.0,Km2,-4.36,16.17,,"Kalamu, Gombe, Djoue",2006,4.0,8.0,2006,4.0,27.0,1.0,,5500.0,,5500.0,,,,,,,"68,8837587123464",2,,14987,Kinshasa (Adm2). 
2006-0108-NAM,2006,108,,Natural,Hydrological,Flood,Riverine flood,,,Namibia,NAM,Southern Africa,Africa,Mariental Urban district (Hardap province),Heavy rain,Broken Dam/Burst bank,,,,,97.0,16110.0,Km2,-24.53,17.98,,"Fish, Schlip, Kub",2006,2.0,24.0,2006,2.0,28.0,5.0,,2100.0,,2100.0,,,,,8490.0,12325.0,"68,8837587123464",2,,22262,Mariental Urban (Adm2). 
2006-0556-NGA,2006,556,,Natural,Hydrological,Flood,Flash flood,,,Nigeria,NGA,Western Africa,Africa,Gusau district (Zamfara province),Torrentital rain,Broken Dam/Burst bank,,,,,,,Km2,,,,,2006,10.0,1.0,2006,10.0,1.0,40.0,,1000.0,,1000.0,,,,,,,"68,8837587123464",2,,23085,Gusau (Adm2). 
2006-0447-SDN,2006,447,,Natural,Hydrological,Flood,Riverine flood,,,Sudan (the),SDN,Northern Africa,Africa,"Amri, Shikora, Alban, Um Hala, El Batareen, Um Kouk, El Khelian, Gerf El Doud villages (Merawi district, Northern province)",,Broken Dam/Burst bank,,,,,,,Km2,,,,River Nile,2006,8.0,7.0,2006,8.0,7.0,,,11000.0,,11000.0,,,,,,,"68,8837587123464",2,,37092,Merawi (Adm2). 
2006-0687-MDG,2006,687,,Natural,Meteorological,Storm,Tropical cyclone,,Bondo,Madagascar,MDG,Eastern Africa,Africa,"Mahajanga I, Mahajanga II districts (Boeny province), Antalaha district (Sava province)",,Rain,,,,,,150.0,Kph,,,,,2006,12.0,25.0,2006,12.0,25.0,1.0,,,304.0,304.0,,,,,,,"68,8837587123464",2,,154563;154564;154596,"Antalaha, Mahajanga I, Mahajanga II (Adm2). "
2006-0141-COD,2006,141,,Natural,Meteorological,Storm,Convective storm,Tornado,,Congo (the Democratic Republic of the),COD,Middle Africa,Africa,"Oicha area (Nord-Kivu district, Nord-Kivu province)",,Flood,,,,,22.0,,Kph,,,,,2006,3.0,8.0,2006,3.0,8.0,3.0,66.0,75000.0,,75066.0,,,,,,,"68,8837587123464",2,,115126,Nord-Kivu (Adm2). 
2006-9425-MLI,2006,9425,,Natural,Climatological,Drought,Drought,,,Mali,MLI,Western Africa,Africa,Kidal province,Scarcity of rain,Famine,,,Yes,,,,Km2,,,,,2006,8.0,,2006,9.0,,,,25000.0,,25000.0,,,,,,,"68,8837587123464",1,1929,,Kidal (Adm1). 
2006-0178-KEN,2006,178,,Natural,Hydrological,Flood,Riverine flood,,,Kenya,KEN,Eastern Africa,Africa,"Isiolo, Moyale districts (Eastern province), Nairobi districts (Nairobi province)",Heavy rains,,,,,,,538000.0,Km2,2.25,37.53,,"Uaso Nyiro, Sabaki, Tana, Migori, Kuja, Nzoia, Nyando, Genale Wenz",2006,4.0,4.0,2006,5.0,22.0,60.0,,17300.0,,17300.0,,,,,,,"68,8837587123464",2,,51348;51357;51360,"Isiolo, Moyale, Nairobi (Adm2). "
2006-0234-KEN,2006,234,,Natural,Hydrological,Flood,Riverine flood,,,Kenya,KEN,Eastern Africa,Africa,"Nyanza, Coast, Western provinces",Heavy rain,,,,,,,,Km2,,,,,2006,4.0,25.0,2006,5.0,4.0,8.0,,13000.0,,13000.0,,,,,,,"68,8837587123464",1,51326;51330;51332,,"Coast, Nyanza, Western (Adm1). "
2006-0587-KEN,2006,587,,Natural,Hydrological,Flood,Riverine flood,,,Kenya,KEN,Eastern Africa,Africa,"Moyale, Isiolo districts (Eastern province), Mandera, Garissa, Wajir districts (North Eastern province), Turkana district (Rift Valley province), Kwale, Mombasa districts (Coast province)",Heavy rain,,,,,,,,Km2,-3.24,40.01,,Ewaso Nyiro,2006,10.0,15.0,2006,10.0,26.0,30.0,,30000.0,,30000.0,,,,,,,"68,8837587123464",2,,51341;51344;51348;51357;51361;51363;51364;51392,"Garissa, Isiolo, Kwale, Mandera, Mombasa, Moyale, Turkana, Wajir (Adm2). "
2006-0624-KEN,2006,624,,Natural,Hydrological,Flood,Riverine flood,,,Kenya,KEN,Eastern Africa,Africa,"Garissa, Ijara, Wajir, Mandera districts (North Eastern province), Kilifi, Tana River, Kwale districts (Coast province), Moyale, Isiolo districts (Eastern province), Busia district (Western province), Turkana district (Rift Valley province), Kisumu district (Nyanza province)",Torrential rain,,,,,,50041.0,,Km2,,,,,2006,10.0,23.0,2006,12.0,19.0,114.0,,723000.0,,723000.0,,,,,,,"68,8837587123464",2,,51340;51341;51346;51348;51357;51361;51362;51363;51364;51369;51392;51396,"Busia, Garissa, Ijara, Isiolo, Kilifi, Kisumu, Kwale, Mandera, Moyale, Tana River, Turkana, Wajir (Adm2). "
2006-0136-KEN,2006,136,,Natural,Biological,Epidemic,Bacterial disease,,Meningococcal disease,Kenya,KEN,Eastern Africa,Africa,"Kachelpam, Allale, Kasei, Chepareria divisions (West-Pokot)",,,,,No,No,,,Vaccinated,,,,,2006,1.0,1.0,2006,1.0,28.0,15.0,,59.0,,59.0,,,,,,,"68,8837587123464",,,,
2006-0322-KEN,2006,322,,Natural,Biological,Epidemic,Parasitic disease,,Disentery,Kenya,KEN,Eastern Africa,Africa,"Kotulo area (El Wak Division), Rhamu Division (Mandera province)",Contamination of water,,,,No,No,,,Vaccinated,,,,,2006,5.0,,2006,5.0,,13.0,,,,,,,,,,,"68,8837587123464",,,,
2006-0750-KEN,2006,750,,Natural,Biological,Epidemic,Viral disease,,Rift Valley Fever,Kenya,KEN,Eastern Africa,Africa,"Garissa, Ijara, Wajir (North Eastern province), Kilifi, Lamu, Tana River, Taita Taveta (Coastal province), Isiolo (Eastern province), Kirinyanga, Maragua, Thika (Central province), Kajiado (Rifht Valley)",,,,,No,No,,,Vaccinated,,,,,2006,11.0,30.0,2007,3.0,12.0,155.0,,529.0,,529.0,,,,,,,"68,8837587123464",,,,
2006-0267-MAR,2006,267,,Natural,Hydrological,Flood,Riverine flood,,,Morocco,MAR,Northern Africa,Africa,Errachidia district (Meknès - Tafilalet province),Heavy rain,,,,,,,33210.0,Km2,32.15,-4.05,,,2006,5.0,26.0,2006,5.0,28.0,6.0,,1100.0,,1100.0,,,,,,,"68,8837587123464",2,,21792,Errachidia (Adm2). 
2006-0575-MAR,2006,575,,Natural,Hydrological,Flood,Riverine flood,,,Morocco,MAR,Northern Africa,Africa,"Essaouira district (Marrakech - Tensift - Al Haouz province), Safi district (Doukkala - Abda province)",Heavy rain,,,,,,,,Km2,,,,,2006,10.0,25.0,2006,10.0,27.0,11.0,,,,,,,,,,,"68,8837587123464",2,,21830;21832,"Essaouira, Safi (Adm2). "
2006-0585-MAR,2006,585,,Natural,Hydrological,Flood,Riverine flood,,,Morocco,MAR,Northern Africa,Africa,"Ouarzazate district (Souss - Massa - Draâ province), Errachidia district (Meknès - Tafilalet province)",Heavy rains,,,,,,,,Km2,,,,,2006,10.0,28.0,2006,10.0,29.0,,,1000.0,,1000.0,,,,,,,"68,8837587123464",2,,21792;147359,"Errachidia, Ouarzazate (Adm2). "
2006-0089-MDG,2006,89,,Natural,Meteorological,Storm,Tropical cyclone,,Boloetse,Madagascar,MDG,Eastern Africa,Africa,"Androka town (Ampanihy Ouest district, Atsimo Andrefana province) Itampolo town (Toliary-II district, Atsimo Andrefana province)",,,,,,,,160.0,Kph,,,,,2006,2.0,4.0,2006,2.0,4.0,3.0,,6112.0,100.0,6212.0,,,,,,,"68,8837587123464",2,,154538;154546,"Ampanihy Ouest, Toliary-II (Adm2). "
2006-0445-MLI,2006,445,,Natural,Hydrological,Flood,Flash flood,,,Mali,MLI,Western Africa,Africa,"Sikasso, Gao provinces",Heavy rain,,,,,,,,Km2,14.42,-1.02,,,2006,8.0,3.0,2006,10.0,11.0,1.0,,,1000.0,1000.0,,,,,,,"68,8837587123464",1,1927;1933,,"Gao, Sikasso (Adm1). "
2006-0131-MLI,2006,131,,Natural,Biological,Epidemic,Bacterial disease,,,Mali,MLI,Western Africa,Africa,"Bamako, Koulikoro, Sikasso, Mopti, Segou regions",,,,,No,No,,,Vaccinated,,,,,2006,1.0,1.0,2006,4.0,,9.0,,151.0,,151.0,,,,,,,"68,8837587123464",,,,
2006-0100-MOZ,2006,100,,Natural,Geophysical,Earthquake,Ground movement,,,Mozambique,MOZ,Eastern Africa,Africa,"Machaze, Mossurize, Cidade de Chimoio districts (Manica province), Cidade da Beira district (Sofala province)",,,,,,,,7.0,Richter,-21.324,33.583,12:19,,2006,2.0,22.0,2006,2.0,22.0,4.0,36.0,,1440.0,1476.0,,,,,,,"68,8837587123464",2,,21875;21878;65251;65263,"Cidade da Beira, Cidade de Chimoio, Machaze, Mossurize (Adm2). "
2006-0080-MOZ,2006,80,,Natural,Biological,Epidemic,Bacterial disease,,Cholera,Mozambique,MOZ,Eastern Africa,Africa,"Marromeu, Caia, Dondo, Beira (Sofala province), Chimoio, Manica (Manica province), Maganja da Costa, Quelimane City (Zambezia province), Monapo, Malema, Meconta, Isle of Mozambique (Nampula province)",,,,,No,No,,,Vaccinated,,,,,2006,1.0,,2006,5.0,18.0,27.0,,5692.0,,5692.0,,,,,,,"68,8837587123464",,,,
2006-0445-MRT,2006,445,,Natural,Hydrological,Flood,Flash flood,,,Mauritania,MRT,Western Africa,Africa,"Adrar, Assaba, Brakna, Dakhlet-Nouadhibou, Gorgol, Guidimakha, Hodh Ech Chargi, Hodh El Gharbi, Inchiri, Nouakchott, Tagant, Tiris-Zemmour, Trarza provinces",,,,,,,,,Km2,14.42,-1.02,,,2006,8.0,3.0,2006,10.0,11.0,,,,9000.0,9000.0,,,,,,,"68,8837587123464",1,2004;2005;2006;2007;2008;2009;2010;2011;2012;2013;2014;2015;2016,,"Adrar, Assaba, Brakna, Dakhlet-Nouadhibou, Gorgol, Guidimakha, Hodh Ech Chargi, Hodh El Gharbi, Inchiri, Nouakchott, Tagant, Tiris-Zemmour, Trarza (Adm1). "
2006-0391-MRT,2006,391,,Natural,Hydrological,Flood,Riverine flood,,,Mauritania,MRT,Western Africa,Africa,"Trarza, Brakna provinces",Heavy rains and storms,,,,,,,60.0,Km2,17.75,-15,,,2006,7.0,22.0,2006,7.0,24.0,7.0,19.0,,1600.0,1619.0,,,,,,,"68,8837587123464",1,2006;2016,,"Brakna, Trarza (Adm1). "
2006-0649-MWI,2006,649,,Natural,Hydrological,Flood,Flash flood,,,Malawi,MWI,Eastern Africa,Africa,Chikwawa district (Southern Region province),Heavy rains,,,,,,,2760.0,Km2,-15.96,34.51,,Mwanza,2006,11.0,27.0,2006,11.0,29.0,5.0,,,8000.0,8000.0,,,,,,,"68,8837587123464",2,,19322,Chikwawa (Adm2). 
2006-0115-MWI,2006,115,,Natural,Hydrological,Flood,Riverine flood,,,Malawi,MWI,Eastern Africa,Africa,"Malindi area (Mangochi district, Southern Region province), Salima district (Central Region province)",Heavy rains,,,,,,,64890.0,Km2,-14.59,35.12,,Linthipe,2006,3.0,7.0,2006,3.0,14.0,3.0,,,8000.0,8000.0,,,,,,,"68,8837587123464",2,,19315;19325,"Mangochi, Salima (Adm2). "
2006-0054-MWI,2006,54,,Natural,Biological,Epidemic,Bacterial disease,,Cholera,Malawi,MWI,Eastern Africa,Africa,"Blantyre, Mangochi, Dedza, Balaka, Salima",Floods and disruption of water and sanitation facilities,,,,No,No,,,Vaccinated,,,,,2006,1.0,16.0,2006,5.0,18.0,20.0,,852.0,,852.0,,,,,,,"68,8837587123464",,,,
2006-0024-NAM,2006,24,,Natural,Hydrological,Flood,Riverine flood,,,Namibia,NAM,Southern Africa,Africa,"Windhoek East, Windhoek West districts (Khomas province)",,,,,,,,,Km2,,,,Arebbusch,2006,1.0,,2006,1.0,,,,200.0,,200.0,,,,,,,"68,8837587123464",2,,22286;22288,"Windhoek East, Windhoek West (Adm2). "
2006-0321-NAM,2006,321,,Natural,Biological,Epidemic,Viral disease,,Polio,Namibia,NAM,Southern Africa,Africa,"Aranos (Mariental), Windhoek, Engela, Okahaon Oshakati (Oshana), Okahandja (Otjozondjupa)",,,,,No,No,,2500000.0,Vaccinated,,,,,2006,5.0,7.0,2006,8.0,8.0,10.0,,47.0,,47.0,,,,,,,"68,8837587123464",,,,
2006-0445-NER,2006,445,,Natural,Hydrological,Flood,Flash flood,,,Niger (the),NER,Western Africa,Africa,"Agadez, Zinder, Tahoua, Dosso, Tillaberi provinces",Heavy rain,,,,Yes,,328.0,,Km2,,,,,2006,8.0,3.0,2006,10.0,11.0,4.0,,,46472.0,46472.0,,,,,,,"68,8837587123464",1,2202;2204;2207;2208;2209,,"Agadez, Dosso, Tahoua, Tillaberi, Zinder (Adm1). "
2006-0132-NER,2006,132,,Natural,Biological,Epidemic,Bacterial disease,,Meningococcal disease,Niger (the),NER,Western Africa,Africa,"Madaroumfa, Guidan Roumdji , Say, Dogon Doutchi districts",,,,,No,No,,,Vaccinated,,,,,2006,1.0,1.0,2006,3.0,26.0,44.0,,570.0,,570.0,,,,,,,"68,8837587123464",,,,
2006-0512-NER,2006,512,,Natural,Biological,Epidemic,Bacterial disease,,Cholera,Niger (the),NER,Western Africa,Africa,"Dosso, Maradi, Zinder, Tillaberib",,,,,No,No,,,Vaccinated,,,,,2006,1.0,1.0,2006,9.0,18.0,18.0,,214.0,,214.0,,,,,,,"68,8837587123464",,,,
2006-0445-NGA,2006,445,,Natural,Hydrological,Flood,Flash flood,,,Nigeria,NGA,Western Africa,Africa,Zamfara province,Heavy rain,,,,,,,,Km2,14.42,-1.02,,,2006,8.0,3.0,2006,10.0,11.0,,,,10000.0,10000.0,,,,,,,"68,8837587123464",1,65710,,Zamfara (Adm1). 
2006-0393-NGA,2006,393,,Natural,Hydrological,Flood,Riverine flood,,,Nigeria,NGA,Western Africa,Africa,Edo province,Heavy rains,,,,,,,724.0,Km2,6.94,6.35,,Niger river tributaries,2006,7.0,15.0,2006,7.0,17.0,,,2000.0,,2000.0,,,,,,,"68,8837587123464",1,2219,,Edo (Adm1). 
2006-0646-RWA,2006,646,,Natural,Hydrological,Landslide,Landslide,,,Rwanda,RWA,Eastern Africa,Africa,Rulindo district (North/Amajyaruguru province),Heavy rains,,,,,,,,,-1.79,29.94,,,2006,11.0,28.0,2006,11.0,30.0,24.0,,2000.0,,2000.0,,,,,,,"68,8837587123464",2,,22000,Rulindo (Adm2). 
2006-0022-RWA,2006,22,,Natural,Biological,Epidemic,Bacterial disease,,Cholera,Rwanda,RWA,Eastern Africa,Africa,"Kubuga, Kigali city, Bugsera (Gashora, Nyamata)",Use of untreated water,,,,No,No,,,Vaccinated,,,,,2006,1.0,,2006,1.0,10.0,35.0,,300.0,,300.0,,,,,,,"68,8837587123464",,,,
2006-0422-SDN,2006,422,,Natural,Hydrological,Flood,Flash flood,,,Sudan (the),SDN,Northern Africa,Africa,Singa district (Sennar province),,,,,,,,,Km2,,,,,2006,8.0,,2006,9.0,,,,150000.0,,150000.0,,,,,,,"68,8837587123464",2,,37100,Singa (Adm2). 
2006-0442-SDN,2006,442,,Natural,Hydrological,Flood,Riverine flood,,,Sudan (the),SDN,Northern Africa,Africa,"Al Fushqa, Al Galabat, Al Rahd districts (Gadaref province), Seteet district (Kassala province), Khartoum district (Khartoum province), Addabah district (Northern province), Tokar district (Red Sea province), Singa district (Sennar province)",Heavy rain,,,,,,,,Km2,13.21,34.76,,"Nile, Blue Nile",2006,8.0,13.0,2006,9.0,26.0,27.0,,,6000.0,6000.0,,,,,,,"68,8837587123464",2,,37049;37050;37065;37090;37097;37100;68803;68804,"Addabah, Al Fushqa, Al Galabat, Al Rahd, Khartoum, Seteet, Singa, Tokar (Adm2). "
2006-0076-SDN,2006,76,,Natural,Biological,Epidemic,Bacterial disease,,Meningococcal disease,Sudan (the),SDN,Northern Africa,Africa,"Kassala, Blue Nile, Khartoum, Sennar, West Darfur, Gederef states",,,,,No,No,,,Vaccinated,,,,,2006,1.0,1.0,2006,2.0,3.0,24.0,,554.0,,554.0,,,,,,,"68,8837587123464",,,,
2006-0077-SDN,2006,77,,Natural,Biological,Epidemic,Bacterial disease,,Cholera,Sudan (the),SDN,Northern Africa,Africa,"Cental Equatria, East Equatria, Western Equatria, Upper Nile, Jonglei, Lakes, Unity, Northern Bahr el Ghazel, Yei, Juba, Kajo-Kegi, Jebel Lado, Pibor, Bor, Terekeka, Torit, Lafon, Malakal (Southern)",,,,,No,No,,,Vaccinated,,,,,2006,1.0,28.0,2006,9.0,24.0,476.0,,15711.0,,15711.0,,,,,,,"68,8837587123464",,,,
2006-0289-SDN,2006,289,,Natural,Biological,Epidemic,Bacterial disease,,Acute Watery Diarrhoeal Syndrome/Cholera,Sudan (the),SDN,Northern Africa,Africa,"Khartoum, North Kordofan, South Kordofan, White Nile, River Nile, South Darfur, Gezira, Kassala (North Dudan)",,,,,No,No,,,Vaccinated,,,,,2006,4.0,21.0,2006,10.0,6.0,196.0,,5757.0,,5757.0,,,,,,,"68,8837587123464",,,,
2006-0611-SDN,2006,611,,Natural,Biological,Epidemic,Bacterial disease,,Meningococcal disease,Sudan (the),SDN,Northern Africa,Africa,"Yei county, Central Equatoria State (South), Yambo county (Western Equatorial State)",,,,,No,No,,,Vaccinated,,,,,2006,9.0,1.0,2006,11.0,18.0,16.0,,231.0,,231.0,,,,,,,"68,8837587123464",,,,
2006-0725-SDN,2006,725,,Natural,Biological,Epidemic,Bacterial disease,,Meningococcal disease,Sudan (the),SDN,Northern Africa,Africa,"Central, Western and Eastern Equatoria, Northern and Eastern Bahar El Gazal, Lakes, Warrab, Jonglie and Unity states",,,,,No,No,,,Vaccinated,,,,,2006,12.0,,2007,3.0,25.0,430.0,,6516.0,,6516.0,,,,,,,"68,8837587123464",,,,
2006-0229-SOM,2006,229,,Natural,Hydrological,Flood,Flash flood,,,Somalia,SOM,Eastern Africa,Africa,Hiraan province,Torrential rain,,,,,,,,Km2,,,,,2006,5.0,1.0,2006,5.0,1.0,5.0,,,,,,,,,,,"68,8837587123464",1,2695,,Hiraan (Adm1). 
2006-0422-SOM,2006,422,,Natural,Hydrological,Flood,Flash flood,,,Somalia,SOM,Eastern Africa,Africa,"Bardhere, Mangay, Tuugarey villages (Jowhar district, Shabelle Dhexe province)",Heavy rains,,,,,,,3845.0,Km2,2.665,45.45,,Shabelle river,2006,8.0,4.0,2006,8.0,9.0,5.0,,2000.0,,2000.0,,,,,,,"68,8837587123464",2,,25704,Jowhar (Adm2). 
2006-0550-SOM,2006,550,,Natural,Hydrological,Flood,Riverine flood,,,Somalia,SOM,Eastern Africa,Africa,"Jowhar district (Shabelle Dhexe province), Banadir district (Banadir province)",Monsoonal rain,,,,,,,22490.0,Km2,3.1,45.44,,,2006,8.0,24.0,2006,10.0,10.0,5.0,,30000.0,,30000.0,,,,,,,"68,8837587123464",2,,25672;25704,"Banadir, Jowhar (Adm2). "
2006-0618-SOM,2006,618,,Natural,Hydrological,Flood,Riverine flood,,,Somalia,SOM,Eastern Africa,Africa,"Belet Weyne, Jalalaqsi districts (Hiraan province), Jowhar district (Shabelle Dhexe province)",Heavy rains,,,,,,21822.0,,Km2,4.64,44.6,,"Juba, Shabele rivers",2006,10.0,26.0,2006,12.0,1.0,52.0,,299000.0,,299000.0,,,,,,,"68,8837587123464",2,,25684;25686;25704,"Belet Weyne, Jalalaqsi, Jowhar (Adm2). "
2006-0624-SOM,2006,624,,Natural,Hydrological,Flood,Riverine flood,,,Somalia,SOM,Eastern Africa,Africa,Gedo province,,,,,,,,,Km2,0.78,39.72,,,2006,10.0,23.0,2006,12.0,19.0,35.0,,155500.0,,155500.0,,,,,,,"68,8837587123464",1,2694,,Gedo (Adm1). 
2006-0665-SOM,2006,665,,Natural,Biological,Epidemic,Parasitic disease,,,Somalia,SOM,Eastern Africa,Africa,Middle Shabella region,,,,,No,No,,,Vaccinated,,,,,2006,12.0,,2006,12.0,,21.0,,,,,,,,,,,"68,8837587123464",,,,
2006-0750-SOM,2006,750,,Natural,Biological,Epidemic,Viral disease,,Rift Valley Fever,Somalia,SOM,Eastern Africa,Africa,"Afgoi, Afmado, Balad, Bardare, Beletweyne, Garbahare, Jalalaxsi, Jilib, Kismayo, Lower Juba, Luuq, Mahas, Warsheikh, Salagale",,,,,No,No,,,Vaccinated,,,,,2006,12.0,19.0,2007,2.0,20.0,51.0,,63.0,,63.0,,,,,,,"68,8837587123464",,,,
2006-0243-SOM,2006,243,,Natural,Biological,Epidemic,,,,Somalia,SOM,Eastern Africa,Africa,"Waamo, Saa'nole villages (Afmadow district)",,,,,No,No,,,Vaccinated,,,,,2006,5.0,,2006,5.0,,12.0,,80.0,,80.0,,,,,,,"68,8837587123464",,,,
2006-0317-SOM,2006,317,,Natural,Biological,Epidemic,,,,Somalia,SOM,Eastern Africa,Africa,Afmadow district,,,,,No,No,,,Vaccinated,,,,,2006,6.0,,2006,6.0,,20.0,,,,,,,,,,,"68,8837587123464",,,,
2006-0670-SOM,2006,670,,Natural,Biological,Epidemic,,,,Somalia,SOM,Eastern Africa,Africa,"Puntland (including Nugal region), Jilib (Lower Juba region), Marerey (Middle Juba region)",,,,,No,No,,,Vaccinated,,,,,2006,9.0,,2006,11.0,,40.0,,5733.0,,5733.0,,,,,,,"68,8837587123464",,,,
2006-0434-SWZ,2006,434,,Natural,Meteorological,Storm,,,,Eswatini,SWZ,Southern Africa,Africa,"Mbabane, Pigg's Peak districts (Hhohho province), Nhlangano town (Mbangweni district, Shiselweni province), Siteki town (Lugongolweni district, Lubombo province), Manzini province",,,,,,,,120.0,Kph,,,,,2006,8.0,1.0,2006,8.0,3.0,1.0,,6535.0,,6535.0,,,,,,,"68,8837587123464",1;2,2784,25948;25954;25960;25988,"Manzini (Adm1). Lugongolweni, Mbabane, Mbangweni, Pigg's Peak (Adm2). "
2006-0711-TCD,2006,711,,Natural,Hydrological,Flood,Riverine flood,,,Chad,TCD,Middle Africa,Africa,"Ndjamena district (Hadjer Lamis province), Sarh district (Barh Koh province), Doba, Bebedjia, Gore districts (Logone Oriental province), Erde-pala district (Mayo-Dala province), Koumra district (Mandoul province)",Heavy rains,,,,,,,,Km2,10.33,15.33,,,2006,9.0,5.0,2006,10.0,17.0,52.0,,,,,,,,,,,"68,8837587123464",2,,65379;65452;65465;65479;65546;65629;65663,"Bebedjia, Doba, Erde-pala, Gore, Koumra, Ndjamena, Sarh (Adm2). "
2006-0639-TCD,2006,639,,Natural,Biological,Epidemic,Bacterial disease,,Cholera,Chad,TCD,Middle Africa,Africa,"Hadjer Lamis department, Barassola, Tinassoroum, Bol Local (Lake Chad regions)",,,,,Yes,Yes,,,Vaccinated,,,,,2006,6.0,13.0,2006,6.0,30.0,20.0,,216.0,,216.0,,,,,,,"68,8837587123464",,,,
2006-0351-TGO,2006,351,,Natural,Hydrological,Flood,,,,Togo,TGO,Western Africa,Africa,"Agoè Zongo, Silidji boroughs (Lomé city, Golfe district, Maritime province)",,,,,,,,,Km2,,,,,2006,6.0,20.0,2006,6.0,28.0,,,2000.0,,2000.0,,,,,,,"68,8837587123464",2,,27394,Golfe (Adm2). 
2006-0255-TZA,2006,255,,Natural,Hydrological,Flood,Riverine flood,,,"Tanzania, United Republic of",TZA,Eastern Africa,Africa,Moshi district (Kilimandjaro province),Heavy rain,,,,,,,12430.0,Km2,-3.33,37.22,,,2006,5.0,9.0,2006,5.0,17.0,,,,19000.0,19000.0,,,,,,,"68,8837587123464",2,,48414,Moshi (Adm2). 
2006-0624-TZA,2006,624,,Natural,Hydrological,Flood,Riverine flood,,,"Tanzania, United Republic of",TZA,Eastern Africa,Africa,"Shinyanga, Dodoma, Iringa, Mwanza, Tabora, Mbeya provinces",Heavy rain,,,,,,,,Km2,,,,,2006,10.0,23.0,2006,12.0,19.0,,28.0,,2500.0,2528.0,,,,,,,"68,8837587123464",1,48359;48367;48380;115003;115006;115009,,"Dodoma, Iringa, Mbeya, Mwanza, Shinyanga, Tabora (Adm1). "
2006-0235-TZA,2006,235,,Natural,Biological,Epidemic,Bacterial disease,,Cholera,"Tanzania, United Republic of",TZA,Eastern Africa,Africa,"Dae Essalem, Kigoma, Mbeya, Manyara, Rukwa, Ruvuma, Tanaga regions and Zanzibar",,,,,No,No,,,Vaccinated,,,,,2006,1.0,2.0,2006,4.0,30.0,15.0,,300.0,,300.0,,,,,,,"68,8837587123464",,,,
2006-0440-TZA,2006,440,,Natural,Biological,Epidemic,Bacterial disease,,Cholera,"Tanzania, United Republic of",TZA,Eastern Africa,Africa,"Zanzibar municipality, Pemba and Unguja Islands",,,,,No,No,,,Vaccinated,,,,,2006,8.0,,2006,8.0,,50.0,,106.0,,106.0,,,,,,,"68,8837587123464",,,,
2006-0635-TZA,2006,635,,Natural,Biological,Epidemic,Bacterial disease,,Cholera,"Tanzania, United Republic of",TZA,Eastern Africa,Africa,Dar es Salaam,,,,,No,No,,,Vaccinated,,,,,2006,11.0,,2006,11.0,,5.0,,820.0,,820.0,,,,,,,"68,8837587123464",,,,
2006-0717-TZA,2006,717,,Natural,Biological,Epidemic,Viral disease,,,"Tanzania, United Republic of",TZA,Eastern Africa,Africa,Micheweni district (Pemba Isl.),,,,,No,No,,,Vaccinated,,,,,2006,12.0,,2006,12.0,,,,184.0,,184.0,,,,,,,"68,8837587123464",,,,
2006-0722-TZA,2006,722,,Natural,Biological,Insect infestation,Worms,,,"Tanzania, United Republic of",TZA,Eastern Africa,Africa,"Iringa, Dodoma, Singida, Manyara, Morogoro, Lindi (Central and Southern Tanzania",,,,,No,No,,,,,,,,2006,1.0,,2006,2.0,,,,,,,,,,,,,"68,8837587123464",,,,
2006-0462-UGA,2006,462,,Natural,Hydrological,Flood,Riverine flood,,,Uganda,UGA,Eastern Africa,Africa,"Bumufuni village (Bunambutye area, Budadiri district, Sironko province), Kapkwot village (Ngenge area, Tingey district, Kapchorwa province)",Heavy rain,,,,,,,4050.0,Km2,1.38,34.28,,"Ngenge, Atari",2006,8.0,12.0,2006,8.0,21.0,3.0,,1680.0,,1680.0,,,,,,,"68,8837587123464",2,,28477;42205,"Budadiri, Tingey (Adm2). "
2006-0624-UGA,2006,624,,Natural,Hydrological,Flood,Riverine flood,,,Uganda,UGA,Eastern Africa,Africa,"Kumi, Kayunga, Mukono, Kabale, Kisoro, Butaleja, Kaliro, Kampala provinces",Heavy rain,,,,,,,,Km2,0.78,39.72,,,2006,10.0,23.0,2006,12.0,19.0,,,4000.0,,4000.0,,,,,,,"68,8837587123464",1,1261;1367;3115;3125;42182;42185;47071;47075,,"Butaleja, Kabale, Kaliro, Kampala, Kayunga, Kisoro, Kumi, Mukono (Adm1). "
2006-0679-UGA,2006,679,,Natural,Biological,Epidemic,Bacterial disease,,Cholera,Uganda,UGA,Eastern Africa,Africa,"Northern, Western regions and Kawempe, Makindye, Rubaga, Central, Nakawa, Wasiko (Kampala)",,,,,No,No,,,Vaccinated,,,,,2006,4.0,16.0,2006,12.0,31.0,43.0,,403.0,,403.0,,,,,,,"68,8837587123464",,,,
2006-0720-UGA,2006,720,,Natural,Biological,Epidemic,Bacterial disease,,Meningoccal disease,Uganda,UGA,Eastern Africa,Africa,"Arua/marcha-Terego, Yumbe, Moyo, Koboko, Adjumani, Nebby, Karamoja, Kotido, Moroto, Nakapiripit districts",,,,,No,No,,,Vaccinated,,,,,2006,12.0,28.0,2007,4.0,8.0,100.0,,3649.0,,3649.0,,,,,,,"68,8837587123464",,,,
2006-0724-UGA,2006,724,,Natural,Biological,Epidemic,Bacterial disease,,Meningococcal disease,Uganda,UGA,Eastern Africa,Africa,Gulu and other districts,,,,,No,No,,,Vaccinated,,,,,2006,1.0,9.0,2006,3.0,5.0,49.0,,551.0,,551.0,,,,,,,"68,8837587123464",,,,
2006-0753-UGA,2006,753,,Natural,Biological,Epidemic,Bacterial disease,,Cholera,Uganda,UGA,Eastern Africa,Africa,"Kawempe, Makindye, Rubaga, Central, Nakawa, Wasiko (Kamapal city divisions)",,,,,No,No,,,Vaccinated,,,,,2006,12.0,,2007,3.0,,11.0,,1099.0,,1099.0,,,,,,,"68,8837587123464",,,,
2006-0181-ZAF,2006,181,,Natural,Hydrological,Flood,Riverine flood,,,South Africa,ZAF,Southern Africa,Africa,"Taung town (Greater Taung area, Dr Ruth Segomotsi Mompati district, North West province)",Heavy rain,,,,,,,2500.0,Km2,-27.44,24.83,,,2006,3.0,26.0,2006,3.0,30.0,6.0,,4160.0,,4160.0,127548.0,185164.0,,,71000.0,103072.0,"68,8837587123464",2,,77348,Dr Ruth Segomotsi Mompati District Municipality (Adm2). 
2006-0431-ZAF,2006,431,,Natural,Hydrological,Flood,Riverine flood,,,South Africa,ZAF,Southern Africa,Africa,"Eastern Cape, Western Cape provinces",Heavy rain,,,,,,,21840.0,Km2,-33.538,26.3,,Chatty river,2006,8.0,2.0,2006,8.0,4.0,6.0,,3000.0,,3000.0,,,,,145000.0,210500.0,"68,8837587123464",1,2714;77310,,"Eastern Cape, Western Cape (Adm1). "
2006-0145-COD,2006,145,,Natural,Hydrological,Flood,Riverine flood,,,Congo (the Democratic Republic of the),COD,Middle Africa,Africa,Lukaya district (Bas-Congo province),Heavy rains,,,,,,,,Km2,,,,,2006,2.0,18.0,2006,2.0,20.0,,,3870.0,,3870.0,,,,,,,"68,8837587123464",2,,14966,Lukaya (Adm2). 
2006-0673-COD,2006,673,,Natural,Hydrological,Flood,Riverine flood,,,Congo (the Democratic Republic of the),COD,Middle Africa,Africa,"Bumba area (Mongala district, Equateur province)",Heavy rains,,,,,,,,Km2,,,,,2006,12.0,,2006,12.0,,,,,3600.0,3600.0,,,,,,,"68,8837587123464",2,,14970,Mongala (Adm2). 
2007-0095-MDG,2007,95,TC-2007-000035,Natural,Meteorological,Storm,Tropical cyclone,,Indhala,Madagascar,MDG,Eastern Africa,Africa,"Diana, Sava, Sofia, Analanjirofo provinces",,Flood,"Slide (land, mud, snow, rock)",Yes,Yes,,18703.0,230.0,Kph,-14.84,49.94,,,2007,3.0,15.0,2007,3.0,17.0,80.0,16.0,203182.0,12000.0,215198.0,,,,,240000.0,338750.0,"70,848792703253",1,41753;41762;41768;41769,,"Analanjirofo, Diana, Sava, Sofia (Adm1). "
2007-0085-REU,2007,85,,Natural,Meteorological,Storm,Tropical cyclone,,Gamède,Réunion,REU,Eastern Africa,Africa,"Arrondissement du vent, Arrondissement sous le vent provinces",,"Slide (land, mud, snow, rock)",,,,,,205.0,Kph,,,,,2007,2.0,25.0,2007,2.0,25.0,2.0,90.0,,,90.0,,,,,,,"70,848792703253",1,2590;2591,,"Arrondissement du vent, Arrondissement souse le vent (Adm1). "
2007-0020-MOZ,2007,20,,Natural,Hydrological,Flood,Riverine flood,,,Mozambique,MOZ,Eastern Africa,Africa,"Buzi, Grudja areas (Buzi district, Sofala province), Caia, Sena areas (Caia district, Sofala province), Gurue, Quelimane, Namacurra, Mocuba, Maganja da Costa, Mopeia, Chinde, Nicoadala, Morrumbala districts (Zambezia province), Tambara, Guro, Sussundenga districts (Manica province), Marromeu, Chemba, Chibabava, Cidade da Beira districts (Sofala province), Mutarara, Zumbo, Chuita, Moatize, Magoe, Cahora Bassa, Changara districts (Tete province), Moma, Mogovolas districts (Nampula province)",Heavy rains,Rain,,,,,47505.0,,Km2,-17.47,35.15,,Zambeze,2007,1.0,17.0,2007,2.0,,29.0,,285000.0,,285000.0,,,,,71000.0,100213.0,"70,848792703253",2,,21874;21879;21880;21897;21898;21922;21923;21924;21926;21931;21935;21936;21938;21940;21942;21943;21945;21946;21948;21952;21954;21956;21957;21958;21960;65263;65266,"Buzi, Cahora Bassa, Caia, Changara, Chemba, Chibabava, Chinde, Chiuta, Cidade da Beira, Cidade de Quelimane, Guro, Gurue, Maganja da Costa, Magoe, Marromeu, Moatize, Mocuba, Mogovolas, Moma, Mopeia, Morrumbala, Mutarara, Namacurra, Nicoadala, Sussundenga, Tambara, Zumbu (Adm2). "
2007-0032-MDG,2007,32,TC-2007-000006,Natural,Meteorological,Storm,Tropical cyclone,,Clovis,Madagascar,MDG,Eastern Africa,Africa,"Mananjary, Nosy-Varika districts (Vatovavy Fitovinany province)",,Flood,,,,,,90.0,Kph,,,,,2007,1.0,3.0,2007,1.0,3.0,1.0,,7313.0,,7313.0,,,,,,,"70,848792703253",2,,154614;154615,"Mananjary, Nosy-Varika (Adm2). "
2007-0069-MDG,2007,69,,Natural,Hydrological,Flood,Coastal flood,,,Madagascar,MDG,Eastern Africa,Africa,"Antananarivo I, Antananarivo II, Antananarivo III, Antananarivo IV, Antananarivo V, Antananarivo VI, Antananarivo Atsimondrano, Antananarivo Avaradrano districts (Analamanga province)",Heavy rains and cyclones,,,,,,,438800.0,Km2,-18.49,46.34,,,2007,2.0,8.0,2007,2.0,8.0,7.0,,33000.0,,33000.0,,,,,,,"70,848792703253",2,,123870;123871;123872;123873;123874;123875;154522;154523,"Antananarivo Atsimondrano, Antananarivo Avaradrano, Antananarivo I, Antananarivo II, Antananarivo III, Antananarivo IV, Antananarivo V, Antananarivo VI (Adm2). "
2007-0136-MDG,2007,136,,Natural,Meteorological,Storm,Tropical cyclone,,Jaya,Madagascar,MDG,Eastern Africa,Africa,Sambava district (Sava province),,,,,,,,,Kph,,,,,2007,4.0,4.0,2007,4.0,4.0,3.0,,,,,,,,,,,"70,848792703253",2,,154597,Sambava (Adm2). 
2007-0034-MOZ,2007,34,,Natural,Hydrological,Flood,Riverine flood,,,Mozambique,MOZ,Eastern Africa,Africa,"Cidade de Quelimane, Namacurra districts (Zambezia province)",Torrential rains,,,,,,,,Km2,,,,,2007,1.0,20.0,2007,1.0,23.0,5.0,,,3500.0,3500.0,,,,,,,"70,848792703253",2,,21958;65266,"Cidade de Quelimane, Namacurra (Adm2). "
2007-0080-MOZ,2007,80,,Natural,Meteorological,Storm,Tropical cyclone,,Favio,Mozambique,MOZ,Eastern Africa,Africa,Vilankulo district (Inhambane province),,,,,,,,180.0,Kph,,,,,2007,2.0,22.0,2007,2.0,22.0,10.0,70.0,162700.0,,162770.0,,,,,,,"70,848792703253",2,,21870,Vilankulo (Adm2). 
2007-0085-MUS,2007,85,,Natural,Meteorological,Storm,Tropical cyclone,,Gamède,Mauritius,MUS,Eastern Africa,Africa,"Black River, Flacq, Grand Port, Moka, Pamplemousses, Plaines Wiljems, Port Louis, Riviere Du Rempart, Savanne provinces",,,,,,,,,Kph,,,,,2007,2.0,25.0,2007,2.0,25.0,2.0,,,,,,,,,,,"70,848792703253",1,2018;2019;2020;2021;2022;2023;2024;2025;2026,,"Black River, Flacq, Grand Port, Moka, Pamplemousses, Plaines Wilhems, Port Louis, Riviere Du Rempart, Savanne (Adm1). "
2007-0008-MWI,2007,8,FL-2007-000018,Natural,Hydrological,Flood,Riverine flood,,,Malawi,MWI,Eastern Africa,Africa,"Chikwawa, Nsanje districts (Southern Region province)",Heavy rains,,,,,,,,Km2,-17.47,35.15,,"Shire , Ruo river",2007,1.0,8.0,2007,1.0,8.0,2.0,,17060.0,659.0,17719.0,,,,,,,"70,848792703253",2,,19322;19328,"Chikwawa, Nsanje (Adm2). "
2007-0040-MWI,2007,40,,Natural,Hydrological,Flood,Riverine flood,,,Malawi,MWI,Eastern Africa,Africa,Karonga district (Northern Region province),Heavy rain,,,,,,,,Km2,-10.62,32.59,,,2007,1.0,20.0,2007,3.0,10.0,,,,2000.0,2000.0,,,,,,,"70,848792703253",2,,19317,Karonga (Adm2). 
2007-0075-NAM,2007,75,,Natural,Hydrological,Flood,Riverine flood,,,Namibia,NAM,Southern Africa,Africa,Caprivi province,Excessive rains,,,,,,,,Km2,12.95,24.37,,,2007,1.0,10.0,2007,5.0,10.0,7.0,,15000.0,,15000.0,,,,,,,"70,848792703253",1,2137,,Caprivi (Adm1). 
2007-0076-NAM,2007,76,FL-2007-000030,Natural,Biological,Epidemic,Bacterial disease,,Cholera,Namibia,NAM,Southern Africa,Africa,"Kunene, Omusati",,,,,No,No,,,Vaccinated,,,,,2007,2.0,,2007,2.0,,7.0,,250.0,,250.0,,,,,,,"70,848792703253",,,,
2007-0059-RWA,2007,59,,Natural,Hydrological,Flood,Riverine flood,,,Rwanda,RWA,Eastern Africa,Africa,"Rubavu, Nyabihu districts (West/Iburengerazuba province)",Heavy rain,,,,,,,1340.0,Km2,-1.73,29.48,,Sebeya river,2007,2.0,3.0,2007,2.0,16.0,10.0,,500.0,,500.0,,,,,9.0,13.0,"70,848792703253",2,,21991;21998,"Nyabihu, Rubavu (Adm2). "
2007-0113-TZA,2007,113,,Natural,Biological,Epidemic,Viral disease,,Rift Valley Fever,"Tanzania, United Republic of",TZA,Eastern Africa,Africa,"Arusha, Tanga, Manyara, Dodoma, Singida, Morogoro, Dar Es Salaam, Iringa, Pwani regions",,,,,No,No,,,Vaccinated,,,,,2007,1.0,13.0,2007,5.0,3.0,109.0,,264.0,,264.0,,,,,,,"70,848792703253",,,,
2005-9403-ZMB,2005,9403,,Natural,Climatological,Drought,Drought,,,Zambia,ZMB,Eastern Africa,Africa,"Southern, Western provinces",,Food shortage,,,,,,,Km2,,,,,2005,6.0,,2005,11.0,,,,1200000.0,,1200000.0,,,,,,,"66,7310579862028",1,3433;3434,,"Southern, Western (Adm1). "
2005-0815-ZMB,2005,815,,Natural,Hydrological,Flood,Riverine flood,,,Zambia,ZMB,Eastern Africa,Africa,Kazungula district (Southern province),Heavy rains,,,,,,,,Km2,,,,"Zambia, Kasaya, Ngwezi rivers",2005,11.0,,2005,11.0,,,,4000.0,,4000.0,,,,,,,"66,7310579862028",2,,65232,Kazungula (Adm2). 
2005-0712-ZMB,2005,712,,Natural,Biological,Epidemic,Bacterial disease,,Cholera,Zambia,ZMB,Eastern Africa,Africa,"Lusaka, Kabwe, Chihombo, Kapiri Mposhi, Mufulira, Kasempa, Copperbelt, Central, Eastern, Luampala, North Western, Western (Lusaka, Central, Copperbelt, Southern, Luapula, Eastern provinces)",,,,,No,No,,,Vaccinated,,,,,2005,8.0,13.0,2006,4.0,5.0,21.0,,7615.0,,7615.0,,,,,,,"66,7310579862028",,,,
2005-0404-ZWE,2005,404,,Natural,Biological,Epidemic,Bacterial disease,,Cholera,Zimbabwe,ZWE,Eastern Africa,Africa,Eastern,,,,,No,No,,,Vaccinated,,,,,2005,5.0,,2005,6.0,,14.0,,203.0,,203.0,,,,,,,"66,7310579862028",,,,
2005-0726-ZWE,2005,726,,Natural,Biological,Epidemic,Bacterial disease,,Cholera,Zimbabwe,ZWE,Eastern Africa,Africa,"Chikomba, Buhera, Harare, Manicaland, Mashonaland Central, East and West, Masvingo, Midlands",,,,,No,No,,,Vaccinated,,,,,2005,12.0,10.0,2006,5.0,18.0,73.0,,980.0,,980.0,,,,,,,"66,7310579862028",,,,
2006-0060-COD,2006,60,,Natural,Biological,Epidemic,Bacterial disease,,Cholera,Congo (the Democratic Republic of the),COD,Middle Africa,Africa,North Katanga,,,,,No,No,,,Vaccinated,,,,,2006,1.0,,2006,1.0,,34.0,,770.0,,770.0,,,,,,,"68,8837587123464",,,,
2006-0144-COD,2006,144,,Natural,Biological,Epidemic,Bacterial disease,,Cholera,Congo (the Democratic Republic of the),COD,Middle Africa,Africa,"Uvira, Fizzi (South Kivu)",,,,,No,No,,,Vaccinated,,,,,2006,1.0,6.0,2006,1.0,31.0,13.0,,948.0,,948.0,,,,,,,"68,8837587123464",,,,
2006-0186-COD,2006,186,,Natural,Biological,Epidemic,Bacterial disease,,,Congo (the Democratic Republic of the),COD,Middle Africa,Africa,Tandembelo (Bandundu province),,,,,No,No,,,Vaccinated,,,,,2006,4.0,,2006,4.0,,20.0,,16.0,,16.0,,,,,,,"68,8837587123464",,,,
2006-0290-COD,2006,290,,Natural,Biological,Epidemic,Bacterial disease,,,Congo (the Democratic Republic of the),COD,Middle Africa,Africa,Ituri (Oriental province),,,,,No,No,,,Vaccinated,,,,,2006,5.0,13.0,2006,6.0,18.0,19.0,,81.0,,81.0,,,,,,,"68,8837587123464",,,,
2006-0551-COD,2006,551,,Natural,Biological,Epidemic,Bacterial disease,,,Congo (the Democratic Republic of the),COD,Middle Africa,Africa,Haut Uele district (Oriental province),,,,,No,No,,,Vaccinated,,,,,2006,7.0,31.0,2006,10.0,8.0,42.0,,584.0,,584.0,,,,,,,"68,8837587123464",,,,
2006-0730-COD,2006,730,,Natural,Biological,Epidemic,Bacterial disease,,Cholera,Congo (the Democratic Republic of the),COD,Middle Africa,Africa,"Kadutu, Bagira, Ibanda (Bukavu)",,,,,No,No,,,Vaccinated,,,,,2006,10.0,,2006,11.0,,10.0,,246.0,,246.0,,,,,,,"68,8837587123464",,,,
2006-0558-COD,2006,558,,Natural,Biological,Epidemic,Viral disease,,Hepatitis E,Congo (the Democratic Republic of the),COD,Middle Africa,Africa,Equateur province,,,,,No,No,,,Vaccinated,,,,,2006,7.0,,2006,10.0,,13.0,,341.0,,341.0,,,,,,,"68,8837587123464",,,,
2006-0634-ZMB,2006,634,,Natural,Biological,Epidemic,Bacterial disease,,Cholera,Zambia,ZMB,Eastern Africa,Africa,"Lusaka, Central, Copper Belt, Eastern, Luapula, North-Western, Southern provinces",,,,,No,No,,,Vaccinated,,,,,2006,10.0,15.0,2006,11.0,,5.0,,105.0,,105.0,,,,,,,"68,8837587123464",,,,
2007-0590-COG,2007,590,FL-2007-000206,Natural,Hydrological,Flood,Riverine flood,,,Congo (the),COG,Middle Africa,Africa,"Tsiémé, Mikalou, Nkombo, Moungali, Yoro, Ngamakosso, Poto-Poto, Massengo, Ma Mnoualé, Mfilou, Tagai boroughs (Brazzaville district, Brazzaville province), Pointe-Noire district (Pointe-Noire province)",Heavy rain,"Slide (land, mud, snow, rock)",,,,,,,Km2,,,,,2007,10.0,26.0,2007,10.0,26.0,,,20000.0,5000.0,25000.0,,,,,,,"70,848792703253",2,,190475;190486,"Brazzaville, Pointe-Noire (Adm2). "
2007-0449-DZA,2007,449,,Natural,Hydrological,Flood,Flash flood,,,Algeria,DZA,Northern Africa,Africa,"M'Sila, Ain-Defla, Tiaret, Tissemsilt, Chlef, Medea, Blida, Tipaza, Alger, Boumerdes, Tizi Ouzou, Bouira, Bejaia, Jijel, Bordj Bou Arrer, Setif, Khenchela, Tebessa, Djelfa province","Heavy rains, violent storms",Rain,,,,,,78590.0,Km2,34.95,5.79,,"Mesrane, Mita",2007,9.0,21.0,2007,9.0,24.0,18.0,,,,,,,,,29500.0,41638.0,"70,848792703253",1,342;344;348;350;351;352;353;354;356;363;364;367;370;377;382;384;385;386;387,,"Ain-Defla, Alger, Bejaia, Blida, Bordj Bou Arrer, Bouira, Boumerdes, Chlef, Djelfa, Jijel, Khenchela, M'Sila, Medea, Setif, Tebessa, Tiaret, Tipaza, Tissemsilt, Tizi Ouzou (Adm1). "
2007-0539-BDI,2007,539,,Natural,Hydrological,Flood,,,,Burundi,BDI,Eastern Africa,Africa,"Bujumbura Mairie, Bujumbura Rural, Cibitoke, Bururi provinces",,Flood,,,,,,,Km2,,,,,2007,10.0,15.0,2007,10.0,31.0,1.0,6.0,2695.0,,2701.0,,,,,,,"70,848792703253",1,40543;40544;40545;40547,,"Bujumbura Mairie, Bujumbura Rural, Bururi, Cibitoke (Adm1). "
2007-0114-COD,2007,114,,Natural,Biological,Epidemic,Bacterial disease,,Meningococcal disease,Congo (the Democratic Republic of the),COD,Middle Africa,Africa,"Adi, Adja, Ariwara, Aru, Laybo (Orientale province)",,,,,No,No,,,Vaccinated,,,,,2007,1.0,1.0,2007,2.0,24.0,6.0,,47.0,,47.0,,,,,,,"70,848792703253",,,,
2007-0010-ZMB,2007,10,,Natural,Hydrological,Flood,Riverine flood,,,Zambia,ZMB,Eastern Africa,Africa,"North-Western, Copperbelt, Western, Central provinces",Torrential rain,,,,,,1929.0,290.0,Km2,-12.95,24.37,,Zambezi tributaries,2007,1.0,10.0,2007,5.0,10.0,4.0,,1400000.0,,1400000.0,,,,,,,"70,848792703253",1,3426;3427;3431;3434,,"Central, Copperbelt, North-Western, Western (Adm1). "
2007-0040-ZMB,2007,40,,Natural,Hydrological,Flood,Riverine flood,,,Zambia,ZMB,Eastern Africa,Africa,"Chama, Mambwe districts (Eastern province), Kapiri-Mposhi district (Central province)",Heavy rains,,,,,,,,Km2,-10.62,32.59,,,2007,1.0,20.0,2007,3.0,10.0,,,118755.0,,118755.0,,,,,,,"70,848792703253",2,,65176;65191;65195,"Chama, Kapiri-Mposhi, Mambwe (Adm2). "
2007-0057-ZMB,2007,57,,Natural,Biological,Epidemic,Bacterial disease,,Cholera,Zambia,ZMB,Eastern Africa,Africa,Lusaka,After flood,,,,No,No,,,Vaccinated,,,,,2007,2.0,,2007,2.0,,5.0,,115.0,,115.0,,,,,,,"70,848792703253",,,,
2007-0080-ZWE,2007,80,,Natural,Meteorological,Storm,Tropical cyclone,,Favio,Zimbabwe,ZWE,Eastern Africa,Africa,"Vumba, Odzi, Marange areas (Mutare district, Manicaland province), Penhalonga, Stapleford villages (Mutasa district, Manicaland province), Chimanimani town (Chimanimani district, Manicaland province)",,,,,,,,,Kph,,,,,2007,2.0,27.0,2007,2.0,27.0,,,,,,,,,,1200.0,1694.0,"70,848792703253",2,,33054;33058;61704,"Chimanimani, Mutare, Mutasa (Adm2). "
2007-0659-AGO,2007,659,,Natural,Biological,Epidemic,,,Unknown,Angola,AGO,Middle Africa,Africa,Cacuaco municipality,,,,,No,No,,,Vaccinated,,,,,2007,10.0,2.0,2007,11.0,29.0,,,468.0,,468.0,,,,,,,"70,848792703253",,,,
2007-0477-BEN,2007,477,FL-2007-000477,Natural,Hydrological,Flood,Riverine flood,,,Benin,BEN,Western Africa,Africa,"Atakora, Donga, Borgou, Alibori, Atlantique, Littoral, Mono, Couffo, Oueme, Plateau, Zou, Collines province",Heavy rains,,,,,,,,Km2,,,,,2007,7.0,,2007,9.0,,10.0,,10000.0,884.0,10884.0,,,,,,,"70,848792703253",1,609;610;611;612;613;614;615;616;617;618;619;620,,"Alibori, Atakora, Atlantique, Borgou, Collines, Couffo, Donga, Littoral, Mono, Oueme, Plateau, Zou (Adm1). "
2007-0305-BFA,2007,305,FL-2007-000132,Natural,Hydrological,Flood,Riverine flood,,,Burkina Faso,BFA,Western Africa,Africa,"Kouritenga district (Centre-est province), Oubritenga district (Plateau Central province), Kadiogo district (Centre province), Houet district (Hauts-bassins province), Zondoma, Yatenga, Passore, Loroum districts (Nord province), Bam, Namentenga, Sanmatenga districts (Centre-Nord), Zoundweogo, Nahouri districts (Centre-Sud), Sahel province",Heavy rain,,,Yes,Yes,,,2435.0,Km2,11.45,-4.39,,,2007,7.0,26.0,2007,10.0,10.0,52.0,73.0,92970.0,28000.0,121043.0,6000.0,8469.0,,,,,"70,848792703253",1;2,40287,154450;154453;154454;154455;154456;154462;154463;154469;154472;154473;154474;154475;154478,"Sahel (Adm1). Bam, Houet, Kadiogo, Kouritenga, Loroum, Nahouri, Namentenga, Oubritenga, Passore, Sanmatenga, Yatenga, Zondoma, Zoundweogo (Adm2). "
2007-0455-CAF,2007,455,FL-2007-000174,Natural,Hydrological,Flood,Riverine flood,,,Central African Republic,CAF,Middle Africa,Africa,"Bangui district (Nagui province), Bossangoa district (Ouham province)",Heavy rains,,,,,,,,Km2,,,,,2007,7.0,,2007,8.0,11.0,1.0,,6000.0,1812.0,7812.0,,,,,,,"70,848792703253",2,,12894;67155,"Bangui, Bossangoa (Adm2). "
2007-0428-CIV,2007,428,FL-2007-000130,Natural,Hydrological,Flood,Riverine flood,,,Côte dIvoire,CIV,Western Africa,Africa,"Agboville city (Agneby-Tiassa district, Lagunes province)",Heavy rain,,,,,,,,Km2,,,,,2007,7.0,27.0,2007,7.0,27.0,,,2000.0,,2000.0,,,,,,,"70,848792703253",2,,16846,Agneby-Tiassa (Adm2). 
2007-0400-CMR,2007,400,FL-2007-000149,Natural,Hydrological,Flood,,,,Cameroon,CMR,Middle Africa,Africa,"Mokolo area (Mayo-Tsanaga district, Extrême - Nord province), Kolofata area (Mayo-Sava district, Extrême - Nord province)",Heavy rains,,,,,,,,Km2,,,,,2007,8.0,2.0,2007,8.0,17.0,8.0,17.0,,10279.0,10296.0,,,,,,,"70,848792703253",2,,12485;12486,"Mayo-Sava, Mayo-Tsanaga (Adm2). "
2007-0437-COM,2007,437,,Natural,Biological,Epidemic,Bacterial disease,,Cholera,Comoros (the),COM,Eastern Africa,Africa,"Moroni, Fombouni, Foumbouni, Ouzioini, Mitsamiouli, Oichili, Mbeni, Mitsoudje (Grande Comore Isl.), Fomboni, Wanani, Nioumachioi (Moheli), Anjouan Isl.",,,,,No,No,,,Vaccinated,,,,,2007,3.0,,2007,9.0,,29.0,,1490.0,,1490.0,,,,,,,"70,848792703253",,,,
2007-0724-DJI,2007,724,,Natural,Biological,Epidemic,Bacterial disease,,Cholera,Djibouti,DJI,Eastern Africa,Africa,"Djibouti city, Dikhil, Tadjourah, Obock, As Eyla, Yoboki, Tafj",Poor sanitation and hygiene conditions,,,Yes,Yes,Yes,,,Vaccinated,,,,,2007,1.0,,2007,11.0,,6.0,,562.0,,562.0,,,,,,,"70,848792703253",,,,
2007-9676-DJI,2007,9676,,Natural,Climatological,Drought,Drought,,,Djibouti,DJI,Eastern Africa,Africa,NO DATA: all country selected,,,,,,,,,Km2,,,,,2007,1.0,,2007,1.0,,,,42750.0,,42750.0,,,,,,,"70,848792703253",1,1093;1094;1095;1096;1097,,"Ali Sabieh, Dikhil, Djibouti, Obock, Tadjourah (Adm1). "
2007-0344-DZA,2007,344,,Natural,Hydrological,Flood,Coastal flood,,,Algeria,DZA,Northern Africa,Africa,Mostaganem province,Unknown,,,,,,,,Km2,,,,,2007,8.0,3.0,2007,8.0,3.0,12.0,,,,,,,,,,,"70,848792703253",1,369,,Mostaganem (Adm1). 
2007-0353-DZA,2007,353,,Natural,Hydrological,Flood,Riverine flood,,,Algeria,DZA,Northern Africa,Africa,"Ech Chaiba, Ouled Djellal districts (Biskra province)",Heavy rain,,,,,,,,Km2,,,,,2007,8.0,12.0,2007,8.0,12.0,1.0,2.0,100.0,,102.0,,,,,,,"70,848792703253",2,,37936;37952,"Ech Chaiba, Ouled Djellal (Adm2). "
2007-0568-DZA,2007,568,,Natural,Hydrological,Flood,Riverine flood,,,Algeria,DZA,Northern Africa,Africa,"Bab El Oued, Bologhine Ibn Ziri, Bains Romains, Rais Hamidou, Bouzareah, Tassala El Merdja districts (Alger province), Bou Ismail district (Tipaza province), Dellys, Sidi Daoud districts (Boumerdes province), Oran district (Oran province), Tizi Ouzou, Blida provinces",Heavy rains,,,,,,,21400.0,Km2,36.75,2.96,,Beni Messous,2007,11.0,24.0,2007,12.0,2.0,14.0,3.0,1200.0,,1203.0,,,,,,,"70,848792703253",1;2,350;387,37726;37729;37737;37741;37770;37778;38075;38088;38635;39006,"Blida, Tizi Ouzou (Adm1). Bab El Oued, Bains Romains, Bologhine Ibn Ziri, Bou Ismail, Bouzareah, Dellys, Oran, Rais Hamidou, Sidi Daoud, Tassala El Merdja (Adm2). "
2007-0670-DZA,2007,670,,Natural,Climatological,Wildfire,Forest fire,,,Algeria,DZA,Northern Africa,Africa,Tzarifet forest (Tlemcen province),Heat wave,,,,,,,,Km2,,,,,2007,9.0,,2007,9.0,,8.0,,,,,,,,,,,"70,848792703253",1,388,,Tlemcen (Adm1). 
2007-0363-ETH,2007,363,,Natural,Geophysical,Volcanic activity,Ash fall,,Mount Arteale,Ethiopia,ETH,Eastern Africa,Africa,"Dayulu (Zone 1 district, Afar province), Gomoyta (Zone 4 district, Afar province)",,,,,,,,,,12.17,40.82,,,2007,8.0,12.0,2007,8.0,12.0,5.0,,2000.0,,2000.0,,,,,,,"70,848792703253",2,,40788;40790,"Zone 1, Zone 4 (Adm2). "
2007-0273-ETH,2007,273,,Natural,Hydrological,Flood,Riverine flood,,,Ethiopia,ETH,Eastern Africa,Africa,South Omo district (SNNPR province),Heavy rain,,,,,,,19510.0,Km2,5.45,37.12,,Wotio,2007,6.0,6.0,2007,7.0,11.0,,,5800.0,,5800.0,,,,,,,"70,848792703253",2,,40839,South Omo (Adm2). 
2007-0304-ETH,2007,304,EP-2007-000142,Natural,Hydrological,Flood,Riverine flood,,,Ethiopia,ETH,Eastern Africa,Africa,"Gambela, Amhara, SNNPR, Addis Ababa, Afar, Tigray, Somali provinces",Heavy rain,,,,,,,79620.0,Km2,8.33,34.5,,Tributaries of Baro and Gilo rivers,2007,7.0,29.0,2007,10.0,5.0,17.0,,239586.0,,239586.0,,,,,,,"70,848792703253",1,1227;1228;1229;1232;1236;1237;47679,,"Addis Ababa, Afar, Amhara, Gambela, SNNPR, Somali, Tigray (Adm1). "
2007-0453-GAB,2007,453,,Natural,Biological,Epidemic,Viral disease,,Chikungunya,Gabon,GAB,Middle Africa,Africa,"Libreville, Owendo",,,,,No,No,,,Vaccinated,,,,,2007,5.0,10.0,2007,7.0,1.0,,,17900.0,,17900.0,,,,,,,"70,848792703253",,,,
2007-0441-GHA,2007,441,FL-2007-000153,Natural,Hydrological,Flood,Riverine flood,,,Ghana,GHA,Western Africa,Africa,"Builsa North, Builsa South, Bolgatanga Municipal, Bongo, Garu Tempane, Talensi, Kasena Nankana East, Kasena Nankana West, Bawku Municipal, Bawku West districts (Upper East province), Upper West, Northern, Western provinces",Heavy rains,,,Yes,Yes,Yes,,,Km2,,,,,2007,8.0,10.0,2007,10.0,10.0,56.0,,332600.0,,332600.0,,,,,,,"70,848792703253",1;2,1329;1331;1333,16640;16642;190546;190547;190551;190553;190689;190691;190692;190695,"Northern, Upper West, Western (Adm1). Bawku Municipal, Bawku West, Bolgatanga Municipal, Bongo, Builsa North, Builsa South, Garu Tempane, Kasena Nankana East, Kasena Nankana West, Talensi (Adm2). "
2007-0515-GIN,2007,515,,Natural,Hydrological,Flood,Riverine flood,,,Guinea,GIN,Western Africa,Africa,Mamou district (Mamou province),,,,,,,,,Km2,,,,,2007,9.0,,2007,9.0,,,,20685.0,,20685.0,,,,,,,"70,848792703253",2,,40738,Mamou (Adm2). 
2007-0423-GIN,2007,423,,Natural,Biological,Epidemic,Bacterial disease,,Cholera,Guinea,GIN,Western Africa,Africa,,,,,,No,No,,,Vaccinated,,,,,2007,1.0,,2007,8.0,,90.0,,2410.0,,2410.0,,,,,,,"70,848792703253",,,,
2007-0399-GMB,2007,399,FF-2007-000133,Natural,Hydrological,Flood,Riverine flood,,,Gambia (the),GMB,Western Africa,Africa,"Sinchu Balla village (Niamina East district, Central River province)",Heavy rains,,,,,,,,Km2,,,,,2007,7.0,18.0,2007,7.0,19.0,,,300.0,,300.0,,,,,,,"70,848792703253",2,,16410,Niamina East (Adm2). 
2008-9200-ETH,2008,9200,DR-2008-000043,Natural,Climatological,Drought,Drought,,,Ethiopia,ETH,Eastern Africa,Africa,"Oromia, Somali, Amhara, Afar, Tigray, SNNPR provinces","Heavy drought, weak reany season, loss of animals, food shortages and increase of prices",Famine,Food shortage,,,,,,Km2,,,,,2008,5.0,,2009,10.0,,,,6400000.0,,6400000.0,,,,,,,"73,5687455355046",1,1228;1229;1236;1237;47678;47679,,"Afar, Amhara, Oromia, SNNPR, Somali, Tigray (Adm1). "
2008-0142-BDI,2008,142,,Natural,Hydrological,Flood,Riverine flood,,,Burundi,BDI,Eastern Africa,Africa,Muhuta district (Bujumbura Rural province),Heavy rain,"Slide (land, mud, snow, rock)",,,,,,,Km2,,,,,2008,4.0,10.0,2008,4.0,11.0,6.0,,500.0,,500.0,,,,,,,"73,5687455355046",2,,40586,Muhuta (Adm2). 
2008-0363-CMR,2008,363,FL-2008-000126,Natural,Hydrological,Flood,Riverine flood,,,Cameroon,CMR,Middle Africa,Africa,"Ekirozock, Nkomassi, Garoua, Ndamvout boroughs (Youndé City, Mfoundi district, Centre province)",Heavy rains,"Slide (land, mud, snow, rock)",,,,,,,Km2,,,,,2008,7.0,,2008,9.0,,9.0,,24000.0,1000.0,25000.0,,,,,,,"73,5687455355046",2,,12473,Mfoundi (Adm2). 
2008-0444-DZA,2008,444,FF-2008-000178,Natural,Hydrological,Flood,Flash flood,,,Algeria,DZA,Northern Africa,Africa,Ghardaia province,Heavy rains,"Slide (land, mud, snow, rock)",,,,,,34760.0,Km2,3.48,32.24,,,2008,10.0,1.0,2008,10.0,17.0,93.0,50.0,59000.0,,59050.0,,,,,348000.0,473027.0,"73,5687455355046",1,360,,Ghardaia (Adm1). 
2008-9640-BDI,2008,9640,,Natural,Climatological,Drought,Drought,,,Burundi,BDI,Eastern Africa,Africa,"Kirundo, Ngozi, Muyinga, Cankuzo, Karuzi, Ruyigi provinces",,Food shortage,,,,,,,Km2,,,,,2008,9.0,,2009,1.0,,,,82500.0,,82500.0,,,,,,,"73,5687455355046",1,40546;40549;40551;40554;40556;40558,,"Cankuzo, Karuzi, Kirundo, Muyinga, Ngozi, Ruyigi (Adm1). "
2008-9303-DJI,2008,9303,OT-2008-000043,Natural,Climatological,Drought,Drought,,,Djibouti,DJI,Eastern Africa,Africa,"Djibouti, Arta cities (Djibouti district, Djibouti province), Ali Sabieh district (Ali Sabieh province), Obock district (Obock province), Tadjourah district (Tadjourah province), Dikhil district (Dikhil province)",Delayed and below-normal rains,Food shortage,,Yes,,,,,Km2,,,,,2008,7.0,,2009,,,,,340000.0,,340000.0,,,,,,,"73,5687455355046",2,,15272;15274;15276;15278;15282,"Ali Sabieh, Dikhil, Djibouti, Obock, Tadjourah (Adm2). "
2008-0060-AGO,2008,60,,Natural,Hydrological,Flood,Riverine flood,,,Angola,AGO,Middle Africa,Africa,"Menongue, Missombo, Caiundo villages (Menongue district, Cuando Cubango province), Cuangar, Savate villages (Cuangar district, Cuando Cubango province), Dirico, Mucusso villages (Dirico district, Cuando Cubango province), Calai, Nankova, Rivungo, Mavinga, Cuito Cuanavale districts (Cuando Cubango province), Namibe, Huila, Cunene provinces",Heavy rains,,,Yes,,,,,Km2,-17.05,17.26,,,2008,1.0,31.0,2008,3.0,3.0,7.0,,81400.0,,81400.0,,,,,,,"73,5687455355046",1;2,404;406;413,4236;4237;4239;4240;4241;4242;4243;4244,"Cunene, Huila, Namibe (Adm1). Calai, Cuangar, Cuito Cuanavale, Dirico, Mavinga, Menongue, Nankova, Rivungo (Adm2). "
2008-0511-AGO,2008,511,EP-2008-000218,Natural,Biological,Epidemic,Bacterial disease,,Cholera,Angola,AGO,Middle Africa,Africa,"Uige, Luanda, Kwanza Norte, Malanje, Kwanza Sul, Huila, Cunene",,,,,No,No,,,Vaccinated,,,,,2008,1.0,1.0,2009,5.0,17.0,134.0,,7495.0,,7495.0,,,,,,,"73,5687455355046",,,,
2008-0459-BDI,2008,459,,Natural,Hydrological,Flood,Riverine flood,,,Burundi,BDI,Eastern Africa,Africa,"Mutambu, Kabezi, Muhuta, Nyabiraba districts (Bujumbura Rural province), Buhindo village (Murwi district, Cibitoke province), Nyamurenza, Ngozi districts (Ngozi province)",Heavy rains,,,,,,,,Km2,,,,,2008,9.0,20.0,2008,10.0,,3.0,5.0,2770.0,,2775.0,,,,,,,"73,5687455355046",2,,40582;40586;40609;40675;40676;40756;40757,"Kabezi, Muhuta, Murwi, Mutambu, Ngozi, Nyabiraba, Nyamurenza (Adm2). "
2008-0362-BEN,2008,362,,Natural,Hydrological,Flood,Riverine flood,,,Benin,BEN,Western Africa,Africa,"Sagon, Tohoué, Dasso, Ouinhi villages (Ouinhi district, Zou province)",Heavy rains,,,,,,,,Km2,,,,"Mono, Zou rivers",2008,7.0,,2008,7.0,,15.0,,158235.0,,158235.0,,,,,,,"73,5687455355046",2,,5934,Ouinhi (Adm2). 
2008-0230-BEN,2008,230,EP-2008-000027,Natural,Biological,Epidemic,Bacterial disease,,Meningitis,Benin,BEN,Western Africa,Africa,"Atacora, Donha, Alibori, Borgou counties",,,,,No,No,,,Vaccinated,,,,,2008,1.0,,2008,2.0,,29.0,,269.0,,269.0,,,,,,,"73,5687455355046",,,,
2008-0449-BEN,2008,449,EP-2008-000149,Natural,Biological,Epidemic,Bacterial disease,,Cholera,Benin,BEN,Western Africa,Africa,"Malanville, Karimana, Djougou, Bassilla, Cotonou","Poor hygiene habits, lack of sanitation facilities, heavy rains, contaminated sources of drinking water",,,,No,No,,,Vaccinated,,,,,2008,9.0,22.0,2008,10.0,2.0,2.0,,527.0,,527.0,,,,,,,"73,5687455355046",,,,
2008-0605-BEN,2008,605,,Natural,Biological,Epidemic,Bacterial disease,,Cholera,Benin,BEN,Western Africa,Africa,"Enagmon, Kpakpakame, Avotrou",,,,,No,No,,,Vaccinated,,,,,2008,7.0,21.0,2008,8.0,15.0,2.0,,192.0,,192.0,,,,,,,"73,5687455355046",,,,
2008-0360-BFA,2008,360,,Natural,Hydrological,Flood,Flash flood,,,Burkina Faso,BFA,Western Africa,Africa,"Boucle Du Mouhoun, Cascades, Centre, Centre-est, Centre-nord, Centre-ouest, Centre-sud, Est, Hauts-bassins, Nord, Plateau Central, Sahel, Sud-ouest provinces",,,,,,,,,Km2,,,,,2008,7.0,,2008,7.0,,,,560.0,,560.0,,,,,,,"73,5687455355046",1,40276;40277;40278;40279;40280;40281;40282;40283;40284;40285;40286;40287;40288,,"Boucle Du Mouhoun, Cascades, Centre, Centre-est, Centre-nord, Centre-ouest, Centre-sud, Est, Hauts-bassins, Nord, Plateau Central, Sahel, Sud-ouest (Adm1). "
2008-0379-BFA,2008,379,,Natural,Hydrological,Flood,Riverine flood,,,Burkina Faso,BFA,Western Africa,Africa,"Batie area (Noumbiel district, Sud-ouest province)",Heavy rains,,,,,,,,Km2,,,,,2008,8.0,,2008,9.0,,6.0,18.0,,4292.0,4310.0,,,,,,,"73,5687455355046",2,,154485,Noumbiel (Adm2). 
2008-0076-BFA,2008,76,EP-2008-000029,Natural,Biological,Epidemic,Bacterial disease,,Meningitis,Burkina Faso,BFA,Western Africa,Africa,"Sapouy,Gaoua, Mangodar, Banfofa, Batié, Baromo, DIébougou, Houndé, Kaya, Nanoro, Orodara, Réo, Séguénéga, Titao, Toma districts",,,,Yes,No,No,,,Vaccinated,,,,,2008,1.0,,2008,7.0,,250.0,,2000.0,,2000.0,,,,,,,"73,5687455355046",,,,
2008-0663-BFA,2008,663,EP-2009-000050,Natural,Biological,Epidemic,Viral disease,,Measles,Burkina Faso,BFA,Western Africa,Africa,"Bogodogo, Fada, Sindou districts",,,,Yes,No,No,,,Vaccinated,,,,,2008,12.0,,2009,6.0,,300.0,,51000.0,,51000.0,,,,,,,"73,5687455355046",,,,
2008-0511-BWA,2008,511,EP-2008-000218,Natural,Biological,Epidemic,Bacterial disease,,Cholera,Botswana,BWA,Southern Africa,Africa,"Ngamiland, Central, Kweneng, Southern states",,,,,No,No,,,Vaccinated,,,,,2008,11.0,1.0,2009,5.0,24.0,2.0,,15.0,,15.0,,,,,,,"73,5687455355046",,,,
2008-0439-CAF,2008,439,,Natural,Hydrological,Flood,Riverine flood,,,Central African Republic,CAF,Middle Africa,Africa,Mambéré-Kadéï province,,,,,,,,,Km2,,,,,2008,7.0,,2008,9.0,,,,,795.0,795.0,,,,,,,"73,5687455355046",1,859,,Mambéré-Kadéï (Adm1). 
2008-0349-CIV,2008,349,,Natural,Hydrological,Flood,Riverine flood,,,Côte dIvoire,CIV,Western Africa,Africa,Abidjan district (District autonome de Abidjan province),,,,,,,,,Km2,,,,,2008,7.0,3.0,2008,7.0,3.0,6.0,,450.0,,450.0,,,,,,,"73,5687455355046",2,,14911,Abidjan (Adm2). 
2008-0076-CIV,2008,76,EP-2008-000029,Natural,Biological,Epidemic,Bacterial disease,,Meningitis,Côte dIvoire,CIV,Western Africa,Africa,Border with Burkina Faso,,,,,No,No,,,Vaccinated,,,,,2008,1.0,,2008,2.0,,44.0,,,,,,,,,,,"73,5687455355046",,,,
2008-0300-COG,2008,300,EP-2008-000100,Natural,Biological,Epidemic,Bacterial disease,,Cholera,Congo (the),COG,Middle Africa,Africa,"Moundi village (Loudima, Bouenza division)",,,,,No,No,,,Vaccinated,,,,,2008,6.0,5.0,2008,6.0,25.0,1.0,103.0,,,103.0,,,,,,,"73,5687455355046",,,,
2008-0301-COG,2008,301,EP-2008-000100,Natural,Biological,Epidemic,Bacterial disease,,Cholera,Congo (the),COG,Middle Africa,Africa,"Louetete, Loudima districts",,,,,No,No,,,Vaccinated,,,,,2008,2.0,,2008,8.0,17.0,25.0,,527.0,,527.0,,,,,,,"73,5687455355046",,,,
2008-0394-EGY,2008,394,LS-2008-000153,Natural,Geophysical,Mass movement (dry),Rockfall,,,Egypt,EGY,Northern Africa,Africa,Minshat Nasir district (Cairo province),,,,,,,,,,,,,,2008,9.0,6.0,2008,9.0,6.0,98.0,72.0,,625.0,697.0,,,,,,,"73,5687455355046",2,,61630,Minshat Nasir (Adm2). 
2008-9200-ERI,2008,9200,DR-2008-000043,Natural,Climatological,Drought,Drought,,,Eritrea,ERI,Eastern Africa,Africa,"Achipelagos, Semenawi Keih Bahri provinces (Northern Red Sea Region), Debubawi Keih Bahri province (Southern Red Sea Region), Anseba, Debub provinces",,,,,,,,,Km2,,,,,2008,10.0,,2008,10.0,,,,1700000.0,,1700000.0,,,,,,,"73,5687455355046",1,1205;1206;1207;1208;1211,,"Anseba, Archipelagos, Debub, Debubawi Keih Bahri, Semenawi Keih Bahri (Adm1). "
2008-0386-ETH,2008,386,FF-2008-000141,Natural,Hydrological,Flood,Flash flood,,,Ethiopia,ETH,Eastern Africa,Africa,Gambela province,Heavy seasonal rains,,,,,,,69940.0,Km2,7.585,33.31,,,2008,8.0,20.0,2008,8.0,28.0,5.0,,91764.0,,91764.0,,,,,,,"73,5687455355046",1,1232,,Gambela (Adm1). 
2008-0219-ETH,2008,219,,Natural,Hydrological,Flood,Riverine flood,,,Ethiopia,ETH,Eastern Africa,Africa,"Jijiga town (Fafan district, Somali province)",Heavy rains,,,,,,,,Km2,,,,,2008,5.0,30.0,2008,5.0,31.0,29.0,35.0,,810.0,845.0,,,,,,,"73,5687455355046",2,,40845,Fafan (Adm2). 
2008-0517-ETH,2008,517,,Natural,Hydrological,Flood,Riverine flood,,,Ethiopia,ETH,Eastern Africa,Africa,"West Imi town (Afder district, Somali province), Dolo town (Doolo district, Somali province), Kebri Beyah town (Fafan district, Somali province), Halaba area (Selti district, SNNPR province), Kachabira area (KT district, SNNPR province), Mustahil, Kelafo, East Imi towns (Shabelle district, Somali province), Ginir town (Bale district, Oromia province), Shashogo area (Hadiya district, SNNPR province), Gelana area (South Wollo district, Amhara province)",Heavy rains,,,,,,,25490.0,Km2,0.83,43.06,,Wabe Shebele river,2008,11.0,16.0,2008,11.0,17.0,11.0,,23831.0,,23831.0,,,,,,,"73,5687455355046",2,,40833;40841;40844;40845;40849;47702;47705;149281;149288,"Afder, Bale, Doolo, Fafan, Hadiya, KT, Selti, Shabelle, South Wollo (Adm2). "
2008-0471-ETH,2008,471,,Natural,Biological,Epidemic,Bacterial disease,,Acute Watery Diarrhoea (AWD),Ethiopia,ETH,Eastern Africa,Africa,"Amhara, SNNP, Tigray, Afar, Oromiya regions",,,,,No,No,,,Vaccinated,,,,,2008,9.0,,2008,10.0,,20.0,,3134.0,,3134.0,,,,,,,"73,5687455355046",,,,
2008-0630-GHA,2008,630,,Natural,Hydrological,Flood,Riverine flood,,,Ghana,GHA,Western Africa,Africa,"West Mamprusi, Savelugu Nanton districts (Northern province)",,,,,,,,,Km2,,,,,2008,7.0,,2008,8.0,,,,58000.0,,58000.0,,,,,,,"73,5687455355046",2,,16632;190702,"Savelugu Nanton, West Mamprusi (Adm2). "
2008-0364-GIN,2008,364,,Natural,Hydrological,Flood,Riverine flood,,,Guinea,GIN,Western Africa,Africa,"Dinguiraye district (Faranah province), Siguiri district (Kankan province)",,,,,,,,,Km2,,,,,2008,8.0,8.0,2008,8.0,8.0,,,4200.0,,4200.0,,,,,,,"73,5687455355046",2,,40718;40725,"Dinguiraye, Siguiri (Adm2). "
2008-0231-GMB,2008,231,ST-2008-000083,Natural,Meteorological,Storm,Convective storm,Severe storm,,Gambia (the),GMB,Western Africa,Africa,"Darsilameh village (Sandu district, Upper River province)",,,,,,,,,Kph,,,,,2008,6.0,2.0,2008,6.0,2.0,,,300.0,,300.0,,,,,,,"73,5687455355046",2,,16431,Sandu (Adm2). 
2008-0439-GMB,2008,439,,Natural,Hydrological,Flood,Riverine flood,,,Gambia (the),GMB,Western Africa,Africa,"Central River, Kanifing Municipal Council, Lower River, North Bank, Upper River, West Coast provinces",,,,,,,,,Km2,,,,,2008,9.0,,2008,10.0,,,,,400.0,400.0,,,,,,,"73,5687455355046",1,1285;1287;1288;1289;1290;112869,,"Central River, Kanifing Municipal Council, Lower River, North Bank, Upper River, West Coast (Adm1). "
2008-0366-GNB,2008,366,,Natural,Hydrological,Flood,Riverine flood,,,Guinea-Bissau,GNB,Western Africa,Africa,Sector Autonomo De Bissau province,,,,,,,,,Km2,,,,,2008,7.0,21.0,2008,7.0,21.0,,,,750.0,750.0,,,,,,,"73,5687455355046",1,1392,,Sector Autonomo De Bissau (Adm1). 
2008-0446-GNB,2008,446,EP-2008-000148,Natural,Biological,Epidemic,Bacterial disease,,Cholera,Guinea-Bissau,GNB,Western Africa,Africa,"Bissau, Biombo, Bijagos, Oio","Basic infrastructure inefficient, water quality and sanitation poor",,,Yes,No,No,,,Vaccinated,,,,,2008,5.0,,2008,11.0,19.0,221.0,,14004.0,,14004.0,,,,,,,"73,5687455355046",,,,
2009-0236-GHA,2009,236,FL-2009-000132,Natural,Hydrological,Flood,Riverine flood,,,Ghana,GHA,Western Africa,Africa,"Awoshie, Sanata Maria, Odorkor, Darkuman,Sakaman, Mataheko, Kaneshie, Mallam, Mprampom, Atico, Bubuashie, Abossey Okai, Dansoman, Agege, Sakaman, Sukura, Santa Maria areas (Accra Metropolis district, Greater Accra province), Atonsu, Kordie areas (Kma district, Ashanti province), Kpong town (Lower Manya district, Eastern province), Atimpoku town (Asuogyaman district, Eastern province), Enchi town (Aowin district, Western province), Apam village (Gomoa West district, Central province), Kasoa town (Awutu Senya East Municipal district, Central province), Keta Municipal district (Volta province), Sekondi Takorad, Ellembelle, Jomoro districts (Western province), Mfantsiman, Cape Coast Metro districts (Central province)",Heavy rains,Rain,,,,,166.0,9340.0,Km2,5.73,-0.1,,,2009,6.0,6.0,2009,7.0,8.0,16.0,,19755.0,,19755.0,,,,,,,"73,3071767219387",2,,16601;16609;16665;33108;190583;190590;190595;190612;190636;190647;190652;190655;190720,"Accra Metropolis, Aowin, Asuogyaman, Awutu Senya East Municipal, Cape Coast Metro, Ellembelle, Gomoa West, Jomoro, Keta Municipal, Kma, Lower Manya, Mfantsiman, Sekondi Takoradi (Adm2). "
2009-0064-CAF,2009,64,ST-2009-000029,Natural,Meteorological,Storm,Convective storm,,,Central African Republic,CAF,Middle Africa,Africa,"Bangui district (Bangui province), Berbérati, Carnot districts (Mambéré-Kadéï province)",,Flood,,,,,,,Kph,,,,,2009,1.0,17.0,2009,1.0,18.0,3.0,,2472.0,,2472.0,,,,,,,"73,3071767219387",2,,12859;12860;67155,"Bangui, Berbérati, Carnot (Adm2). "
2009-0170-GAB,2009,170,VW-2009-000079,Natural,Meteorological,Storm,Convective storm,Severe storm,,Gabon,GAB,Middle Africa,Africa,"Mouila town (Douya-Onoye district, Ngounie province), Libreville district (Estuaire province)",,Flood,,,,,,,Kph,,,,,2009,4.0,5.0,2009,4.0,6.0,,,,800.0,800.0,,,,,,,"73,3071767219387",2,,16359;16376,"Douya-Onoye, Libreville (Adm2). "
2009-0037-AGO,2009,37,,Natural,Hydrological,Flood,Riverine flood,,,Angola,AGO,Middle Africa,Africa,Luanda province,Heavy rains,,,,,,,61810.0,Km2,-9.84,14.15,,,2009,2.0,14.0,2009,2.0,16.0,2.0,,,415.0,415.0,,,,,,,"73,3071767219387",1,408,,Luanda (Adm1). 
2009-0092-AGO,2009,92,FL-2009-000063,Natural,Hydrological,Flood,Riverine flood,,,Angola,AGO,Middle Africa,Africa,"Mukolongondjo, Mupa, Kalonga Kubati villages (Cuvelai district, Cunene province), Onjiva, Evale, Mongua, Nehone, Chimpolo villages (Cuanhama district, Cunene province), Namacunde, Sgiede villages (Namacunde district, Cunene province), Xangongo village (Ombadja district, Cunene province), Cahama district (Cunene province), Moxico, Cuando Cubango, Malanje, Bie, Lunda Sul, Uige provinces",Heavy rains,,,Yes,,Yes,84.0,,Km2,16.68,-17.08,,Vuvelai basin,2009,3.0,1.0,2009,4.0,16.0,60.0,,220000.0,,220000.0,,,,,,,"73,3071767219387",1;2,400;402;410;411;412;414,4257;4258;4260;4261;4262,"Bie, Cuando Cubango, Lunda Sul, Malanje, Moxico, Uige (Adm1). Cahama, Cuanhama, Cuvelai, Namacunde, Ombadja (Adm2). "
2009-0093-AGO,2009,93,,Natural,Biological,Epidemic,Bacterial disease,,Cholera,Angola,AGO,Middle Africa,Africa,"Okanguati, Opuwo areas (Cunene province)","Flood, poor clean water supply and sanitation systems",,,,No,No,,,Vaccinated,,,,,2009,3.0,,2009,3.0,,9.0,,143.0,,143.0,,,,,,,"73,3071767219387",,,,
2009-0147-BDI,2009,147,FL-2009-000075,Natural,Hydrological,Flood,Riverine flood,,,Burundi,BDI,Eastern Africa,Africa,Buterere district (Bujumbura Mairie province),Heavy rains,,,,,,,11710.0,Km2,-3.27,29.75,,Kinyankonge,2009,4.0,12.0,2009,4.0,15.0,,,8000.0,,8000.0,,,,,,,"73,3071767219387",2,,40565,Buterere (Adm2). 
2009-0159-BEN,2009,159,ST-2009-000090,Natural,Meteorological,Storm,Convective storm,Severe storm,,Benin,BEN,Western Africa,Africa,"Challa Ogoï area (Ouesse district, Collines province)",,,,,,,,,Kph,,,,,2009,5.0,,2009,5.0,,,,800.0,,800.0,,,,,,,"73,3071767219387",2,,5895,Ouesse (Adm2). 
2009-0082-BFA,2009,82,EP-2009-000050,Natural,Biological,Epidemic,Viral disease,,Meningitis,Burkina Faso,BFA,Western Africa,Africa,"Solenzo, Toma, Manni, Batié health districts",,,,,No,No,,,Vaccinated,,,,,2009,2.0,,2009,4.0,26.0,389.0,,2892.0,,2892.0,,,,,,,"73,3071767219387",,,,
2009-0092-BWA,2009,92,FL-2009-000063,Natural,Hydrological,Flood,Riverine flood,,,Botswana,BWA,Southern Africa,Africa,"Chobe, Ngamiland provinces",,,,,,,,,Km2,,,,Okavango river,2009,3.0,,2009,3.0,,,,867.0,,867.0,,,,,,,"73,3071767219387",1,655;660,,"Chobe, Ngamiland (Adm1). "
2009-0233-BWA,2009,233,FL-2009-000120,Natural,Hydrological,Flood,Riverine flood,,,Botswana,BWA,Southern Africa,Africa,"Boteti, Bobirwa, Letlhakane, Mahalapye, Serowe, Palapye, Tutume areas (Central province), Molepopole, Sojwe, Leologane areas (Kweneng province), Chobe, Ngamiland provinces",Heavy rains,,,,,,,571700.0,Km2,-16.7,23.32,,,2009,5.0,10.0,2009,7.0,1.0,,,3789.0,,3789.0,,,,,,,"73,3071767219387",1,654;655;659;660,,"Central, Chobe, Kweneng, Ngamiland (Adm1). "
2009-0160-CAF,2009,160,VW-2009-000082,Natural,Meteorological,Storm,Convective storm,Severe storm,,Central African Republic,CAF,Middle Africa,Africa,"Mboki, Olo areas (Obo district, Haut-Mbomou province), Mbaïki district (Lobaye province), Zangba, Kembé districts (Basse-Kotto province), Grimari district (Ouaka province)",,,,,,,,,Kph,,,,,2009,3.0,23.0,2009,4.0,,,,6665.0,3835.0,10500.0,,,,,,,"73,3071767219387",2,,12838;12841;12844;12856;12884,"Grimari, Kembé, Mbaïki, Obo, Zangba (Adm2). "
2009-0223-CIV,2009,223,,Natural,Hydrological,Landslide,Landslide,,,Côte dIvoire,CIV,Western Africa,Africa,"Attecoube, Yopugon boroughs (Abidjan district, District autonome de Abidjan province)",Heavy rains,,,,,,,,,,,,,2009,6.0,11.0,2009,6.0,12.0,27.0,6.0,,10000.0,10006.0,,,,,,,"73,3071767219387",2,,14911,Abidjan (Adm2). 
2009-0092-COM,2009,92,FL-2009-000063,Natural,Hydrological,Flood,Riverine flood,,,Comoros (the),COM,Eastern Africa,Africa,"Ngazidja, Anjouan, Moheli provinces",,,,Yes,,Yes,,,Km2,,,,,2009,4.0,20.0,2009,4.0,24.0,2.0,,2500.0,,2500.0,,,,,,,"73,3071767219387",1,967;968;969,,"Anjouan, Moheli, Ngazidja (Adm1). "
2009-0019-DZA,2009,19,,Natural,Hydrological,Flood,Riverine flood,,,Algeria,DZA,Northern Africa,Africa,"Tsabit, Aoulef districts (Arda province) Ghardaia, Ouargla, Tlemcen, Ain-Temouchent, Oran, Mostaganem, Medea, Alger, Boumerdes, Tizi Ouzou, Bejaia provinces",Heavy rains,,,,,,,132800.0,Km2,29.61,0.71,,,2009,1.0,20.0,2009,1.0,27.0,33.0,48.0,,2500.0,2548.0,,,,,,,"73,3071767219387",1;2,343;344;348;353;360;367;369;372;373;387;388,37634;37657,"Ain-Temouchent, Alger, Bejaia, Boumerdes, Ghardaia, Medea, Mostaganem, Oran, Ouargla, Tizi Ouzou, Tlemcen (Adm1). Aoulef, Tsabit (Adm2). "
2007-0613-KEN,2007,613,,Natural,Hydrological,Flood,Riverine flood,,,Kenya,KEN,Eastern Africa,Africa,Taita Taveta district (Coast province),Heavy rains,"Slide (land, mud, snow, rock)",,,,,,6200.0,Km2,-3.61,38.69,,,2007,12.0,12.0,2007,12.0,15.0,4.0,,2000.0,,2000.0,,,,,,,"70,848792703253",2,,51345,Taita Taveta (Adm2). 
2007-0442-RWA,2007,442,FL-2007-000159,Natural,Hydrological,Flood,Riverine flood,,,Rwanda,RWA,Eastern Africa,Africa,"Nyabihu, Rubavu districts (West/Iburengerazuba province)",Heavy rain,"Slide (land, mud, snow, rock)",,,,,416.0,1180.0,Km2,-1.68,29.42,,,2007,9.0,12.0,2007,9.0,20.0,20.0,,4000.0,,4000.0,,,,,,,"70,848792703253",2,,21991;21998,"Nyabihu, Rubavu (Adm2). "
2007-0408-UGA,2007,408,FL-2007-000138,Natural,Hydrological,Flood,Riverine flood,,,Uganda,UGA,Eastern Africa,Africa,"Amuria, Bukedea, Kaberamaido, Katakwi, Kumi, Soroti, Amuru, Gulu, Kitgum, Pader, Amolatar, Apac, Dokolo, Lira, Oyam, Abim, Kaabong, Kotido, Moroto, Nakapiripirit, Bududa, Bukwo, Kapchorwa, Mbale, Manafwa, Sironko, Adjumani, Arua, Moyo, Nebbi, Yumbe, Kiboga, Kamuli provinces",Heavy rain,"Slide (land, mud, snow, rock)",,,Yes,Yes,28475.0,,Km2,0.88,34.28,,,2007,8.0,15.0,2007,10.0,31.0,29.0,,435070.0,282975.0,718045.0,,,,,71.0,100.0,"70,848792703253",1,743;745;746;751;760;761;763;765;769;772;773;776;782;783;785;786;788;789;1057;1080;1089;1234;1261;1370;3104;3136;42181;42201;47067;47068;47074;47078;47085,,"Abim, Adjumani, Amolatar, Amuria, Amuru, Apac, Arua, Bududa, Bukedea, Bukwo, Dokolo, Gulu, Kaabong, Kaberamaido, Kamuli, Kapchorwa, Katakwi, Kiboga, Kitgum, Kotido, Kumi, Lira, Manafwa, Mbale, Moroto, Moyo, Nakapiripirit, Nebbi, Oyam, Pader, Sironko, Soroti, Yumbe (Adm1). "
2007-0408-KEN,2007,408,FL-2007-000138,Natural,Hydrological,Flood,Riverine flood,,,Kenya,KEN,Eastern Africa,Africa,Busia district (Western province),heavy rain,Broken Dam/Burst bank,,,,,,53520.0,Km2,0.88,34.28,,"Kenya-Nzoia, Sabwani, Malakisi, Malaba",2007,8.0,15.0,2007,10.0,31.0,13.0,,40000.0,,40000.0,,,,,,,"70,848792703253",2,,51396,Busia (Adm2). 
2007-0425-SOM,2007,425,,Natural,Hydrological,Flood,Riverine flood,,,Somalia,SOM,Eastern Africa,Africa,Jowhar district (Shabelle Dhexe province),Heavy rain,Broken Dam/Burst bank,,,,,,13310.0,Km2,2.98,45.43,,,2007,9.0,1.0,2007,10.0,4.0,4.0,,8000.0,,8000.0,,,,,,,"70,848792703253",2,,25704,Jowhar (Adm2). 
2007-0293-MLI,2007,293,FF-2007-000100,Natural,Hydrological,Flood,Flash flood,,,Mali,MLI,Western Africa,Africa,Bla district (Segou province),,Rain,,,,,,,Km2,,,,,2007,7.0,22.0,2007,7.0,22.0,9.0,17.0,,41586.0,41603.0,,,,,,,"70,848792703253",2,,19403,Bla (Adm2). 
2007-0585-MWI,2007,585,,Natural,Hydrological,Flood,Flash flood,,,Malawi,MWI,Eastern Africa,Africa,"Lundu 2, Galonga areas (Chikwawa district, Southern Region province), Mtemangawa areas (Nsanje district, Southern Region province), Balaka, Blantyre, Machinga, Phalombe districts (Southern Region province), Lilongwe, Mchinji districts (Central Region province), Chitipa, Karonga, Mzimba, Nkhata Bay districts (Northern Region province)",Torrential rain,Rain,,Yes,Yes,,,1630.0,Km2,-16.81,35.24,,"Lower Shire Valley, Nyamadzere",2007,11.0,18.0,2008,2.0,,,,180246.0,,180246.0,,,,,,,"70,848792703253",2,,19310;19311;19316;19317;19318;19321;19322;19328;42173;42174;42175;42177,"Balaka, Blantyre, Chikwawa, Chitipa, Karonga, Lilongwe, Machinga, Mchinji, Mzimba, Nkhata Bay, Nsanje, Phalombe (Adm2). "
2007-0337-SWZ,2007,337,WF-2007-000121,Natural,Climatological,Wildfire,Forest fire,,,Eswatini,SWZ,Southern Africa,Africa,Pigg's Peak district (Hhohho province),,Storm,,,,,,,Km2,,,,,2007,7.0,27.0,2007,7.0,30.0,2.0,,1500.0,,1500.0,,,,,,,"70,848792703253",2,,25954,Pigg's Peak (Adm2). 
2007-9494-LSO,2007,9494,,Natural,Climatological,Drought,Drought,,,Lesotho,LSO,Southern Africa,Africa,"Maseru, Mafeteng, Leribe, Butha Buthe, Berea, Mohale's Hoek, Quthing provinces (Lowlands region)",,Food shortage,,Yes,Yes,,,,Km2,,,,,2007,7.0,,2008,,,,,475000.0,,475000.0,,,,,,,"70,848792703253",1,1803;1804;1805;1806;1807;1808;1811,,"Berea, Butha Buthe, Leribe, Mafeteng, Maseru, Mohale's Hoek, Quthing (Adm1). "
2007-9343-MOZ,2007,9343,,Natural,Climatological,Drought,Drought,,,Mozambique,MOZ,Eastern Africa,Africa,"Gaza, Inhambane, Manica, Sofala, Maputo provinces (Centre and south of the country)","Drought, cyclone et inondations",Food shortage,,,,,,,Km2,,,,,2007,8.0,,2007,8.0,,,,520000.0,,520000.0,,,,,,,"70,848792703253",1,2113;2114;2115;2120;41373,,"Gaza, Inhambane, Manica, Maputo, Sofala (Adm1). "
2007-9288-SWZ,2007,9288,,Natural,Climatological,Drought,Drought,,,Eswatini,SWZ,Southern Africa,Africa,"Hhohho, Lubombo, Manzini, Shiselweni provinces",,Famine,,,,Yes,15251.0,,Km2,,,,,2007,7.0,,2007,,,,,410000.0,,410000.0,,,,,,,"70,848792703253",1,2782;2783;2784;2785,,"Hhohho, Lubombo, Manzini, Shiselweni (Adm1). "
2007-0213-ZAF,2007,213,,Natural,Meteorological,Extreme temperature ,Cold wave,,,South Africa,ZAF,Southern Africa,Africa,"Gauteng, Eastern Cape provinces",,Snow/ice,,,,,,,°C,,,,,2007,5.0,21.0,2007,5.0,27.0,22.0,,,,,,,,,,,"70,848792703253",1,2708;77310,,"Eastern Cape, Gauteng (Adm1). "
2007-0177-KEN,2007,177,FL-2007-000076,Natural,Hydrological,Flood,Riverine flood,,,Kenya,KEN,Eastern Africa,Africa,"Mombasa, Malindi, Kwale, Kilifi, Lamu districts (Coast provinces)",Heavy rain,,,,,,,13870.0,Km2,-3.59,39.76,,"Mwakuhenga, Mkuru",2007,5.0,15.0,2007,6.0,11.0,2.0,1.0,650.0,,651.0,,,,,,,"70,848792703253",2,,51340;51341;51342;51343;51344,"Kilifi, Kwale, Lamu, Malindi, Mombasa (Adm2). "
2007-0356-KEN,2007,356,,Natural,Hydrological,Landslide,Mudslide,,,Kenya,KEN,Eastern Africa,Africa,"Kuvasali village (Kakamega didstrict, Western province)",Heavy rains,,,,,,,,,,,,,2007,8.0,10.0,2007,8.0,13.0,20.0,6.0,,,6.0,,,,,,,"70,848792703253",2,,51398,Kakamega (Adm2). 
2007-0369-LBR,2007,369,,Natural,Meteorological,Storm,Convective storm,Severe storm,,Liberia,LBR,Western Africa,Africa,"Ganta village (Gbehlay-Geh district, Nimba province)",,,,Yes,,,,,Kph,,,,,2007,3.0,21.0,2007,3.0,21.0,,,,3500.0,3500.0,,,,,,,"70,848792703253",2,,147199,Gbehlay-Geh (Adm2). 
2007-0404-LBR,2007,404,FL-2007-000144,Natural,Hydrological,Flood,Riverine flood,,,Liberia,LBR,Western Africa,Africa,"Greater Monrovia district (Montserrado province), Margibi province",heavy rain,,,,,,,2330.0,Km2,6.51,-10.58,,"St. Paul river, Stockton creek",2007,8.0,26.0,2007,8.0,30.0,1.0,,17000.0,,17000.0,,,,,,,"70,848792703253",1;2,1822,147290,Margibi (Adm1). Greater Monrovia (Adm2). 
2007-0275-MLI,2007,275,,Natural,Hydrological,Flood,Riverine flood,,,Mali,MLI,Western Africa,Africa,"Segou, Kayes, Sikasso, Koulikoro, Gao, Mopti province",Heavy rain,,,Yes,,Yes,,,Km2,,,,,2007,7.0,4.0,2007,10.0,10.0,9.0,17.0,42662.0,4576.0,47255.0,,,,,,,"70,848792703253",1,1927;1928;1930;1931;1932;1933,,"Gao, Kayes, Koulikoro, Mopti, Segou, Sikasso (Adm1). "
2007-0616-MOZ,2007,616,FL-2008-000004,Natural,Hydrological,Flood,Riverine flood,,,Mozambique,MOZ,Eastern Africa,Africa,"Nova Mambone area (Govuro district, Inhambane province), Machanga district (Sofala province)",Heavy rains,,,,,,,,Km2,-20.78,31.24,,,2007,12.0,19.0,2008,1.0,2.0,,,,,,,,,,,,"70,848792703253",2,,21861;21929,"Govuro, Machanga (Adm2). "
2007-0721-MOZ,2007,721,,Natural,Biological,Epidemic,Bacterial disease,,Cholera,Mozambique,MOZ,Eastern Africa,Africa,"Tete, Mutarara district vapital, Vila nova, Bawe, Traquino",,,,,No,No,,,Vaccinated,,,,,2007,10.0,,2008,10.0,,78.0,,7547.0,,7547.0,,,,,,,"70,848792703253",,,,
2007-0614-MOZ,2007,614,FL-2007-000016,Natural,Hydrological,Flood,,,,Mozambique,MOZ,Eastern Africa,Africa,"Mutarara, Nhamayabue, Inhangoma areas (Mutarara district, Tete province), Nova Mabone area (Govuro district, Inhambane province), Mossurize, Sussundenga, Tambara (Manica province), Mopeia, Chinde, Morrumbala, Maganja da Costa, Namacurra, Nicoadala districts (Zambezia province), Nampula, Cabo Delgado, Sofala provinces",Heavy rains,,,Yes,,,,57570.0,Km2,-19.06,34.36,,"Buzi, Pungue, Save, Zambèze",2007,12.0,11.0,2008,1.0,3.0,20.0,,113535.0,,113535.0,,,,,100000.0,141146.0,"70,848792703253",1;2,2112;2118;2120,21861;21878;21879;21880;21943;21946;21952;21956;21957;21958;21960,"Cabo Delgado, Nampula, Sofala (Adm1). Chinde, Govuro, Maganja da Costa, Mopeia, Morrumbala, Mossurize, Mutarara, Namacurra, Nicoadala, Sussundenga, Tambara (Adm2). "
2007-0339-MRT,2007,339,,Natural,Hydrological,Flood,Riverine flood,,,Mauritania,MRT,Western Africa,Africa,"Tintane district (Hodh El-Gharbi province), Barkeol district (Assaba province), Guidimakha, Gorgol provinces",Heavy rains,,,,Yes,,,9500.0,Km2,16.55,-11.32,,,2007,8.0,7.0,2007,9.0,5.0,2.0,,53620.0,,53620.0,,,,,,,"70,848792703253",1;2,2008;2009,19494;19520,"Gorgol, Guidimakha (Adm1). Barkeol, Tintane (Adm2). "
2007-0402-MRT,2007,402,,Natural,Hydrological,Flood,Riverine flood,,,Mauritania,MRT,Western Africa,Africa,Maghama district (Gorgol province),heavy rain,,,,Yes,,,162800.0,Km2,15.47,-13.97,,Senegal river and tributaries,2007,8.0,31.0,2007,9.0,3.0,1.0,,500.0,,500.0,,,,,,,"70,848792703253",2,,19507,Maghama (Adm2). 
2007-9499-MWI,2007,9499,,Natural,Climatological,Drought,Drought,,,Malawi,MWI,Eastern Africa,Africa,"Karonga, Mzimba districts (Northern Region province), Ntchisi district (Central Region province), Mulanje district (Southern Region province)",,,,,,,,,Km2,,,,,2007,10.0,,2007,,,,,520000.0,,520000.0,,,,,,,"70,848792703253",2,,19314;19317;19318;42176,"Karonga, Mulanje, Mzimba, Ntchisi (Adm2). "
2007-0614-MWI,2007,614,FL-2007-000016,Natural,Hydrological,Flood,,,,Malawi,MWI,Eastern Africa,Africa,"Ntcheu district (Central Region province), Machinga, Chiradzulu districts (Southern Region province)",Heavy rains,,,,,,,,Km2,-19.06,34.36,,Shire,2007,11.0,11.0,2008,1.0,2.0,,,2000.0,,2000.0,,,,,,,"70,848792703253",2,,19313;19323;42175,"Chiradzulu, Machinga, Ntcheu (Adm2). "
2007-0389-NER,2007,389,FL-2007-000147,Natural,Hydrological,Flood,Riverine flood,,,Niger (the),NER,Western Africa,Africa,"Zinder, Maradi, Agadez, Tahoua, Tillaberi, Diffa provinces",Heavy rains,,,,,,,,Km2,,,,,2007,7.0,26.0,2007,10.0,10.0,7.0,10.0,57264.0,,57274.0,,,,,,,"70,848792703253",1,2202;2203;2205;2207;2208;2209,,"Agadez, Diffa, Maradi, Tahoua, Tillaberi, Zinder (Adm1). "
2007-0419-NGA,2007,419,,Natural,Hydrological,Flood,Riverine flood,,,Nigeria,NGA,Western Africa,Africa,"Plateau, Adamawa, Borno, Anambra, Bauchi, Yobe, Ogun, Nassarawa, Lagos, Sokoto, Kebbi provinces",Heavy rain,,,,,,,630100.0,Km2,10.29,11.75,,"Wase river, Benue tributaries, Hadejia Jama'are river",2007,8.0,4.0,2007,10.0,21.0,68.0,,50000.0,,50000.0,,,,,,,"70,848792703253",1,2211;2213;2216;2227;2230;2232;2240;65699;65705;65707;65709,,"Adamawa, Anambra, Bauchi, Borno, Kebbi, Lagos, Nassarawa, Ogun, Plateau, Sokoto, Yobe (Adm1). "
2007-0656-NGA,2007,656,,Natural,Biological,Epidemic,Viral disease,,,Nigeria,NGA,Western Africa,Africa,Sokoto and Kaduna,,,,,No,No,,,Vaccinated,,,,,2007,12.0,,2007,12.0,9.0,200.0,,,,,,,,,,,"70,848792703253",,,,
2007-0541-NGA,2007,541,,Natural,Hydrological,Flood,,,,Nigeria,NGA,Western Africa,Africa,Ogun province,,,,,,,,,Km2,,,,,2007,10.0,,2007,10.0,,17.0,,,,,,,,,,,"70,848792703253",1,2232,,Ogun (Adm1). 
2007-0595-NGA,2007,595,,Natural,Hydrological,Flood,,,,Nigeria,NGA,Western Africa,Africa,"Ikorodu, Kosofe districts (Lagos province), Abeokuta North, Abeokuta South districts (Ogun province)",Heavy rain,,,,,,,5270.0,Km2,6.96,3.3,,Ogun river,2007,8.0,1.0,2007,8.0,15.0,6.0,,5000.0,,5000.0,,,,,,,"70,848792703253",2,,22931;191237;191253;191291,"Abeokuta North, Abeokuta South, Ikorodu, Kosofe (Adm2). "
2007-0261-SDN,2007,261,FL-2007-000093,Natural,Hydrological,Flood,Riverine flood,,,Sudan (the),SDN,Northern Africa,Africa,"White Nile, Khartoum, Nile, Blue Nile, Red Sea, Northern Kordofan, Southern Kordofan, Sennar, Al Jazeera provinces",Heavy rains,,,,,,46924.0,1591000.0,Km2,12.91,33.77,,"Nile, Al-Gash",2007,7.0,3.0,2007,10.0,8.0,150.0,335.0,365000.0,200000.0,565335.0,,,,,300000.0,423437.0,"70,848792703253",1,2745;2749;2753;2761;2762;2770;4150;40772;68784,,"Al Jazeera, Blue Nile, Khartoum, Nile, Northern Kordofan, Red Sea, Sennar, Southern Kordofan, White Nile (Adm1). "
2007-0657-SDN,2007,657,,Natural,Biological,Epidemic,Bacterial disease,,Meningococcal disease,Sudan (the),SDN,Northern Africa,Africa,"Aweil West, Juba, Mundri East, Rumbek, Tonj South, Wulu, Yirol ",,,,,No,No,,,Vaccinated,,,,,2007,1.0,1.0,2007,3.0,11.0,430.0,,6516.0,,6516.0,,,,,,,"70,848792703253",,,,
2007-0658-SDN,2007,658,,Natural,Biological,Epidemic,Viral disease,,Rift Valley Fever,Sudan (the),SDN,Northern Africa,Africa,"While Nile, Sennar, Gazeera States",,,,,No,No,,,Vaccinated,,,,,2007,10.0,18.0,2007,11.0,14.0,96.0,,233.0,,233.0,,,,,,,"70,848792703253",,,,
2007-0324-SDN,2007,324,,Natural,Biological,Epidemic,,,,Sudan (the),SDN,Northern Africa,Africa,,,,,,No,No,,,Vaccinated,,,,,2007,8.0,,2007,8.0,,58.0,,890.0,,890.0,,,,,,,"70,848792703253",,,,
2007-0427-SEN,2007,427,FL-2007-000131,Natural,Hydrological,Flood,Riverine flood,,,Senegal,SEN,Western Africa,Africa,"Thies, Matam, Kaolack, Tambacounda, Dakar, Saint louis, Diourbel provinces",Heavy rain,,,,,,,,Km2,15.47,-13.97,,,2007,8.0,9.0,2007,9.0,20.0,8.0,,5300.0,,5300.0,,,,,,,"70,848792703253",1,1373;1377;2636;2644;47585;47588;47589,,"Dakar, Diourbel, Kaolack, Matam, Saint louis, Tambacounda, Thies (Adm1). "
2007-0660-SEN,2007,660,EP-2007-000187,Natural,Biological,Epidemic,Bacterial disease,,Cholera,Senegal,SEN,Western Africa,Africa,"Dakar, Diourbel, Fatick, Kaolack, Louga, Saint Louis, Thies",,,,,No,No,,,Vaccinated,,,,,2007,8.0,3.0,2007,10.0,30.0,16.0,,2825.0,,2825.0,,,,,,,"70,848792703253",,,,
2007-0487-SLE,2007,487,FL-2007-000177,Natural,Hydrological,Flood,Riverine flood,,,Sierra Leone,SLE,Western Africa,Africa,"Kroo Bay area (Western Area Urb district, Western Area province)",Hravy rain,,,,,,,,Km2,,,,,2007,8.0,,2007,8.0,,,,4500.0,,4500.0,,,,,,,"70,848792703253",2,,111381,Western Area Urb (Adm2). 
2007-0559-SOM,2007,559,,Natural,Hydrological,Flood,Flash flood,,,Somalia,SOM,Eastern Africa,Africa,Caluula district (Bari province),Heavy rain,,,,,,,310.0,Km2,11.82,51.02,,,2007,11.0,3.0,2007,11.0,4.0,21.0,12.0,,2000.0,2012.0,,,,,,,"70,848792703253",2,,25664,Caluula (Adm2). 
2007-0508-SOM,2007,508,,Natural,Biological,Epidemic,Bacterial disease,,Cholera,Somalia,SOM,Eastern Africa,Africa,,,,,,No,No,,,Vaccinated,,,,,2007,7.0,,2007,,,1133.0,,35687.0,,35687.0,,,,,,,"70,848792703253",,,,
2007-0403-TCD,2007,403,,Natural,Hydrological,Flood,Riverine flood,,,Chad,TCD,Middle Africa,Africa,Salamat province,heavy rain,,,,,,,454800.0,Km2,11.54,19.05,,Bahr Azoum and Bahr Salamat,2007,8.0,25.0,2007,9.0,9.0,12.0,,170000.0,,170000.0,,,,,,,"70,848792703253",1,881,,Salamat (Adm1). 
2007-0411-TCD,2007,411,,Natural,Hydrological,Flood,Riverine flood,,,Chad,TCD,Middle Africa,Africa,"Kabia, Mayo-Boneye, Mayo-Dala provinces",Heavy rain,,,,,,,23500.0,Km2,9.64,15.11,,,2007,8.0,9.0,2007,8.0,15.0,3.0,,3000.0,,3000.0,,,,,,,"70,848792703253",1,12920;12921;12922,,"Kabia, Mayo-Boneye, Mayo-Dala (Adm1). "
2007-0375-TCD,2007,375,,Natural,Meteorological,Storm,,,,Chad,TCD,Middle Africa,Africa,Bebedjia district (Logone Oriental province),,,,,,,,,Kph,,,,,2007,5.0,7.0,2007,5.0,7.0,14.0,145.0,,,145.0,,,,,,,"70,848792703253",2,,65379,Bebedjia (Adm2). 
2007-0438-TGO,2007,438,FL-2007-000158,Natural,Hydrological,Flood,Riverine flood,,,Togo,TGO,Western Africa,Africa,"Savanes, Maritime provinces",Heavy rains,,,Yes,Yes,,,,Km2,,,,,2007,8.0,,2007,9.0,,41.0,77.0,127880.0,13374.0,141331.0,,,,,,,"70,848792703253",1,2972;2974,,"Maritime, Savanes (Adm1). "
2007-0501-TUN,2007,501,FF-2007-000185,Natural,Hydrological,Flood,Flash flood,,,Tunisia,TUN,Northern Africa,Africa,"Tunis, Ariana, Manouba provinces",Heavy rains,,,,,,,6550.0,Km2,36.95,9.71,,,2007,10.0,13.0,2007,10.0,16.0,16.0,,5000.0,,5000.0,,,,,,,"70,848792703253",1,2993;3005;3015,,"Ariana, Manouba, Tunis (Adm1). "
2007-0664-TUN,2007,664,,Natural,Hydrological,Flood,Riverine flood,,,Tunisia,TUN,Northern Africa,Africa,"Hfor El Tine area (Tozeur district, Tozeur province)",Heavy rains,,,,,,,,Km2,,,,,2007,4.0,,2007,4.0,,,,1500.0,,1500.0,,,,,,,"70,848792703253",2,,39469,Tozeur (Adm2). 
2007-0429-TZA,2007,429,,Natural,Biological,Epidemic,Bacterial disease,,Cholera,"Tanzania, United Republic of",TZA,Eastern Africa,Africa,northern Tanzanian region of Mara,,,,,No,No,,,Vaccinated,,,,,2007,7.0,28.0,2007,8.0,1.0,10.0,,20.0,,20.0,,,,,,,"70,848792703253",,,,
2007-0555-UGA,2007,555,,Natural,Hydrological,Flood,Riverine flood,,,Uganda,UGA,Eastern Africa,Africa,"Kampala city (Central Kampala district, Kampala province)",Heavy rains,,,,,,,550.0,Km2,0.35,32.59,,,2007,11.0,15.0,2007,11.0,18.0,4.0,,3000.0,,3000.0,,,,,,,"70,848792703253",2,,42202,Central Kampala (Adm2). 
2007-0561-UGA,2007,561,EP-2007-000219,Natural,Biological,Epidemic,Viral disease,,Ebola Haemorrhagic Fever,Uganda,UGA,Eastern Africa,Africa,"Kykyo, Kabango, Ntandi, Butolya, Bugharama, Kizufo, Buyaya, Butantagua, Bulhambago, Bundimwali I, Bugharama II, Bulhambaghiri (Bundibugyo District), Kabarole, Kasese, Masindi, Hoima, Kampala, Kibaale",,,,Yes,No,No,,,Vaccinated,,,,,2007,8.0,20.0,2008,2.0,,36.0,,176.0,,176.0,,,,,,,"70,848792703253",,,,
2007-0682-UGA,2007,682,EP-2007-000233,Natural,Biological,Epidemic,Viral disease,,Hepatitis E Virus,Uganda,UGA,Eastern Africa,Africa,"Madi Opei (Lamwo County, Kitgum district), Agoro, Paloga, Padibe, Mucwini, Lokung, Layamo, Orom, Kigtum, Akwnag, Palabek Gem, Pader, Gulu and Yumbe districts (West Nile region), Oboko, Lupulingi, Lugede, Ywaya, Apwoyo","low latrine coverage, contamination water, poor hygiene practices in IDP camps",,,,No,No,,,Vaccinated,,,,,2007,11.0,,2009,1.0,19.0,96.0,,5761.0,,5761.0,,,,,,,"70,848792703253",,,,
2007-0306-ZAF,2007,306,,Natural,Hydrological,Flood,Riverine flood,,,South Africa,ZAF,Southern Africa,Africa,"Cape Flats area (City of Cape Town district, Western Cape province)",Heavy rain and storms,,,,,,,20100.0,Km2,-34.09,19.58,,"Vygieskraal Canal, Eerste River ",2007,7.0,27.0,2007,8.0,2.0,,,38000.0,,38000.0,,,,,,,"70,848792703253",2,,77317,City of Cape Town Metropolitan Municipality (Adm2). 
2007-0337-ZAF,2007,337,WF-2007-000121,Natural,Climatological,Wildfire,Forest fire,,,South Africa,ZAF,Southern Africa,Africa,"KwaZulu-Natal, Mpumalanga, Free State, Eastern Cape, Limpopo, Gauteng provinces",Drought situation,,,,,,,,Km2,,,,,2007,7.0,27.0,2007,7.0,30.0,26.0,,,1600.0,1600.0,,,,,,,"70,848792703253",1,2707;2708;77310;77311;77312;77313,,"Eastern Cape, Free State, Gauteng, KwaZulu-Natal, Limpopo, Mpumalanga (Adm1). "
2008-0037-LSO,2008,37,,Natural,Meteorological,Storm,Convective storm,Tornado,,Lesotho,LSO,Southern Africa,Africa,Matebeng district (Qacha's Nek province),,Hail,Rain,,,,,,Kph,,,,,2008,1.0,,2008,1.0,,,,4500.0,,4500.0,,,,,,,"73,5687455355046",2,,18978,Matebeng (Adm2). 
2008-0518-KEN,2008,518,FL-2008-000217,Natural,Hydrological,Flood,Riverine flood,,,Kenya,KEN,Eastern Africa,Africa,"Busia district (Western province), Mandera, Garissa, Wajir districts (North Western province), Marakwet, Trans Nzoia districts (Rift Valley province), Tana River district (Coast province), Migori, Nyando districts (Nyanza province)",Heavy rains,"Slide (land, mud, snow, rock)",,,,,,37960.0,Km2,0.05,35.12,,Nzoia river,2008,11.0,10.0,2008,11.0,25.0,17.0,,30770.0,,30770.0,,,,,,,"73,5687455355046",2,,51346;51361;51363;51364;51385;51391;51396,"Busia, Garissa, Mandera, Marakwet, Tana River, Trans Nzoia, Wajir (Adm2). "
2008-0485-RWA,2008,485,FL-2008-000182,Natural,Hydrological,Flood,Riverine flood,,,Rwanda,RWA,Eastern Africa,Africa,"Rubavu, Nyamasheke districts (West/Iburengerazuba province), Ngoma, Kirehe districts (East/Iburasirazuba province)",Heavy rains,Rain,,,,,,11140.0,Km2,-1.72,29.89,,,2008,10.0,1.0,2008,10.0,6.0,,51.0,11295.0,,11346.0,,,,,,,"73,5687455355046",2,,21986;21989;21994;21998,"Kirehe, Ngoma, Nyamasheke, Rubavu (Adm2). "
2008-0104-SWZ,2008,104,FL-2008-000004,Natural,Hydrological,Flood,Riverine flood,,,Eswatini,SWZ,Southern Africa,Africa,"Hhohho, Lubombo provinces",,Rain,,,,,,,Km2,,,,,2008,2.0,4.0,2008,2.0,4.0,,,2500.0,,2500.0,,,,,,,"73,5687455355046",1,2782;2783,,"Hhohho, Lubombo (Adm1). "
2008-0043-MDG,2008,43,,Natural,Meteorological,Storm,Tropical cyclone,,"Cyclone ""Fame""",Madagascar,MDG,Eastern Africa,Africa,"Melaky, Boeny, Analamanga provinces",,Flood,,,,,,130.0,Kph,,,,,2008,1.0,27.0,2008,1.0,27.0,12.0,,5457.0,3156.0,8613.0,,,,,,,"73,5687455355046",1,41752;41760;41766,,"Analamanga, Boeny, Melaky (Adm1). "
2008-0070-MDG,2008,70,TC-2008-000023,Natural,Meteorological,Storm,Tropical cyclone,,"Cyclone ""Ivan""",Madagascar,MDG,Eastern Africa,Africa,"Analamanga, Betsiboka, Vatovavy Fitovavy, Analanjirofo, Alaotra Mangoro, Atsinanana, Atsimo Atsinanana, Boeny, Sofia, Menabe, Bongolava, Haute Matsiatra provinces",,Flood,,Yes,Yes,,28487.0,230.0,Kph,-18.69,46.9,,,2008,2.0,17.0,2008,3.0,3.0,93.0,580.0,332391.0,191182.0,524153.0,,,,,60000.0,81556.0,"73,5687455355046",1,41750;41752;41753;41757;41758;41759;41760;41761;41763;41767;41769;41771,,"Alaotra Mangoro, Analamanga, Analanjirofo, Atsimo Atsinanana, Atsinanana, Betsiboka, Boeny, Bongolava, Haute Matsiatra, Menabe, Sofia, Vatovavy Fitovinany (Adm1). "
2008-9644-MDG,2008,9644,,Natural,Climatological,Drought,Drought,,,Madagascar,MDG,Eastern Africa,Africa,"Atsimo Andrefana, Androy, Anosy provinces",,Food shortage,,,,,,,Km2,,,,,2008,,,2011,,,,,720000.0,,720000.0,,,,,,,"73,5687455355046",1,41754;41755;41756,,"Androy, Anosy, Atsimo Andrefana (Adm1). "
2008-9590-MOZ,2008,9590,,Natural,Climatological,Drought,Drought,,,Mozambique,MOZ,Eastern Africa,Africa,"Maputo, Gaza, Inhambane, Manica, Sofala, Tete provinces ",Lack of rains and increase of food prices,Food shortage,,Yes,,,,,Km2,,,,,2008,12.0,,2009,,,,,500000.0,,500000.0,,,,,,,"73,5687455355046",1,2113;2114;2115;2120;2121;41373,,"Gaza, Inhambane, Manica, Maputo, Sofala, Tete (Adm1). "
2008-9468-SOM,2008,9468,,Natural,Climatological,Drought,Drought,,,Somalia,SOM,Eastern Africa,Africa,"Matabaan city, Belet Weyne district (Hiraan province)",,Food shortage,,,,,,,Km2,,,,,2008,1.0,,2009,4.0,,,,3300000.0,,3300000.0,,,,,,,"73,5687455355046",2,,25684,Belet Weyne (Adm2). 
2008-9307-UGA,2008,9307,OT-2008-000164,Natural,Climatological,Drought,Drought,,,Uganda,UGA,Eastern Africa,Africa,"Nakapiripit, Kodito, Abim provinces (Karamoja region, North-East)",Lack of rains,Food shortage,,Yes,,,,,Km2,,,,,2008,7.0,,2009,10.0,,,,1100000.0,,1100000.0,,,,,,,"73,5687455355046",1,743;765;773,,"Abim, Kotido, Nakapiripirit (Adm1). "
2008-0482-KEN,2008,482,,Natural,Hydrological,Flood,Flash flood,,,Kenya,KEN,Eastern Africa,Africa,Mandera district (North Eastern province),Heavy rain,,,,,,202.0,45130.0,Km2,4,41.9,,Daua,2008,10.0,14.0,2008,10.0,16.0,3.0,,6000.0,,6000.0,,,,,,,"73,5687455355046",2,,51363,Mandera (Adm2). 
2008-0127-KEN,2008,127,,Natural,Hydrological,Flood,Riverine flood,,,Kenya,KEN,Eastern Africa,Africa,Taita Taveta district (Coast province),Heavy rain,,,,,,,12190.0,Km2,-3.38,38.17,,"Voi, Lumi, Ruvu, Lake Jipe tributaries",2008,3.0,17.0,2008,4.0,5.0,,,700.0,,700.0,,,,,,,"73,5687455355046",2,,51345,Taita Taveta (Adm2). 
2008-0260-KEN,2008,260,FL-2008-000092,Natural,Hydrological,Flood,Riverine flood,,,Kenya,KEN,Eastern Africa,Africa,"Tana river delta area (Tana River district, Coast province)",,,,,,,,41800.0,Km2,-1.57,40.12,,,2008,6.0,13.0,2008,6.0,20.0,16.0,,8658.0,,8658.0,,,,,,,"73,5687455355046",2,,51346,Tana River (Adm2). 
2008-0483-KEN,2008,483,,Natural,Hydrological,Flood,Riverine flood,,,Kenya,KEN,Eastern Africa,Africa,"Katilu area (Turkana district, Rift Valley province)",Hevay rains,,,,,,,,Km2,,,,Turkwel river,2008,10.0,4.0,2008,10.0,7.0,17.0,,6310.0,,6310.0,,,,,,,"73,5687455355046",2,,51392,Turkana (Adm2). 
2008-0513-KEN,2008,513,,Natural,Hydrological,Landslide,Landslide,,,Kenya,KEN,Eastern Africa,Africa,"Chepkogoh village (West Pokot district, Rift Valley province)",Heavy rains,,,,,,,,,,,,,2008,11.0,8.0,2008,11.0,8.0,10.0,20.0,,,20.0,,,,,,,"73,5687455355046",2,,51394,West Pokot (Adm2). 
2008-0100-KEN,2008,100,,Natural,Biological,Epidemic,Bacterial disease,,Cholera,Kenya,KEN,Eastern Africa,Africa,Mandera district,,,,,No,No,,,Vaccinated,,,,,2008,2.0,,2008,2.0,,43.0,,,,,,,,,,,"73,5687455355046",,,,
2008-9302-KEN,2008,9302,OT-2008-000098,Natural,Climatological,Drought,Drought,,,Kenya,KEN,Eastern Africa,Africa,"Sacho, Marigat, Mukutani, Tenges, Kolowa, Tangulbei, Nginyang cities/towns (Baringo district, Rift Valley province), Samburu district (Rift valley province), Turkana, West Pokot, Administrative Unit Not Available districts (North Rift Valley province), Central, Eastern, North Eastern, Coast provinces",Poor November rain,,,Yes,,,,,Km2,,,,,2008,7.0,,2009,,,4.0,,3800000.0,,3800000.0,,,,,,,"73,5687455355046",1;2,51325;51326;51327;51329,51377;51389;51392;51394;61001,"Central, Coast, Eastern, North Eastern (Adm1). Administrative unit not available, Baringo, Samburu, Turkana, West Pokot (Adm2). "
2008-0129-KEN,2008,129,,Natural,Hydrological,Flood,,,,Kenya,KEN,Eastern Africa,Africa,"Chalbi area (Marsabit district, Eastern province), Rachuonyo district (Nyanza province)",Heavy rain,,,,,,,21280.0,Km2,2.83,37.67,,,2008,3.0,20.0,2008,4.0,2.0,2.0,,10000.0,,10000.0,,,,,,,"73,5687455355046",2,,51352;51374,"Marsabit, Rachuonyo (Adm2). "
2008-0361-LBR,2008,361,,Natural,Hydrological,Flood,Riverine flood,,,Liberia,LBR,Western Africa,Africa,Greater Monrovia district (Montserrado province),,,,,,,,,Km2,,,,,2008,7.0,,2008,7.0,,,,,340.0,340.0,,,,,,,"73,5687455355046",2,,147290,Greater Monrovia (Adm2). 
2008-0498-MAR,2008,498,,Natural,Hydrological,Flood,Flash flood,,,Morocco,MAR,Northern Africa,Africa,"Driouch area (Nador district, Oriental province), Tanger area (Tanger-Assilah district, Tanger - Tétouan province)",Torrential rain,,,,,,,146700.0,Km2,33.73,-4.77,,,2008,10.0,23.0,2008,11.0,3.0,30.0,,20000.0,,20000.0,,,,,,,"73,5687455355046",2,,21819;147362,"Nador, Tanger-Assilah (Adm2). "
2008-0093-MAR,2008,93,,Natural,Hydrological,Flood,Riverine flood,,,Morocco,MAR,Northern Africa,Africa,"Marrakech, El Kelaâ des Sraghna districts (Marrakech - Tensift - Al Haouz province)",Heavy rains,,,,,,,23600.0,Km2,32.11,-7.11,,,2008,2.0,26.0,2008,2.0,28.0,9.0,,,,,,,,,,,"73,5687455355046",2,,21829;147349,"El Kela?? des Sraghna, Marrakech (Adm2). "
2008-0111-MDG,2008,111,TC-2008-000033,Natural,Meteorological,Storm,Tropical cyclone,,"Cyclone ""Jokwe""",Madagascar,MDG,Eastern Africa,Africa,Nosy-Be district (Diana province),,,,,,,,,Kph,,,,,2008,3.0,5.0,2008,3.0,6.0,,,400.0,,400.0,,,,,,,"73,5687455355046",2,,154574,Nosy-Be (Adm2). 
2008-0345-MDG,2008,345,,Natural,Biological,Epidemic,Viral disease,,Rift Valley Fever,Madagascar,MDG,Eastern Africa,Africa,"Alaotra Mangoro, Analamanga, Itasy, Vakinakaratra, Anosy regions",,,,,No,No,,,Vaccinated,,,,,2008,1.0,,2008,6.0,29.0,20.0,,520.0,,520.0,,,,,,,"73,5687455355046",,,,
2008-0631-MLI,2008,631,,Natural,Hydrological,Flood,Riverine flood,,,Mali,MLI,Western Africa,Africa,"Diancouté, Camara, Lambidou, Fatao villages (Kayes district, Kayes province)",,,,,,,,,Km2,,,,,2008,8.0,18.0,2008,8.0,19.0,,,,2500.0,2500.0,,,,,,,"73,5687455355046",2,,19378,Kayes (Adm2). 
2008-0628-MOZ,2008,628,,Natural,Hydrological,Flood,Riverine flood,,,Mozambique,MOZ,Eastern Africa,Africa,"Manica, Mossurize, Tambara districts (Manica province), Maputo, Inhambane, Gaza, Tete provinces",Heavy rain,,,,,,,126000.0,Km2,-22.92,34.03,,,2008,12.0,28.0,2009,1.0,19.0,25.0,,3500.0,,3500.0,,,,,,,"73,5687455355046",1;2,2113;2114;2121;41373,21877;21878;21880,"Gaza, Inhambane, Maputo, Tete (Adm1). Manica, Mossurize, Tambara (Adm2). "
2008-0111-MOZ,2008,111,TC-2008-000033,Natural,Meteorological,Storm,Tropical cyclone,,"Cyclone ""Jokwe""",Mozambique,MOZ,Eastern Africa,Africa,"Mossuril, Angoche, Nacala, Moma, Ilha de Mocambique, Mogovolas districts (Nampula province), Zambezia, Sofala provinces",,,,,,,8166.0,,Kph,,,,,2008,3.0,8.0,2008,3.0,9.0,9.0,13.0,165000.0,55000.0,220013.0,,,,,20000.0,27185.0,"73,5687455355046",1;2,2120;2122,21889;21897;21898;21900;65260;65261,"Sofala, Zambezia (Adm1). Angoche, Ilha de Mocambique, Mogovolas, Moma, Mossuril, Nacala (Adm2). "
2008-0543-MOZ,2008,543,EP-2008-000219,Natural,Biological,Epidemic,Bacterial disease,,Cholera,Mozambique,MOZ,Eastern Africa,Africa,"Guro district (Manica province), Tete City, Chiuta, Changar, Macanga (Tete province); Zambezia , Niassa, Cabo Delgado, Nampula, Maputo, Sofala, Inhambane, Gaza provinces",,,,,No,No,,,Vaccinated,,,,,2008,11.0,1.0,2009,11.0,,155.0,,19310.0,,19310.0,,,,,,,"73,5687455355046",,,,
2008-0392-MOZ,2008,392,,Natural,Climatological,Wildfire,,,,Mozambique,MOZ,Eastern Africa,Africa,"Manica, Sofala, Zambezia provinces",,,,,,,,,Km2,,,,,2008,9.0,1.0,2008,9.0,2.0,49.0,23.0,,3000.0,3023.0,,,,,,,"73,5687455355046",1,2115;2120;2122,,"Manica, Sofala, Zambezia (Adm1). "
2008-0639-MWI,2008,639,FL-2009-000007,Natural,Hydrological,Flood,Riverine flood,,,Malawi,MWI,Eastern Africa,Africa,"Molol area (Nsanje district, Southern Region province), Nazombe, Kaduya, Jebala, Nkhulambe areas (Phalombe district, Southern Region province), Balaka, Blantyre, Machinga, Mangochi, Neno, Zomba, Chikwawa, Mulanje, Thyolo, Chiradzulu districts (Southern Region province), Lilongwe, Dowa, Mchinji, Kasungu, Ntcheu, Nkhotakota districts (Central Region province), Mzimba, Nkhata Bay, Rumphi, Karonga districts (Northern Region province)",Heavy rains,,,,,,,,Km2,,,,,2008,12.0,,2009,4.0,,,,16380.0,,16380.0,,,,,,,"73,5687455355046",2,,19308;19309;19310;19311;19312;19313;19317;19318;19320;19321;19322;19323;19325;19328;19329;19330;42173;42174;42175;42176;42177;65270,"Balaka, Blantyre, Chikwawa, Chiradzulu, Dowa, Karonga, Kasungu, Lilongwe, Machinga, Mangochi, Mchinji, Mulanje, Mzimba, Neno, Nkhata Bay, Nkhotakota, Nsanje, Ntcheu, Phalombe, Rumphi, Thyolo, Zomba (Adm2). "
2008-0511-MWI,2008,511,EP-2008-000218,Natural,Biological,Epidemic,Bacterial disease,,Cholera,Malawi,MWI,Eastern Africa,Africa,"Blantyre, Lilongwe, Machinga districts",,,,,No,No,,,Vaccinated,,,,,2008,11.0,15.0,2009,5.0,24.0,113.0,,5269.0,,5269.0,,,,,,,"73,5687455355046",,,,
2008-0060-NAM,2008,60,,Natural,Hydrological,Flood,Riverine flood,,,Namibia,NAM,Southern Africa,Africa,"Omusati, Oshana, Oshikoto, Ohangwena, Caprivi provinces",Heavy rains,,,Yes,Yes,,,,Km2,-17.05,17.26,,,2008,1.0,30.0,2008,3.0,3.0,42.0,,65000.0,,65000.0,,,,,,,"73,5687455355046",1,2137;2144;2146;2147;2148,,"Caprivi, Ohangwena, Omusati, Oshana, Oshikoto (Adm1). "
2008-0543-NAM,2008,543,EP-2008-000219,Natural,Biological,Epidemic,Bacterial disease,,Cholera,Namibia,NAM,Southern Africa,Africa,"Opuwo, Okangwati districts (Kunene region)",,,,,No,No,,,Vaccinated,,,,,2008,10.0,22.0,2009,4.0,17.0,9.0,,203.0,,203.0,,,,,,,"73,5687455355046",,,,
2008-0296-NER,2008,296,,Natural,Hydrological,Flood,Riverine flood,,,Niger (the),NER,Western Africa,Africa,"Zinder, Tahoua, Dosso, Tillaberi provinces",Heavy rains,,,Yes,,,,,Km2,,,,,2008,7.0,,2008,7.0,,7.0,,32000.0,,32000.0,,,,,,,"73,5687455355046",1,2204;2207;2208;2209,,"Dosso, Tahoua, Tillaberi, Zinder (Adm1). "
2008-0235-NER,2008,235,EP-2008-000067,Natural,Biological,Epidemic,Bacterial disease,,Meningitis,Niger (the),NER,Western Africa,Africa,"Tahoua, Dosso, Zinder, Maradi, Tillaberi",,,,,No,No,,,Vaccinated,,,,,2008,1.0,1.0,2008,12.0,8.0,111.0,,1991.0,,1991.0,,,,,,,"73,5687455355046",,,,
2008-0447-NER,2008,447,,Natural,Biological,Epidemic,Bacterial disease,,Cholera,Niger (the),NER,Western Africa,Africa,"Keita, Birni districts, Maradi, Guidan Roumdji",,,,,No,No,,,Vaccinated,,,,,2008,1.0,1.0,2008,10.0,,62.0,,814.0,,814.0,,,,,,,"73,5687455355046",,,,
2008-0424-NGA,2008,424,,Natural,Biological,Epidemic,Bacterial disease,,Cholera,Nigeria,NGA,Western Africa,Africa,"Katsina, Zamfara, Bauchi, Kano states (North)",Dirty water,,,,No,No,,,Vaccinated,,,,,2008,9.0,,2008,9.0,,97.0,,,,,,,,,,,"73,5687455355046",,,,
2008-0425-NGA,2008,425,,Natural,Biological,Epidemic,Bacterial disease,,Cholera,Nigeria,NGA,Western Africa,Africa,"Madurdi, Oturkpo towns (Benue State)","Unhygienic conditions, water",,,,No,No,,,Vaccinated,,,,,2008,3.0,,2008,3.0,,35.0,,,,,,,,,,,"73,5687455355046",,,,
2008-0572-NGA,2008,572,,Natural,Biological,Epidemic,,,Un-identified diseases,Nigeria,NGA,Western Africa,Africa,,,,,,No,No,,,Vaccinated,,,,,2008,11.0,,2008,12.0,,46.0,,66.0,,66.0,,,,,,,"73,5687455355046",,,,
2008-0040-RWA,2008,40,EQ-2008-000017,Natural,Geophysical,Earthquake,Ground movement,,,Rwanda,RWA,Eastern Africa,Africa,"Cyangugu, Nyamasheke villages (Rusizi district, West/Iburengerazuba province)",,,,,,,,6.0,Richter,-2.296,28.9,,,2008,2.0,3.0,2008,2.0,3.0,36.0,643.0,,,643.0,,,,,,,"73,5687455355046",2,,22001,Rusizi (Adm2). 
2008-0469-SDN,2008,469,,Natural,Biological,Epidemic,Bacterial disease,,Acute Watery Diarrhoea (AWD),Sudan (the),SDN,Northern Africa,Africa,Gedarif,,,,,No,No,,,Vaccinated,,,,,2008,7.0,,2008,10.0,,3.0,,163.0,,163.0,,,,,,,"73,5687455355046",,,,
2008-0470-SDN,2008,470,,Natural,Biological,Epidemic,Bacterial disease,,Cholera,Sudan (the),SDN,Northern Africa,Africa,Bar-el-Ghazal's Aweil,,,,,No,No,,,Vaccinated,,,,,2008,9.0,29.0,2008,10.0,5.0,12.0,,49.0,,49.0,,,,,,,"73,5687455355046",,,,
2008-0410-SEN,2008,410,,Natural,Hydrological,Flood,Flash flood,,,Senegal,SEN,Western Africa,Africa,"Thies, Diourbel, Saint louis, Kaolack, Dakar provinces",Heavy rains,,,Yes,,,91.0,,Km2,,,,,2008,8.0,15.0,2008,9.0,,1.0,,23600.0,,23600.0,,,,,,,"73,5687455355046",1,1373;2636;2644;47585;47589,,"Dakar, Diourbel, Kaolack, Saint louis, Thies (Adm1). "
2008-0258-SLE,2008,258,,Natural,Biological,Epidemic,Bacterial disease,,Cholera,Sierra Leone,SLE,Western Africa,Africa,"Freetown, Lungi, Kambia",,,,,No,No,,,Vaccinated,,,,,2008,6.0,,2008,6.0,,170.0,,1746.0,,1746.0,,,,,,,"73,5687455355046",,,,
2008-0506-SOM,2008,506,,Natural,Hydrological,Flood,Flash flood,,,Somalia,SOM,Eastern Africa,Africa,"Bardera city (Baardheere district, Gedo province)",Heavy rains,,,,,,,111900.0,Km2,1.25,43.5,,,2008,11.0,3.0,2008,11.0,4.0,,,52000.0,,52000.0,,,,,,,"73,5687455355046",2,,25678,Baardheere (Adm2). 
2008-0100-SOM,2008,100,,Natural,Biological,Epidemic,Bacterial disease,,Cholera,Somalia,SOM,Eastern Africa,Africa,Belet Hawo (Southwestern),,,,,No,No,,,Vaccinated,,,,,2008,2.0,,2008,2.0,,13.0,,663.0,,663.0,,,,,,,"73,5687455355046",,,,
2008-0367-TCD,2008,367,FL-2008-000126,Natural,Hydrological,Flood,Riverine flood,,,Chad,TCD,Middle Africa,Africa,"Ndjamena district (Hadjer Lamis province), Barh Koh, Lac Iro provinces",Heavy seasonal rains,,,,,,,61820.0,Km2,9.233,18.35,,,2008,7.0,20.0,2008,8.0,25.0,,,,6450.0,6450.0,,,,,,,"73,5687455355046",1;2,12923;12924,65629,"Barh Koh, Lac Iro (Adm1). Ndjamena (Adm2). "
2008-0445-TCD,2008,445,,Natural,Hydrological,Flood,Riverine flood,,,Chad,TCD,Middle Africa,Africa,"Kerfi village (Goz-beida district, Sila province)",,,,,,,,,Km2,,,,,2008,9.0,15.0,2008,9.0,15.0,,,8000.0,,8000.0,,,,,,,"73,5687455355046",2,,65489,Goz-beida (Adm2). 
2008-0448-TCD,2008,448,,Natural,Biological,Epidemic,Viral disease,,Hepatite E,Chad,TCD,Middle Africa,Africa,"Dogdore, Bredjing camps",,,,,No,No,,,Vaccinated,,,,,2008,1.0,1.0,2008,10.0,1.0,22.0,,1755.0,,1755.0,,,,,,,"73,5687455355046",,,,
2008-0291-TGO,2008,291,,Natural,Hydrological,Flood,Riverine flood,,,Togo,TGO,Western Africa,Africa,"Agou, Ogou, Kloto, Haho districts (Plateaux province), Ave, Golfe, Vo, Zio districts (Maritime province)",Torrential rains,,,Yes,Yes,,,66960.0,Km2,,,,"Zio, Haho",2008,7.0,1.0,2008,8.0,8.0,6.0,79.0,44735.0,,44814.0,,,,,,,"73,5687455355046",2,,27394;27396;65272;65273;65279;65280;65283;65288,"Agou, Ave, Golfe, Haho, Kloto, Ogou, Vo, Zio (Adm2). "
2008-0658-TGO,2008,658,EP-2009-000012,Natural,Biological,Epidemic,Bacterial disease,,Cholera,Togo,TGO,Western Africa,Africa,Lome region,,,,,No,No,,,Vaccinated,,,,,2008,12.0,12.0,2009,1.0,12.0,6.0,,686.0,,686.0,,,,,,,"73,5687455355046",,,,
2008-0127-TZA,2008,127,,Natural,Hydrological,Flood,Riverine flood,,,"Tanzania, United Republic of",TZA,Eastern Africa,Africa,"Mererani area (Simanjiro district, Manyara province)",Heavy rains,,,,,,,,Km2,-3.38,38.17,,,2008,3.0,17.0,2008,4.0,4.0,1.0,,,1500.0,1500.0,,,,,,,"73,5687455355046",2,,48429,Simanjiro (Adm2). 
2008-0641-TZA,2008,641,,Natural,Meteorological,Storm,Convective storm,,,"Tanzania, United Republic of",TZA,Eastern Africa,Africa,"Kizwite, Milanzi villages (Sumbawanga Urban district, Rukwa province)",,,,,,,,,Kph,,,,,2008,12.0,,2008,12.0,,,4.0,270.0,,274.0,,,,,,,"73,5687455355046",2,,48476,Sumbawanga Urban (Adm2). 
2008-0642-TZA,2008,642,,Natural,Meteorological,Storm,Convective storm,,,"Tanzania, United Republic of",TZA,Eastern Africa,Africa,"Idobashi village (Itwangi area, Shinyanga Rural district, Shinyanga province)",,,,,,,,,Kph,,,,,2008,12.0,,2008,12.0,,,3.0,400.0,,403.0,,,,,,,"73,5687455355046",2,,115063,Shinyanga Rural (Adm2). 
2008-0066-TZA,2008,66,FL-2008-000011,Natural,Hydrological,Flood,,,,"Tanzania, United Republic of",TZA,Eastern Africa,Africa,"Rukwa, Kigoma, Ruvuma, Pwani, Manyara provinces",Heavy rains,,,,,,,,Km2,,,,,2008,1.0,10.0,2008,3.0,31.0,72.0,15.0,7500.0,442.0,7957.0,,,,,,,"73,5687455355046",1,48362;48365;48373;48375;115008,,"Kigoma, Manyara, Pwani, Rukwa, Ruvuma (Adm1). "
2008-0527-UGA,2008,527,,Natural,Hydrological,Flood,Riverine flood,,,Uganda,UGA,Eastern Africa,Africa,"Adjumani, Moyo, Nakapiripirit, Moroto, Kaabong, Abim, Kiboga, Kayunga, Kasese provinces",Heavy rains,,,,,,,,Km2,,,,,2008,11.0,17.0,2008,11.0,17.0,49.0,40.0,30000.0,,30040.0,,,,,,,"73,5687455355046",1,743;772;773;1234;3104;3121;3136;42185;47074,,"Abim, Adjumani, Kaabong, Kasese, Kayunga, Kiboga, Moroto, Moyo, Nakapiripirit (Adm1). "
2008-0274-UGA,2008,274,EP-2008-000101-UGA,Natural,Biological,Epidemic,Bacterial disease,,Cholera,Uganda,UGA,Eastern Africa,Africa,"Mbale, Butaleja, Pallisa, Manafwa, Tororo districts",Combined effect of the rainy season and limited access to potable water and poor sanitation facilities,,,,No,No,,,Vaccinated,,,,,2008,5.0,2.0,2008,6.0,27.0,28.0,,388.0,,388.0,,,,,,,"73,5687455355046",,,,
2008-0528-ZAF,2008,528,,Natural,Meteorological,Storm,Convective storm,Hail,,South Africa,ZAF,Southern Africa,Africa,"Durban city (eThekwini district, KwaZulu-Natal province)",,,,,,,,,Kph,,,,,2008,11.0,14.0,2008,11.0,14.0,5.0,76.0,,3500.0,3576.0,,,,,,,"73,5687455355046",2,,77363,eThekwini Metropolitan Municipality (Adm2). 
2008-0245-ZAF,2008,245,FL-2008-000094,Natural,Hydrological,Flood,Riverine flood,,,South Africa,ZAF,Southern Africa,Africa,KwaZulu-Natal province,Heavy rains,,,,,,,25970.0,Km2,-29.67,31.09,,,2008,6.0,19.0,2008,6.0,19.0,11.0,,4000.0,,4000.0,,,,,1264.0,1718.0,"73,5687455355046",1,77311,,KwaZulu-Natal (Adm1). 
2008-0647-ZAF,2008,647,,Natural,Climatological,Wildfire,"Land fire (Brush, Bush, Pasture)",,,South Africa,ZAF,Southern Africa,Africa,"Kwazulu-Natal, Free state",,,,,,,,,Km2,,,,,2008,8.0,30.0,2008,9.0,3.0,34.0,25.0,,,25.0,,,,,430000.0,584487.0,"73,5687455355046",1,2707;77311,,"Free State, KwaZulu-Natal (Adm1). "
2008-0511-ZAF,2008,511,EP-2008-000218,Natural,Biological,Epidemic,Bacterial disease,,Cholera,South Africa,ZAF,Southern Africa,Africa,"Vhembe district (Limpopo province); Mpumalanga, Gauteng provinces",,,,,No,Yes,,,Vaccinated,,,,,2008,11.0,15.0,2009,5.0,31.0,65.0,,12752.0,,12752.0,,,,,,,"73,5687455355046",,,,
2009-0043-MAR,2009,43,,Natural,Hydrological,Flood,Riverine flood,,,Morocco,MAR,Northern Africa,Africa,"Meknes - Tafilalet, Chaouia - Ouardigha, Doukkala - Abda, Fes-Boulemane, Gharb - Chrarda - Beni Hssen, Grand Casablanca, Marrakech - Tensift - Al Haouz, Rabat - Salé - Zemmour - Zaer, Tadla - Azilal, Tanger - Tétouan, Taza - Al Hoceima - Taounate provinces",Heavy rains,Rain,,,,,,188200.0,Km2,32.65,-6.16,,,2009,2.0,1.0,2009,2.0,12.0,24.0,,2000.0,,2000.0,,,,,,,"73,3071767219387",1,2107;147326;147327;147328;147329;147330;147333;147334;147336;147338,,"Chaouia - Ouardigha, Doukkala - Abda, Fès-Boulemane, Gharb-Chrarda-Beni Hssen, Grand Casablanca, Marrakech - Tensift - Al Haouz, Meknès-Tafilalet, Rabat-Salé-Zemmour-Zaer, Tadla - Azilal, Taza - Al Hoceima - Taounate (Adm1). "
2009-0047-MDG,2009,47,TC-2009-000019 ,Natural,Meteorological,Storm,Tropical cyclone,,Cyclones Eric and Fanele,Madagascar,MDG,Eastern Africa,Africa,"Ambositra district (Amoron I Mania province), Menabe, Sofia, Sava, Atsinanana, Analanjirofo provinces",,Flood,,Yes,,,945.0,210.0,Kph,-17.69,46.42,,,2009,1.0,19.0,2009,1.0,22.0,12.0,,58493.0,4012.0,62505.0,,,,,,,"73,3071767219387",1;2,41753;41758;41767;41768;41769,154515,"Analanjirofo, Atsinanana, Menabe, Sava, Sofia (Adm1). Ambositra (Adm2). "
2009-0123-MDG,2009,123,,Natural,Meteorological,Storm,Tropical cyclone,,"Tropical storm ""Izilda""",Madagascar,MDG,Eastern Africa,Africa,"Androy, Anosy, Atsimo Andrefana, Menabe provinces",,Flood,,,,,,140.0,Kph,,,,,2009,3.0,17.0,2009,3.0,27.0,,,3376.0,,3376.0,,,,,,,"73,3071767219387",1,41754;41755;41756;41767,,"Androy, Anosy, Atsimo Andrefana, Menabe (Adm1). "
2009-0123-MOZ,2009,123,,Natural,Meteorological,Storm,Tropical cyclone,,"Tropical storm ""Izilda""",Mozambique,MOZ,Eastern Africa,Africa,Zambezia province,,Flood,,,,,,130.0,Kph,,,,,2009,3.0,26.0,2009,3.0,27.0,,3.0,600.0,6500.0,7103.0,,,,,3000.0,4092.0,"73,3071767219387",1,2122,,Zambezia (Adm1). 
2009-0202-KEN,2009,202,,Natural,Biological,Epidemic,Bacterial disease,,Cholera,Kenya,KEN,Eastern Africa,Africa,"Busia, Bungoma, Siaya, Tinderet, Naivasha, Roongo, Kisumu West ,Kajiado, Moyale, Laisamis, Wajir North, Isiolo, Garissa districts",Poor sanitation and hygiene,,,,No,No,,,Vaccinated,,,,,2009,1.0,,2009,5.0,21.0,201.0,,10048.0,,10048.0,,,,,,,"73,3071767219387",,,,
2009-0057-LBR,2009,57,IN-2009-000018,Natural,Biological,Insect infestation,Worms,,,Liberia,LBR,Western Africa,Africa,"Zota district (Bong County), Suakoko, Sanoyea, Salala districts",,,,Yes,Yes,Yes,100.0,,,,,,,2009,1.0,15.0,2009,,,,,500000.0,,500000.0,,,,,,,"73,3071767219387",,,,
2009-0137-MDG,2009,137,,Natural,Meteorological,Storm,Tropical cyclone,,"Tropical storm ""Jade""",Madagascar,MDG,Eastern Africa,Africa,"Soanierana Ivongo, Maroantsetra, Mananara-Avaratra, Sainte Marie districts (Analanjirofo province), Nosy Varika, Mananjary, Vohipeno, Manakara districts (Vatovavy Fitovinany province), Port Berge (Boriziny-Vaovao), Mampikony districts (Sofia province), Amparafaravola, Moramanga districts (Alaotra Mangoro province), Vatomandry district (Atsinanana province), Vangaindrano district (Atsimo Atsinanana province), Antalaha district (Sava province)",,,,,,,,160.0,Kph,,,,,2009,4.0,6.0,2009,4.0,6.0,15.0,10.0,60818.0,4090.0,64918.0,,,,,5000.0,6821.0,"73,3071767219387",2,,154510;154513;154526;154527;154528;154529;154550;154558;154596;154603;154605;154613;154614;154615;154616,"Amparafaravola, Antalaha, Mampikony, Manakara Atsimo, Mananara-Avaratra, Mananjary, Maroantsetra, Moramanga, Nosy-Varika, Port-Berge (Boriziny-Vaovao), Sainte Marie, Soanierana Ivongo, Vangaindrano, Vatomandry, Vohipeno (Adm2). "
2009-0087-MLI,2009,87,EP-2009-000066-NER,Natural,Biological,Epidemic,Viral disease,,Meningococcal disease,Mali,MLI,Western Africa,Africa,,,,,,No,No,,,Vaccinated,,,,,2009,,,2009,4.0,5.0,10.0,,86.0,,86.0,,,,,,,"73,3071767219387",,,,
2009-0092-MOZ,2009,92,FL-2009-000063,Natural,Hydrological,Flood,Riverine flood,,,Mozambique,MOZ,Eastern Africa,Africa,"Cuamba district (Southern province), Zambezia, Nampula, Maputo provinces",,,,,,,,,Km2,,,,,2009,2.0,,2009,3.0,,,,6925.0,,6925.0,,,,,,,"73,3071767219387",1;2,2118;2122;41373,21907,"Maputo, Nampula, Zambezia (Adm1). Cuamba (Adm2). "
2009-0092-NAM,2009,92,FL-2009-000063,Natural,Hydrological,Flood,Riverine flood,,,Namibia,NAM,Southern Africa,Africa,"Kavango, Caprivi, Ohangwena, Omusati, Oshana, Oshikoto provinces",Heavy rains,,,Yes,Yes,Yes,4154.0,,Km2,,,,"Cunene, Chobe, Zambezi, Kavango rivers",2009,3.0,1.0,2009,3.0,19.0,92.0,,350000.0,,350000.0,,,,,,,"73,3071767219387",1,2137;2141;2144;2146;2147;2148,,"Caprivi, Kavango, Ohangwena, Omusati, Oshana, Oshikoto (Adm1). "
2009-0087-NER,2009,87,EP-2009-000066-NER,Natural,Biological,Epidemic,Viral disease,,Meningococcal disease,Niger (the),NER,Western Africa,Africa,"Zinder, Maradi, Agadez, Dosso, Diffa",,,,,No,No,,227270.0,Vaccinated,,,,,2009,1.0,,2009,4.0,5.0,169.0,,4513.0,,4513.0,,,,,,,"73,3071767219387",,,,
2009-0087-NGA,2009,87,EP-2009-000066-NER,Natural,Biological,Epidemic,Viral disease,,Meningococcal disease,Nigeria,NGA,Western Africa,Africa,"Gombe, Jogawa, Kano, Katsina states",,,,,No,No,,,Vaccinated,,,,,2009,1.0,1.0,2009,4.0,5.0,1701.0,,35255.0,,35255.0,,,,,,,"73,3071767219387",,,,
2009-0150-TCD,2009,150,,Natural,Biological,Epidemic,Viral disease,,Meningitis,Chad,TCD,Middle Africa,Africa,,,,,,No,Yes,,,Vaccinated,,,,,2009,1.0,,2009,4.0,,102.0,,871.0,,871.0,,,,,,,"73,3071767219387",,,,
2009-0052-TZA,2009,52,,Natural,Meteorological,Storm,Convective storm,,,"Tanzania, United Republic of",TZA,Eastern Africa,Africa,"Chavumba village (Handali area, Chamwino district, Dodoma province)",,,,,,,,,Kph,,,,,2009,1.0,16.0,2009,1.0,16.0,,,605.0,,605.0,,,,,,,"73,3071767219387",2,,115066,Chamwino (Adm2). 
2009-0007-ZAF,2009,7,,Natural,Meteorological,Storm,Convective storm,Lightning/Thunderstorms,,South Africa,ZAF,Southern Africa,Africa,"Inchanga town (eThekwini district, KwaZulu-Natal province), Umzimkhulu area (Sisonke district, KwaZulu-Natal province), Richmond area (Umgungundlovu district, KwaZulu-Natal province)",,,,,,,,,Kph,,,,,2009,1.0,3.0,2009,1.0,4.0,18.0,,,,,,,,,,,"73,3071767219387",2,,77330;77352;77363,"eThekwini Metropolitan Municipality, Sisonke District Municipality, Umgungundlovu District Municipality (Adm2). "
2009-0108-ZAF,2009,108,,Natural,Hydrological,Flood,Riverine flood,,,South Africa,ZAF,Southern Africa,Africa,KwaZulu Natal province,Heavy rain,,,,,,,,Km2,-29.41,30.82,,56340,2009,2.0,28.0,2009,3.0,3.0,3.0,,300.0,,300.0,,,,,,,"73,3071767219387",1,77311,,KwaZulu-Natal (Adm1). 
2007-0527-COD,2007,527,,Natural,Hydrological,Flood,Riverine flood,,,Congo (the Democratic Republic of the),COD,Middle Africa,Africa,Kinshasa district (Kinshasa province),Heavy rain,"Slide (land, mud, snow, rock)",,,,,,1950.0,Km2,-4.37,15.38,,,2007,10.0,25.0,2007,10.0,31.0,32.0,100.0,1500.0,,1600.0,,,,,,,"70,848792703253",2,,14987,Kinshasa (Adm2). 
2007-0604-ZWE,2007,604,FL-2007-000227,Natural,Hydrological,Flood,Riverine flood,,,Zimbabwe,ZWE,Eastern Africa,Africa,Centenary district (Mashonaland Central province),Heavy rains,Rain,,,,,,13370.0,Km2,-16.66,31.24,,Zambezi tributaries,2007,12.0,13.0,2007,12.0,,3.0,,15000.0,,15000.0,,,,,,,"70,848792703253",2,,33061,Centenary (Adm2). 
2007-9675-ZWE,2007,9675,JT-2008-000097,Natural,Climatological,Drought,Drought,,,Zimbabwe,ZWE,Eastern Africa,Africa,"Masvingo, Matabeleland North, Matabeleland South, Midlands, Manicaland, Mashonaland Central, Mashonaland East, Mashonaland West provinces",,Food shortage,,,,,,,Km2,,,,,2007,1.0,,2009,6.0,,,,2100000.0,,2100000.0,,,,,,,"70,848792703253",1,3437;3438;3440;3441;3443;3444;69549;69550,,"Manicaland, Mashonaland Central, Mashonaland East, Mashonaland West, Masvingo, Matabeleland North, Matabeleland South, Midlands (Adm1). "
2007-0456-COD,2007,456,,Natural,Biological,Epidemic,Viral disease,,Ebola Haemmorrhgaic fever,Congo (the Democratic Republic of the),COD,Middle Africa,Africa,"Mkewa, Luebo, Kampungu, Laluamba (Western Kasai)",,,,Yes,No,No,,,Vaccinated,,,,,2007,6.0,,2007,10.0,2.0,166.0,,372.0,,372.0,,,,,,,"70,848792703253",,,,
2007-0633-ZMB,2007,633,FL-2007-000011,Natural,Hydrological,Flood,Riverine flood,,,Zambia,ZMB,Eastern Africa,Africa,"Monze, Mazabuka, Siavonga, Sinazongwe, Namwala districts (Southern province), Mumbwa, Mkushi districts (Central province), Kafue district (Lusaka province)",Heavy rains,,,Yes,Yes,,,2180.0,Km2,-15.94,27.77,,Magoya,2007,12.0,30.0,2008,2.0,27.0,10.0,,34766.0,,34766.0,,,,,,,"70,848792703253",2,,65177;65178;65206;65234;65235;65236;65237;65238,"Kafue, Mazabuka, Mkushi, Monze, Mumbwa, Namwala, Siavonga, Sinazongwe (Adm2). "
2007-0616-ZWE,2007,616,FL-2008-000004,Natural,Hydrological,Flood,Riverine flood,,,Zimbabwe,ZWE,Eastern Africa,Africa,"Chiredzi, Chivi districts (Masvingo province)",Heavy rains,,,,,,,53810.0,Km2,-20.78,31.24,,Tributaries of Limpopo and Save rivers,2007,12.0,19.0,2008,1.0,2.0,24.0,,2000.0,,2000.0,,,,,,,"70,848792703253",2,,33082;33083,"Chiredzi, Chivi (Adm2). "
2007-0432-ZWE,2007,432,EP-2007-000104,Natural,Biological,Epidemic,,,,Zimbabwe,ZWE,Eastern Africa,Africa,"Bulawayo, Harare, Kadoma, Kwekwe, Gokwe North and South Rural districts (Mashonaland West, Midlands)",,,,,No,No,,,Vaccinated,,,,,2007,5.0,25.0,2008,2.0,,67.0,,10000.0,,10000.0,,,,,,,"70,848792703253",,,,
2008-0139-COD,2008,139,,Natural,Hydrological,Flood,Riverine flood,,,Congo (the Democratic Republic of the),COD,Middle Africa,Africa,"Kasai Occidental, Bandundu provinces",Torrential rains,Rain,,,,,,,Km2,,,,,2008,4.0,2.0,2008,4.0,2.0,15.0,2.0,,500.0,502.0,,,,,,,"73,5687455355046",1,1066;1069,,"Bandundu, Kasai Occidental (Adm1). "
2008-0004-COD,2008,4,,Natural,Meteorological,Storm,Convective storm,Severe storm,,Congo (the Democratic Republic of the),COD,Middle Africa,Africa,Kikwit district (Bandundu province),,,,,,,,,Kph,,,,,2008,1.0,,2008,1.0,,10.0,8.0,,,8.0,,,,,,,"73,5687455355046",2,,74357,Kikwit (Adm2). 
2008-0040-COD,2008,40,EQ-2008-000017,Natural,Geophysical,Earthquake,Ground movement,,,Congo (the Democratic Republic of the),COD,Middle Africa,Africa,Bukavu district (Sud-Kivu province),,,,,,,,6.0,Richter,-2.296,28.9,09:35,,2008,2.0,3.0,2008,2.0,3.0,11.0,,17355.0,,17355.0,,,,,7000.0,9515.0,"73,5687455355046",2,,74354,Bukavu (Adm2). 
2008-0629-ZMB,2008,629,,Natural,Hydrological,Flood,Riverine flood,,,Zambia,ZMB,Eastern Africa,Africa,"Western, North-Western provinces",,,,,,,,,Km2,,,,,2008,2.0,9.0,2008,5.0,1.0,4.0,,15000.0,,15000.0,,,,,,,"73,5687455355046",1,3431;3434,,"North-Western, Western (Adm1). "
2008-0511-ZMB,2008,511,EP-2008-000218,Natural,Biological,Epidemic,Bacterial disease,,Cholera,Zambia,ZMB,Eastern Africa,Africa,"Mpulungu district (Northern province), Mazabuka, Linvingstone, Lusaka districts; Southern, Copperbelt provinces",,,,,No,No,,,Vaccinated,,,,,2008,9.0,10.0,2009,6.0,,173.0,,8312.0,,8312.0,,,,,,,"73,5687455355046",,,,
2008-0511-ZWE,2008,511,EP-2008-000218,Natural,Biological,Epidemic,Bacterial disease,,Cholera,Zimbabwe,ZWE,Eastern Africa,Africa,"Shamva, Centenary, Mazowe, Guruve, Mbire, Mt Drwin, Bindura, Rushinga (Mashonaland Central province), Bulawayo urban (Bulawayo province), Harare (Budiriro), Chitungwiza (Harare province), Mudzi, Murehwa, Goromonzi, Mutoko, Marondera, Chikomba, Hwedza, UMP, Seke (Mashonaland East province), Kariba Mahombekombe, Kariba rural, Zvimba, Kadoma city, Hurungwe, Cheguto/Norton (Mashonaland West province) Mutasa, Mutare city, Buhera, Chipinge, Makoni, Mutare, Chimanimani (Manicaland province), Lupane (Matebeleland North province), Gwanda, Plumtree (Matebeleland South province), Masvingo, Gutu, Bikita, Mwezeni, Zaka (Masvingo province), Gweru city/Mkoba, Zvishavane, Mberengwa, Gokwe North, Gokwe South, Kwekwe, Shurungwi, Mvuma (Midlands)",,,,Yes,No,No,,,Vaccinated,,,,,2008,8.0,15.0,2009,7.0,23.0,4276.0,,98349.0,,98349.0,,,,,,,"73,5687455355046",,,,
2008-0331-SSD,2008,331,,Natural,Hydrological,Flood,Riverine flood,,,South Sudan,SSD,Northern Africa,Africa,"Bor, Nahr Atiem districts (Jonglei province), Aweil district (Northern Bahr El Ghazal province), Sobat district (Upper Nile province), Warab province",Heavy rain,,,,,,,,Km2,,,,Kuom river,2008,8.0,,2008,8.0,,,,38891.0,,38891.0,,,,,,,"73,5687455355046",1;2,2765,37053;37055;37077;37125,"Warab (Adm1). Aweil, Bor, Nahr Atiem, Sobat (Adm2). "
2008-0520-SSD,2008,520,,Natural,Hydrological,Flood,Riverine flood,,,South Sudan,SSD,Northern Africa,Africa,"Malakal city (Tonga district, Upper Nile province), Al Mabien, Mayot districts (Upper Nile province), Northern Bahr El Ghazal, Unity, Warab provinces",,,,,,,,81580.0,Km2,9.24,29.66,,,2008,10.0,3.0,2008,10.0,6.0,17.0,,3000.0,,3000.0,,,,,,,"73,5687455355046",1;2,2747;2754;2765,37119;37124;37126,"Northern Bahr El Ghazal, Unity, Warab (Adm1). Al Mabien, Mayot, Tonga (Adm2). "
2008-0554-SSD,2008,554,,Natural,Hydrological,Flood,Riverine flood,,,South Sudan,SSD,Northern Africa,Africa,"Northern Bahr El Ghazal, El Buheyrat, Jonglei, Upper Nil, Warab provinces",,,,,,,,,Km2,,,,,2008,11.0,24.0,2008,11.0,24.0,,,50900.0,,50900.0,,,,,,,"73,5687455355046",1,2746;2751;2754;2765;37021,,"El Buheyrat, Jonglei, Northern Bahr El Ghazal, Upper Nile, Warab (Adm1). "
2009-0628-CPV,2009,628,,Natural,Hydrological,Flood,Riverine flood,,,Cabo Verde,CPV,Western Africa,Africa,"Santo Antao, Sao Nicolau, Sao Vicente provinces",,"Slide (land, mud, snow, rock)",,Yes,,,,,Km2,,,,,2009,9.0,,2009,10.0,,3.0,,150.0,,150.0,,,,,,,"73,3071767219387",1,849;850;851,,"Santo Antao, Sao Nicolau, Sao Vicente (Adm1). "
2009-0633-BWA,2009,633,,Natural,Meteorological,Storm,Convective storm,Hail,,Botswana,BWA,Southern Africa,Africa,Mahalapye town (Central province),,Rain,,,,,,,Kph,,,,,2009,12.0,5.0,2009,12.0,5.0,,,400.0,,400.0,,,,,,,"73,3071767219387",1,654,,Central (Adm1). 
2009-9634-BDI,2009,9634,,Natural,Climatological,Drought,Drought,,,Burundi,BDI,Eastern Africa,Africa,"Kirundo, Bugabira, Busoni districts (Kirundo province)",Failed rains,Food shortage,,,,,,,Km2,,,,,2009,12.0,,2010,2.0,,,,180000.0,,180000.0,,,,,,,"73,3071767219387",2,,40638;40639;40642,"Bugabira, Busoni, Kirundo (Adm2). "
2009-9615-ETH,2009,9615,OT-2010-000016,Natural,Climatological,Drought,Drought,,,Ethiopia,ETH,Eastern Africa,Africa,"Somali, Oromia, Afar, Tigray, Amhara, SNNP, Gambela provinces",Poor rainfall,Food shortage,,,,,,,Km2,,,,,2009,1.0,,2010,8.0,,,,6200000.0,,6200000.0,,,,,,,"73,3071767219387",1,1228;1229;1232;1236;1237;47678;47679,,"Afar, Amhara, Gambela, Oromia, SNNPR, Somali, Tigray (Adm1). "
2009-0103-ZMB,2009,103,FL-2009-000068,Natural,Hydrological,Flood,Riverine flood,,,Zambia,ZMB,Eastern Africa,Africa,"Shang'ombo, Mongu, Kalabo, Lukulu, Senanga districts (Western province), North-Western, Northern, Central, Eastern provinces",Heavy rain,,,,,,,,Km2,-18.76,24.23,,Zambezi and Kwando rivers,2009,2.0,27.0,2009,3.0,27.0,31.0,,614814.0,,614814.0,,,,,,,"73,3071767219387",1;2,3426;3428;3431;3432,65239;65241;65242;65243;65245,"Central, Eastern, North-Western, Northern (Adm1). Kalabo, Lukulu, Mongu, Senanga, Shang'ombo (Adm2). "
2009-0550-AGO,2009,550,,Natural,Hydrological,Flood,Riverine flood,,,Angola,AGO,Middle Africa,Africa,"Primeiro de Maio, Quatro de Fevereiro, Terra Nova, Bata Manga, Chimbayanga cillages (Buco-zau district, Cabinda province)",Heavy rain,,,,,,,,Km2,,,,Luali,2009,12.0,10.0,2009,12.0,10.0,,,,4650.0,4650.0,,,,,,,"73,3071767219387",2,,4233,Buco-zau (Adm2). 
2009-0657-AGO,2009,657,,Natural,Biological,Epidemic,Bacterial disease,,Diarroheic diseases,Angola,AGO,Middle Africa,Africa,"Sumbe, Porto Amboim, Mussende district",,,,,No,No,,,Vaccinated,,,,,2009,1.0,,2009,12.0,,107.0,,25795.0,,25795.0,,,,,,,"73,3071767219387",,,,
2009-0243-BEN,2009,243,FL-2009-000127,Natural,Hydrological,Flood,Riverine flood,,,Benin,BEN,Western Africa,Africa,"Akogbato, Kokotome areas (Abomey-calavi district, Atlantique province), Agontinkon, Fifadji, Ahogbohouè, Agongbomè, Ahwansori, Lafji, Vossa, Akpalpadodomè, Yagbè, Minontchou, Avotrou, Zogbohouè, Ayitabèn, Irédé, Agbodjèdo, Cadjèhoun/Houéyiho areas (Cotonou district, Littoral province)",Heavy rain,,,,Yes,Yes,,,Km2,,,,,2009,6.0,22.0,2009,7.0,3.0,7.0,,60238.0,,60238.0,,,,,,,"73,3071767219387",2,,5876;5908,"Abomey-calavi, Cotonou (Adm2). "
2009-0468-BEN,2009,468,,Natural,Hydrological,Flood,Riverine flood,,,Benin,BEN,Western Africa,Africa,"Athieme, Lokossa, Grand-popo districts (Mono province)",Continuous rainfall and opening of Nagbéto dam in Togo,,,,,,,,Km2,,,,,2009,8.0,,2009,8.0,,3.0,,59419.0,,59419.0,,,,,,,"73,3071767219387",2,,5909;5912;5914,"Athieme, Grand-popo, Lokossa (Adm2). "
2009-0243-BFA,2009,243,FL-2009-000127,Natural,Hydrological,Flood,Riverine flood,,,Burkina Faso,BFA,Western Africa,Africa,"Boucle Du Mouhoun, Cascades, Centre, Centre-est, Centre-nord, Centre-ouest, Centre-sud, Est, Hauts-bassins, Nord, Plateau Central, Sahel, Sud-ouest provinces",,,,,,,,,Km2,,,,,2009,6.0,,2009,7.0,,,,500.0,,500.0,,,,,,,"73,3071767219387",1,40276;40277;40278;40279;40280;40281;40282;40283;40284;40285;40286;40287;40288,,"Boucle Du Mouhoun, Cascades, Centre, Centre-est, Centre-nord, Centre-ouest, Centre-sud, Est, Hauts-bassins, Nord, Plateau Central, Sahel, Sud-ouest (Adm1). "
2009-0444-BFA,2009,444,FL-2009-000172,Natural,Hydrological,Flood,Riverine flood,,,Burkina Faso,BFA,Western Africa,Africa,"Ouagadougou city (Kadiogo district, Centre province)",Heavy rain,,,Yes,,,15101.0,,Km2,,,,,2009,9.0,1.0,2009,9.0,1.0,9.0,1000.0,150000.0,,151000.0,,,,,150000.0,204618.0,"73,3071767219387",2,,154450,Kadiogo (Adm2). 
2009-0254-CAF,2009,254,FL-2009-000129,Natural,Hydrological,Flood,Riverine flood,,,Central African Republic,CAF,Middle Africa,Africa,Bangui district (Bangui province),Heavy rains,,,,,,,,Km2,,,,,2009,7.0,3.0,2009,7.0,10.0,1.0,,,11000.0,11000.0,,,,,,,"73,3071767219387",2,,67155,Bangui (Adm2). 
2009-0491-CMR,2009,491,EP-2010-000111,Natural,Biological,Epidemic,Bacterial disease,,Cholera,Cameroon,CMR,Middle Africa,Africa,"Meri, Mogobe, Makary, Kousseri, Mada, Koza, Guere, Mokolo, Hina, Kolofata, Roua, Kar Hay, Yagoua, Tokombéré",,,,,No,No,,,Vaccinated,,,,,2009,9.0,15.0,2010,8.0,1.0,109.0,1456.0,,,1456.0,,,,,,,"73,3071767219387",,,,
2009-0495-CPV,2009,495,EP-2009-000231,Natural,Biological,Epidemic,Viral disease,,Dengue,Cabo Verde,CPV,Western Africa,Africa,"Brava, Fogo, Maio, and Santiago Islands",,,,,No,No,,,Vaccinated,,,,,2009,9.0,30.0,2009,11.0,29.0,6.0,,20147.0,,20147.0,,,,,,,"73,3071767219387",,,,
2009-0394-DZA,2009,394,,Natural,Hydrological,Flood,Riverine flood,,,Algeria,DZA,Northern Africa,Africa,"M'Sila, Biskra, Laghouat provinces",Heavy rains,,,,,,,,Km2,,,,,2009,9.0,10.0,2009,9.0,13.0,15.0,,,,,,,,,,,"73,3071767219387",1,349;365;370,,"Biskra, Laghouat, M'Sila (Adm1). "
2009-0368-ETH,2009,368,,Natural,Biological,Epidemic,Bacterial disease,,Cholera/Acute Watery Diarrhoea,Ethiopia,ETH,Eastern Africa,Africa,"Oromiya, Amhara, Addis Abeba, Southern Nations Nationalities and People's Region (SNNPR), Afar, Somali states",,,,,No,No,,,Vaccinated,,,,,2009,8.0,,2009,9.0,,135.0,,13652.0,,13652.0,,,,,,,"73,3071767219387",,,,
2009-0376-GHA,2009,376,,Natural,Hydrological,Flood,Riverine flood,,,Ghana,GHA,Western Africa,Africa,Northern province,Heavy rains and Dam Release,,,Yes,,,,73810.0,Km2,8.85,-0.99,,White Volta river,2009,9.0,17.0,2009,9.0,21.0,24.0,,139790.0,,139790.0,,,,,,,"73,3071767219387",1,1329,,Northern (Adm1). 
2009-0308-GIN,2009,308,,Natural,Hydrological,Flood,Riverine flood,,,Guinea,GIN,Western Africa,Africa,"Kindia town (Kindia district, Kindia province), Conakry province, ",Heavy rains,,,,,,,,Km2,,,,,2009,8.0,3.0,2009,8.0,3.0,2.0,,40000.0,,40000.0,,,,,,,"73,3071767219387",1;2,40701,40730,Conakry (Adm1). Kindia (Adm2). 
2009-0252-GMB,2009,252,ST-2009-000128,Natural,Meteorological,Storm,Convective storm,Severe storm,,Gambia (the),GMB,Western Africa,Africa,"Banjul district (Kanifing Municipal Council province), Central River, Lower River, Upper River provinces",,,,,,,,,Kph,,,,,2009,7.0,2.0,2009,7.0,2.0,,,2350.0,,2350.0,,,,,,,"73,3071767219387",1;2,1285;1287;1289,16405,"Central River, Lower River, Upper River (Adm1). Banjul (Adm2). "
2009-0445-GMB,2009,445,,Natural,Hydrological,Flood,Riverine flood,,,Gambia (the),GMB,Western Africa,Africa,"Central River, Kanifing Municipal Council, Lower River, North Bank, Upper River, West Coast provinces",,,,,Yes,,,,Km2,,,,,2009,9.0,,2009,9.0,,5.0,,14258.0,,14258.0,,,,,,,"73,3071767219387",1,1285;1287;1288;1289;1290;112869,,"Central River, Kanifing Municipal Council, Lower River, North Bank, Upper River, West Coast (Adm1). "
2010-0255-CIV,2010,255,FL-2010-000118,Natural,Hydrological,Flood,Riverine flood,,,Côte dIvoire,CIV,Western Africa,Africa,"Bondoukou town (Gontougo district, Zanzan province), Abidjan district (District autonome de Abidjan province) ",Heavy Rain,"Slide (land, mud, snow, rock)",,,,,,,Km2,,,,,2010,6.0,24.0,2010,6.0,27.0,8.0,,,,,,,,,,,"74,5094440781961",2,,14911;16853,"Abidjan, Gontougo (Adm2). "
2010-0300-BFA,2010,300,,Natural,Hydrological,Flood,Riverine flood,,,Burkina Faso,BFA,Western Africa,Africa,"Gnagna district (Est province), Namentenga, Sanmatenga districts (Centre-nord province), Soum, Seno, Oudalan, Yagha districts (Sahel province), Houet, Tuy districts (Hauts-bassins province), Ganzourgou district (Plateau Central province), Bougouriba, Poni districts (Sud-ouest province), Yatenga district (Nord province), Banwa district (Boucle Du Mouhoun province)",Heavy rains,Broken Dam/Burst bank,,Yes,,,7038.0,160800.0,Km2,12.94,-1.39,,,2010,7.0,21.0,2010,9.0,,16.0,,133362.0,,133362.0,,,,,176.0,236.0,"74,5094440781961",2,,154442;154455;154456;154464;154469;154471;154474;154476;154479;154480;154481;154482;154483;154486,"Banwa, Bougouriba, Ganzourgou, Gnagna, Houet, Namentenga, Oudalan, Poni, Sanmatenga, Seno, Soum, Tuy, Yagha, Yatenga (Adm2). "
2010-0351-CMR,2010,351,FL-2010-000154,Natural,Hydrological,Flood,Riverine flood,,,Cameroon,CMR,Middle Africa,Africa,"Poss village (Mayo-Danay district, Extrême - Nord province)",,Rain,,,,,,,Km2,,,,,2010,7.0,22.0,2010,7.0,22.0,13.0,95.0,,3000.0,3095.0,,,,,,,"74,5094440781961",2,,12483,Mayo-Danay (Adm2). 
2010-0698-GAB,2010,698,FL-2010-000261,Natural,Meteorological,Storm,Convective storm,,,Gabon,GAB,Middle Africa,Africa,"Tchibanga town (Mougoutsi district, Nyanga province), Franceville town (Passa district, Haut-Ogooue province), Mimongo town (Ogoulou district, Ngounie province)",,Flood,,,,,,,Kph,,,,,2010,12.0,,2011,1.0,,,,1765.0,,1765.0,,,,,,,"74,5094440781961",2,,16369;16381;16388,"Mougoutsi, Ogoulou, Passa (Adm2). "
2010-0660-EGY,2010,660,,Natural,Hydrological,Flood,Riverine flood,,,Egypt,EGY,Northern Africa,Africa,Menia province,Heavy rains,Transport accident,,,,,,,Km2,,,,,2010,12.0,30.0,2010,12.0,30.0,15.0,,,,,,,,,,,"74,5094440781961",1,61526,,Menia (Adm1). 
2010-0639-EGY,2010,639,,Natural,Meteorological,Storm,Convective storm,,,Egypt,EGY,Northern Africa,Africa,"Tanta, Tanta 1, Tanta 2 districts (Gharbia province), Alexandria province",,Transport accident,,,,,,,Kph,,,,,2010,12.0,12.0,2010,12.0,12.0,31.0,40.0,,,40.0,,,,,,,"74,5094440781961",1;2,61510,61693;61694;61695,"Alexandria (Adm1). Tanta, Tanta 1, Tanta 2 (Adm2). "
2010-0105-AGO,2010,105,FL-2010-000049,Natural,Hydrological,Flood,Riverine flood,,,Angola,AGO,Middle Africa,Africa,"Mupa area (Cuvelai district, Cunene province), Evale, Ondjiva area (Cuanhama district, Cunene province), Luanda, Cacuaco districts (Luanda province), Caimbambo district (Benguela province), Moxico province",Heavy rain,,,,,,,274100.0,Km2,-16.11,17.25,,,2010,3.0,1.0,2010,3.0,17.0,7.0,11.0,110875.0,,110886.0,,,,,,,"74,5094440781961",1;2,412,4218;4258;4260;4298;4299,"Moxico (Adm1). Cacuaco, Caimbambo, Cuanhama, Cuvelai, Luanda (Adm2). "
2010-0126-AGO,2010,126,,Natural,Hydrological,Flood,Riverine flood,,,Angola,AGO,Middle Africa,Africa,Ebo district (Cuanza Sul province),Heavy rains,,,,,,,,Km2,,,,,2010,3.0,21.0,2010,3.0,22.0,,,,75000.0,75000.0,,,,,,,"74,5094440781961",2,,4248,Ebo (Adm2). 
2010-0553-AGO,2010,553,,Natural,Hydrological,Flood,Riverine flood,,,Angola,AGO,Middle Africa,Africa,"Luanda, Uige, Huambo, Bie, Zaire, Moxico, Lunda Sul provinces",Heavy rains,,,,,,,,Km2,,,,,2010,10.0,15.0,2010,10.0,18.0,18.0,20.0,,3875.0,3895.0,,,,,,,"74,5094440781961",1,400;405;408;410;412;414;415,,"Bie, Huambo, Luanda, Lunda Sul, Moxico, Uige, Zaire (Adm1). "
2010-0567-BDI,2010,567,,Natural,Meteorological,Storm,Convective storm,Lightning/Thunderstorms,,Burundi,BDI,Eastern Africa,Africa,Rumonge district (Bururi province),,,,,,,,,Kph,,,,,2010,10.0,8.0,2010,10.0,8.0,9.0,,,1500.0,1500.0,,,,,,,"74,5094440781961",2,,40596,Rumonge (Adm2). 
2010-0009-BDI,2010,9,,Natural,Hydrological,Flood,Riverine flood,,,Burundi,BDI,Eastern Africa,Africa,"Gatumba village (Mutimbuzi district, Bujumbura province)",,,,,,,,,Km2,,,,,2010,1.0,,2010,1.0,,,,1000.0,,1000.0,,,,,,,"74,5094440781961",2,,40589,Mutimbuzi (Adm2). 
2010-0122-BDI,2010,122,FL-2010-000057,Natural,Hydrological,Flood,Riverine flood,,,Burundi,BDI,Eastern Africa,Africa,"Cibitoke, Bujumbura Rural provinces",,,,,,,,,Km2,,,,,2010,2.0,,2010,2.0,,,,990.0,,990.0,,,,,,,"74,5094440781961",1,40544;40547,,"Bujumbura Rural, Cibitoke (Adm1). "
2010-9082-BDI,2010,9082,DR-2011-000029,Natural,Climatological,Drought,Drought,,,Burundi,BDI,Eastern Africa,Africa,"Kayanza, Ngozi provinces (North region), Cankuzo, Kirundo, Muyinga provinces (North-Eastern region), Bururi, Makamba, Rutana provinces (Southern region)",Rainfall deficit in October December 2010,,,,,,,,Km2,,,,,2011,,,2011,,,,,,,,,,,,,,"74,5094440781961",1,40545;40546;40550;40551;40552;40554;40556;40557,,"Bururi, Cankuzo, Kayanza, Kirundo, Makamba, Muyinga, Ngozi, Rutana (Adm1). "
2010-0527-BEN,2010,527,FL-2010-000202,Natural,Hydrological,Flood,Riverine flood,,,Benin,BEN,Western Africa,Africa,"Tchaourou district (Borgou province), Zangnanado, Ouinhi, Zogbodome districts (Zou province), Bonou, Adjohoun, Dangbo, Aguegue, Sèmè-kpodji districts (Oueme province), Cotonou district (Littoral province), Abomey-calavi, So-ava districts (Atlantique province), Athieme, Lokossa, Grand-popo districts (Mono province), Alibori, Collines, Plateau, Couffo provinces",Hevay rains,,,Yes,,Yes,7130.0,,Km2,,,,"Niger, Ouémé rivers",2010,7.0,,2010,11.0,,46.0,1000.0,680000.0,150000.0,831000.0,,,,,,,"74,5094440781961",1;2,609;613;614;619,5876;5880;5891;5908;5909;5912;5914;5916;5917;5920;5921;5923;5934;5936;5937,"Alibori, Collines, Couffo, Plateau (Adm1). Abomey-calavi, Adjohoun, Aguegue, Athieme, Bonou, Cotonou, Dangbo, Grand-popo, Lokossa, Ouinhi, Seme-kpodji, So-ava, Tchaourou, Zangnanado, Zogbodome (Adm2). "
2010-0145-BEN,2010,145,,Natural,Biological,Epidemic,Bacterial disease,,Cholera,Benin,BEN,Western Africa,Africa,"Bo,ou, Adjohoun, Dangbo, Aguegues villages",,,,,No,No,,,Vaccinated,,,,,2010,1.0,15.0,2010,2.0,8.0,2.0,,133.0,,133.0,,,,,,,"74,5094440781961",,,,
2010-0541-BEN,2010,541,,Natural,Biological,Epidemic,Bacterial disease,,Cholera,Benin,BEN,Western Africa,Africa,"Cotonou, ensemble du pays",,,,,No,No,,,Vaccinated,,,,,2010,10.0,,2010,10.0,,7.0,,800.0,,800.0,,,,,,,"74,5094440781961",,,,
2010-0131-BEN,2010,131,FL-2010-000039,Natural,Biological,Epidemic,Viral disease,,Meningitis,Benin,BEN,Western Africa,Africa,,,,,,No,No,,,Vaccinated,,,,,2010,,,2010,3.0,,16.0,,104.0,,104.0,,,,,,,"74,5094440781961",,,,
2010-0131-BFA,2010,131,FL-2010-000039,Natural,Biological,Epidemic,Viral disease,,Meningitis,Burkina Faso,BFA,Western Africa,Africa,"Seguenega, Bittou, Pouytenga, Djibo, Barsalogo, Sapone districts",,,,,No,No,,,Vaccinated,,,,,2010,1.0,1.0,2010,5.0,31.0,841.0,,5960.0,,5960.0,,,,,,,"74,5094440781961",,,,
2010-0381-CAF,2010,381,,Natural,Hydrological,Flood,Riverine flood,,,Central African Republic,CAF,Middle Africa,Africa,"Nangha Boguila, Bossangoa districts (Ouham province)",Heavy rains,,,,,,,,Km2,,,,,2010,7.0,11.0,2010,8.0,7.0,3.0,,1585.0,,1585.0,,,,,,,"74,5094440781961",2,,12893;12894,"Bossangoa, Nangha Boguila (Adm2). "
2010-0453-CIV,2010,453,,Natural,Hydrological,Flood,Riverine flood,,,Côte dIvoire,CIV,Western Africa,Africa,Abidjan district (District autonome de Abidjan province),,,,,,,,,Km2,,,,,2010,8.0,,2010,8.0,,10.0,,6425.0,,6425.0,,,,,,,"74,5094440781961",2,,14911,Abidjan (Adm2). 
2010-0418-CMR,2010,418,,Natural,Biological,Epidemic,Bacterial disease,,Cholera,Cameroon,CMR,Middle Africa,Africa,"Lake Chad Basin; Centre, Extreme Nord, LIttoral, Nord, Ouest, Sud Ouest",,,,Yes,No,No,,,Vaccinated,,,,,2010,5.0,,2010,8.0,,515.0,,7869.0,,7869.0,,,,,,,"74,5094440781961",,,,
2010-0593-COG,2010,593,EP-2010-000222,Natural,Biological,Epidemic,Viral disease,,Wild Poliovirus Type 1,Congo (the),COG,Middle Africa,Africa,"Pointe-Noire, Niari, Bouenza, Kouilou, Brazzaville, Likouala",,,,,,,3005.0,,Vaccinated,,,,,2010,10.0,17.0,2010,11.0,22.0,219.0,,524.0,,524.0,,,,,,,"74,5094440781961",,,,
2010-9082-DJI,2010,9082,DR-2011-000029,Natural,Climatological,Drought,Drought,,,Djibouti,DJI,Eastern Africa,Africa,"Ali Sabieh district (Ali Sabieh province), Dikhil, Yoboki districts (Dikhil province), Alaili Dadda, Obock districts (Obock province), Balha, Dorra districts (Tadjourah province)",,,,,,,,,Km2,,,,,2010,11.0,,2011,7.0,,,,200258.0,,200258.0,,,,,,,"74,5094440781961",2,,15272;15274;15275;15277;15278;15279;15280,"Alaili Dadda, Ali Sabieh, Balha, Dikhil, Dorra, Obock, Yoboki (Adm2). "
2010-0021-EGY,2010,21,FL-2010-000012,Natural,Hydrological,Flood,Riverine flood,,,Egypt,EGY,Northern Africa,Africa,"El Arish 1 district (North Sinai province), Ras Sidr, Sharm el-Sheikh, Nuweiba, Taba districts (South Sinai province), Hurghada 1, Hurghada 2 districts (Red Sea province), Aswan province",Heavy rains,,,,,,,226100.0,Km2,28.08,31.09,,,2010,1.0,18.0,2010,1.0,19.0,12.0,,3500.0,,3500.0,,,,,,,"74,5094440781961",1;2,61512,65913;65985;65987;66032;66035;66041;66042,"Aswan (Adm1). El Arish 1, Hurghada 1, Hurghada 2, Nuweiba, Ras Sidr, Sharm el-Sheikh, Taba (Adm2). "
2010-0115-ETH,2010,115,FL-2010-000041,Natural,Hydrological,Flood,Riverine flood,,,Ethiopia,ETH,Eastern Africa,Africa,"Mustahil, Kelafo villages (Shabelle district, Somali province)",Heavy rains,,,,,,,,Km2,,,,Wabi Shabelle,2010,3.0,1.0,2010,3.0,11.0,,,55700.0,,55700.0,,,,,,,"74,5094440781961",2,,40844,Shabelle (Adm2). 
2010-0450-ETH,2010,450,FL-2010-000170,Natural,Hydrological,Flood,Riverine flood,,,Ethiopia,ETH,Eastern Africa,Africa,"Afar, Amhara, Tigray provinces",Heavy rains,,,,,,254.0,,Km2,,,,,2010,8.0,22.0,2010,8.0,24.0,19.0,,25000.0,,25000.0,,,,,,,"74,5094440781961",1,1228;1229;1237,,"Afar, Amhara, Tigray (Adm1). "
2010-0140-ETH,2010,140,,Natural,Biological,Epidemic,Bacterial disease,,Acute Watery Diarrhoea,Ethiopia,ETH,Eastern Africa,Africa,Oromia region,,,,,No,No,,,Vaccinated,,,,,2010,1.0,1.0,2010,3.0,22.0,16.0,,967.0,,967.0,,,,,,,"74,5094440781961",,,,
2010-9082-ETH,2010,9082,DR-2011-000029,Natural,Climatological,Drought,Drought,,,Ethiopia,ETH,Eastern Africa,Africa,"Somali, Oromia, Afar, Tigray, Amhara provinces",La Nina,,,Yes,,,,,Km2,,,,,2011,1.0,,2012,1.0,,,,4805679.0,,4805679.0,,,,,,,"74,5094440781961",1,1228;1229;1237;47678;47679,,"Afar, Amhara, Oromia, Somali, Tigray (Adm1). "
2010-0166-GAB,2010,166,ST-2010-000083,Natural,Meteorological,Storm,Convective storm,Tornado,,Gabon,GAB,Middle Africa,Africa,"Mouila town (Douya-Onoye district, Ngounie province)",,,,,,,,,Kph,,,,,2010,4.0,17.0,2010,4.0,18.0,,,1765.0,,1765.0,,,,,,,"74,5094440781961",2,,16376,Douya-Onoye (Adm2). 
2010-0271-GAB,2010,271,EP-2010-000111,Natural,Biological,Epidemic,Viral disease,,Chikungunya,Gabon,GAB,Middle Africa,Africa,"Franceville, Lastourville, Koulamoutou (Oggoue Lolo, Haut Ogooué)",,,,,No,No,,,Vaccinated,,,,,2010,4.0,10.0,2010,6.0,22.0,,,443.0,,443.0,,,,,,,"74,5094440781961",,,,
2010-0529-GAB,2010,529,,Natural,Biological,Epidemic,Viral disease,,Dengue,Gabon,GAB,Middle Africa,Africa,,,,,,No,No,,,Vaccinated,,,,,2010,4.0,,2010,10.0,,,,108.0,,108.0,,,,,,,"74,5094440781961",,,,
2010-0246-GHA,2010,246,FL-2010-000118,Natural,Hydrological,Flood,Riverine flood,,,Ghana,GHA,Western Africa,Africa,"Agona East, Agona West, Gomoa East, Komenda Edna Eguafo / Abirem districts (Central province), Ketu South district (Volta province), Tema Metropolis, Ashaiman, Ga West, Shai Osu Doku, Adenta districts (Greater Accra province)",Heavy rains,,,,,,160.0,,Km2,,,,,2010,6.0,20.0,2010,7.0,5.0,45.0,,7500.0,,7500.0,,,,,,,"74,5094440781961",2,,16602;190539;190563;190584;190585;190589;190632;190657;190722;190723,"Adenta, Agona East, Agona West, Ashaiman, Ga West, Gomoa East, Ketu South, Komenda Edna Eguafo / Abirem, Shai Osu Doku, Tema Metropolis (Adm2). "
2010-0483-GHA,2010,483,,Natural,Hydrological,Flood,Riverine flood,,,Ghana,GHA,Western Africa,Africa,"Brong Ahafo, Eastern, Western, Upper East, Upper West, Northern provinces",Heavy rains and opening of the gates of dikes,,,Yes,,,,,Km2,,,,"Black Volta, White Volta rivers",2010,9.0,,2010,10.0,,18.0,,9674.0,,9674.0,,,,,,,"74,5094440781961",1,1325;1327;1329;1330;1331;1333,,"Brong Ahafo, Eastern, Northern, Upper East, Upper West, Western (Adm1). "
2010-0131-GHA,2010,131,FL-2010-000039,Natural,Biological,Epidemic,Viral disease,,Meningitis,Ghana,GHA,Western Africa,Africa,"North, Upper East, Upper West",,,,,No,No,,,Vaccinated,,,,,2010,,,2010,3.0,2.0,27.0,,100.0,,100.0,,,,,,,"74,5094440781961",,,,
2010-0346-GIN,2010,346,,Natural,Hydrological,Flood,Riverine flood,,,Guinea,GIN,Western Africa,Africa,Conakry province,Heavy rains,,,,,,,,Km2,,,,,2010,7.0,6.0,2010,7.0,6.0,7.0,,7615.0,,7615.0,,,,,,,"74,5094440781961",1,40701,,Conakry (Adm1). 
2010-0526-GIN,2010,526,FL-2010-000119,Natural,Hydrological,Flood,Riverine flood,,,Guinea,GIN,Western Africa,Africa,"Mamou, Dounet towns (Mamou district, Mamou province), Labe town (Labe district, Labe province), Norassoba, Kouremale, Nounkounkan towns (Siguiri district, Kankan province), Lola town (Lola district, Nzerekore province)",,,,,,,,,Km2,,,,,2010,9.0,15.0,2010,9.0,18.0,1.0,6.0,40405.0,,40411.0,,,,,,,"74,5094440781961",2,,40725;40733;40738;40742,"Labe, Lola, Mamou, Siguiri (Adm2). "
2010-0454-GMB,2010,454,FL-2010-000181,Natural,Hydrological,Flood,Riverine flood,,,Gambia (the),GMB,Western Africa,Africa,"Central River, Kanifing Municipal Council, Lower River, North Bank, Upper River, West Coast provinces",Heavy rains,,,,,Yes,,,Km2,,,,,2010,7.0,15.0,2010,8.0,,8.0,,21194.0,,21194.0,,,,,,,"74,5094440781961",1,1285;1287;1288;1289;1290;112869,,"Central River, Kanifing Municipal Council, Lower River, North Bank, Upper River, West Coast (Adm1). "
2010-0516-GMB,2010,516,FL-2010-000181,Natural,Hydrological,Flood,Riverine flood,,,Gambia (the),GMB,Western Africa,Africa,"Central River, Kanifing Municipal Council, Lower River, North Bank, Upper River, West Coast provinces",Heavy rains,,,,,Yes,115.0,,Km2,,,,,2010,9.0,5.0,2010,9.0,6.0,1.0,,17767.0,,17767.0,,,,,,,"74,5094440781961",1,1285;1287;1288;1289;1290;112869,,"Central River, Kanifing Municipal Council, Lower River, North Bank, Upper River, West Coast (Adm1). "
2010-0455-GNB,2010,455,,Natural,Hydrological,Flood,Riverine flood,,,Guinea-Bissau,GNB,Western Africa,Africa,"Bafata, Oio, Sector Autonomo De Bissau provinces",,,,,,,,,Km2,,,,,2010,8.0,,2010,8.0,,2.0,,56792.0,,56792.0,,,,,,,"74,5094440781961",1,1385;1390;1392,,"Bafata, Oio, Sector Autonomo De Bissau (Adm1). "
2011-0293-CAF,2011,293,,Natural,Meteorological,Storm,Convective storm,Severe storm,,Central African Republic,CAF,Middle Africa,Africa,"Sandoumbé, Bogbaya, Linguissa 1, Luiguissa 2, Gbanikola, Pétévo, Kpéténé areas (Bangui district, Bangui province)",,Flood,,,,,,,Kph,,,,,2011,6.0,11.0,2011,6.0,19.0,1.0,1.0,1830.0,,1831.0,,,,,,,"76,8615953778198",2,,67155,Bangui (Adm2). 
2011-0003-AGO,2011,3,,Natural,Hydrological,Flood,Riverine flood,,,Angola,AGO,Middle Africa,Africa,"Cazenga, Samba, Sambizanga boroughs (Luanda district, Luanda province), Cacuaco, Viana districts (Luand province)",Heavy rains,,,,,,,,Km2,,,,,2011,1.0,3.0,2011,1.0,4.0,17.0,,,,,,,,,,,"76,8615953778198",2,,4298;4299;4300,"Cacuaco, Luanda, Viana (Adm2). "
2011-0092-AGO,2011,92,,Natural,Hydrological,Flood,Riverine flood,,,Angola,AGO,Middle Africa,Africa,"Cunene, Uige, Huambo, Benguela, Moxico, Cuando Cubango,Namibe, Lunda Sul, Lunda Norte, Malanje, Luanda, Zaire provinces",Heavy rains,,,,,,,,Km2,,,,,2011,3.0,,2011,3.0,,113.0,,65084.0,,65084.0,,,,,,,"76,8615953778198",1,399;402;404;405;408;409;410;411;412;413;414;415,,"Benguela, Cuando Cubango, Cunene, Huambo, Luanda, Lunda Norte, Lunda Sul, Malanje, Moxico, Namibe, Uige, Zaire (Adm1). "
2011-0065-BDI,2011,65,,Natural,Meteorological,Storm,Convective storm,Lightning/Thunderstorms,,Burundi,BDI,Eastern Africa,Africa,Nyabikere district (Karuzi province),,,,,,,,,Kph,,,,,2011,2.0,16.0,2011,2.0,16.0,12.0,50.0,,,50.0,,,,,,,"76,8615953778198",2,,40627,Nyabikere (Adm2). 
2011-0180-BDI,2011,180,FL-2011-000037,Natural,Hydrological,Flood,Riverine flood,,,Burundi,BDI,Eastern Africa,Africa,"Ngagara, Cibitoke, Kinama districts (Bujumbura Mairie province)",Heavy rains,,,,,,,,Km2,,,,,2011,3.0,20.0,2011,4.0,3.0,,,685.0,,685.0,,,,,,,"76,8615953778198",2,,40568;40572;40575,"Cibitoke, Kinama, Ngagara (Adm2). "
2011-0283-BEN,2011,283,FL-2011-000091,Natural,Hydrological,Flood,Riverine flood,,,Benin,BEN,Western Africa,Africa,"Lokossa, Athieme, Bopa districts (Mono province), Cotonou district (Littoral province)",Heavy rains,,,,,,,,Km2,,,,,2011,6.0,20.0,2011,7.0,,,,5840.0,,5840.0,,,,,,,"76,8615953778198",2,,5908;5909;5910;5914,"Athieme, Bopa, Cotonou, Lokossa (Adm2). "
2011-0092-BWA,2011,92,,Natural,Hydrological,Flood,Riverine flood,,,Botswana,BWA,Southern Africa,Africa,"Chobe, Ngamiland provinces",,,,,,,,,Km2,,,,Okavango river,2011,3.0,,2011,3.0,,,,,,,,,,,,,"76,8615953778198",1,655;660,,"Chobe, Ngamiland (Adm1). "
2011-0290-CAF,2011,290,EP-2011-000076,Natural,Biological,Epidemic,Bacterial disease,,Cholera,Central African Republic,CAF,Middle Africa,Africa,"Ombella-Mpoko, Lobaye (Limbo region); Sékia, Bokélo, Mondoli, Monza, Bokassi, Nzinga, Sedale",,,,,No,Yes,,,Vaccinated,,,,,2011,9.0,,2011,10.0,14.0,16.0,,172.0,,172.0,,,,,,,"76,8615953778198",,,,
2011-0299-CMR,2011,299,EP-2011-000098,Natural,Biological,Epidemic,Bacterial disease,,Cholera,Cameroon,CMR,Middle Africa,Africa,,,,,,No,No,,,Vaccinated,,,,,2011,1.0,,2011,10.0,14.0,639.0,,16706.0,,16706.0,,,,,,,"76,8615953778198",,,,
2011-0290-COG,2011,290,EP-2011-000076,Natural,Biological,Epidemic,Bacterial disease,,Cholera,Congo (the),COG,Middle Africa,Africa,"Brazzaville, Cuvette, Likouala, Plateaux, Sangha, Pool",,,,,No,Yes,,,Vaccinated,,,,,2011,6.0,14.0,2011,12.0,27.0,32.0,,708.0,,708.0,,,,,,,"76,8615953778198",,,,
2011-0292-COG,2011,292,EP-2011-000074,Natural,Biological,Epidemic,Viral disease,,Chukungunya,Congo (the),COG,Middle Africa,Africa,"Brazzaville, Pointe Noire, Pool",,,,,No,No,,,Vaccinated,,,,,2011,5.0,,2011,7.0,,,,9424.0,,9424.0,,,,,,,"76,8615953778198",,,,
2011-0294-COG,2011,294,EP-2011-000075,Natural,Biological,Epidemic,Viral disease,,Measles,Congo (the),COG,Middle Africa,Africa,"Pointe Noire, Bouenza",,,,,No,No,,,Vaccinated,,,,,2011,6.0,,2011,6.0,,33.0,,687.0,,687.0,,,,,,,"76,8615953778198",,,,
2011-0270-GHA,2011,270,,Natural,Hydrological,Flood,Riverine flood,,,Ghana,GHA,Western Africa,Africa,Eastern province,Torrential rain,,,,,,,55103.0,Km2,7.8439,-0.45,,,2011,7.0,22.0,2011,7.0,29.0,6.0,,12571.0,,12571.0,,,,,,,"76,8615953778198",1,1327,,Eastern (Adm1). 
2011-0333-GHA,2011,333,EP-2011-000098,Natural,Biological,Epidemic,Bacterial disease,,Cholera,Ghana,GHA,Western Africa,Africa,,,,,,No,No,,,Vaccinated,,,,,2011,9.0,,2011,10.0,14.0,101.0,,10002.0,,10002.0,,,,,,,"76,8615953778198",,,,
2009-0494-KEN,2009,494,,Natural,Hydrological,Flood,Riverine flood,,,Kenya,KEN,Eastern Africa,Africa,"Mandera district (North Eastern province), Malindi, Tana River districts (Coast province), Nyanza, Western provinces","El Nino, exceptional heavy rains","Slide (land, mud, snow, rock)",,,,,,,Km2,,,,Tana River,2009,10.0,29.0,2009,11.0,4.0,16.0,,44850.0,,44850.0,,,,,,,"73,3071767219387",1;2,51330;51332,51343;51346;51363,"Nyanza, Western (Adm1). Malindi, Mandera, Tana River (Adm2). "
2009-0597-KEN,2009,597,FL-2010-000003,Natural,Hydrological,Flood,Riverine flood,,,Kenya,KEN,Eastern Africa,Africa,"Nairobi district (Nairobi province), Turkana, Laikipia, Kajiado, Koibatek, Baringo, Narok, West Pokot, Kericho, Keiyo, Marakwet, Samburu, Nakuru districts (Rift Valley province), Kilifi, Tana River, Taita Taveta districts (Coast province), Nyando district (Nyanza province), Kiambu district (Central province), Isiolo, Makueni districts (Eastern province), Homa Bay district (Nyanza province) ",Heavy rain,"Slide (land, mud, snow, rock)",,,,,,,Km2,,,,,2009,12.0,24.0,2010,1.0,12.0,40.0,,91350.0,,91350.0,,,,,,,"73,3071767219387",2,,51333;51340;51345;51346;51348;51351;51360;51368;51373;51377;51380;51381;51382;51383;51384;51385;51386;51388;51389;51392;51394,"Baringo, Homa Bay, Isiolo, Kajiado, Keiyo, Kericho, Kiambu, Kilifi, Koibatek, Laikipia, Makueni, Marakwet, Nairobi, Nakuru, Narok, Nyando, Samburu, Taita Taveta, Tana River, Turkana, West Pokot (Adm2). "
2009-0332-SLE,2009,332,LS-2009-000158,Natural,Hydrological,Flood,Riverine flood,,,Sierra Leone,SLE,Western Africa,Africa,Western Area Urb district (Western Area province),Heavy rains,"Slide (land, mud, snow, rock)",,,,,,,Km2,8.57,-12.73,,,2009,8.0,13.0,2009,8.0,20.0,103.0,15.0,1455.0,,1470.0,,,,,,,"73,3071767219387",2,,111381,Western Area Urb (Adm2). 
2009-0484-TZA,2009,484,,Natural,Hydrological,Flood,Riverine flood,,,"Tanzania, United Republic of",TZA,Eastern Africa,Africa,"Kilimanjaro, Morogoro, Dodoma provinces",Hevay rains,"Slide (land, mud, snow, rock)",,,,,,194800.0,Km2,-6.77,35.89,,,2009,11.0,10.0,2009,11.0,13.0,20.0,,,,,,,,,,,"73,3071767219387",1,48359;48363;48368,,"Dodoma, Kilimanjaro, Morogoro (Adm1). "
2009-0386-NER,2009,386,,Natural,Hydrological,Flood,Riverine flood,,,Niger (the),NER,Western Africa,Africa,"Agadez, Dabaga, Tchirozérine, Tabelote villages (Tchighozerine district, Agadez province)",Heavy rains,Broken Dam/Burst bank,,Yes,,,1114.0,,Km2,,,,Telwa river,2009,9.0,1.0,2009,9.0,3.0,3.0,,79129.0,,79129.0,,,,,,,"73,3071767219387",2,,22553,Tchighozerine (Adm2). 
2009-0498-TCD,2009,498,FL-2009-000186,Natural,Hydrological,Flood,Riverine flood,,,Chad,TCD,Middle Africa,Africa,Bongor district (Mayo-Boneye province),Heavy rains,Broken Dam/Burst bank,,,,,,,Km2,,,,Logone river,2009,8.0,10.0,2009,8.0,11.0,3.0,,7120.0,900.0,8020.0,,,,,,,"73,3071767219387",2,,65416,Bongor (Adm2). 
2009-9651-NER,2009,9651,OT-2010-000028,Natural,Climatological,Drought,Drought,,,Niger (the),NER,Western Africa,Africa,"Agadez, Diffa, Dosso, Maradi, Tahoua, Tillaberi, Zinder, Niamey provinces",Irregular rain,Food shortage,,Yes,,,,,Km2,,,,,2009,9.0,,2010,3.0,,,,7900000.0,,7900000.0,,,,,,,"73,3071767219387",1,2202;2203;2204;2205;2206;2207;2208;2209,,"Agadez, Diffa, Dosso, Maradi, Niamey, Tahoua, Tillaberi, Zinder (Adm1). "
2009-9654-TCD,2009,9654,OT-2010-000056,Natural,Climatological,Drought,Drought,,,Chad,TCD,Middle Africa,Africa,"Kanem, Barl El Gazal, Lac, Batha Est, Batha Ouest, Guera, Sila, Salamat, Ouaddai, Hadjer Lamis provinces","Poor, irregular, dispersed and eraly cessation of rainfall",Food shortage,,Yes,,,,,Km2,,,,,2009,12.0,,2010,7.0,,,,2400000.0,,2400000.0,,,,,,,"73,3071767219387",1,873;875;881;12904;12905;12912;12914;12915;12927;12928,,"Barl El Gazal, Batha Est, Batha Ouest, Guera, Hadjer Lamis, Kanem, Lac, Ouaddai, Salamat, Sila (Adm1). "
2009-0549-KEN,2009,549,,Natural,Biological,Epidemic,Bacterial disease,,Cholera,Kenya,KEN,Eastern Africa,Africa,"Kapedo, Lokori areas (East Pokot district)",,,,,No,No,,,Vaccinated,,,,,2009,11.0,23.0,2009,12.0,9.0,24.0,,193.0,,193.0,,,,,,,"73,3071767219387",,,,
2009-0576-KEN,2009,576,,Natural,Biological,Epidemic,Bacterial disease,,Cholera,Kenya,KEN,Eastern Africa,Africa,"East Pokot, Turkana East",,,,,No,No,,,Vaccinated,,,,,2009,11.0,13.0,2009,12.0,14.0,26.0,,205.0,,205.0,,,,,,,"73,3071767219387",,,,
2009-0243-LBR,2009,243,FL-2009-000127,Natural,Hydrological,Flood,Riverine flood,,,Liberia,LBR,Western Africa,Africa,"Greater Monrovia district (Montserrado province), Grand Cape Mount, Grand Gedeh provinces",,,,,,,,,Km2,,,,,2009,7.0,,2009,7.0,,2.0,,584.0,,584.0,,,,,,,"73,3071767219387",1;2,1818;1819,147290,"Grand Cape Mount, Grand Gedeh (Adm1). Greater Monrovia (Adm2). "
2009-0590-MAR,2009,590,FL-2009-000265,Natural,Hydrological,Flood,Flash flood,,,Morocco,MAR,Northern Africa,Africa,"Rabat town (Rabat district, Rabat - Salé - Zemmour - Zare), Agadir town (Agadir - Ida Ou Tanane district, Souss - Massa - Draâ province)",Torrential rain,,,,,,,157500.0,Km2,31.81,-6.78,,,2009,12.0,25.0,2009,12.0,26.0,5.0,20.0,7500.0,,7520.0,,,,,,,"73,3071767219387",2,,21812;147356,"Agadir-Ida ou Tanane, Rabat (Adm2). "
2009-0634-MDG,2009,634,,Natural,Biological,Epidemic,Viral disease,,Chikungunya,Madagascar,MDG,Eastern Africa,Africa,"Mananjary, Irondro",,,,,No,No,,,Vaccinated,,,,,2009,10.0,,2010,2.0,15.0,,,702.0,,702.0,,,,,,,"73,3071767219387",,,,
2009-0523-MLI,2009,523,,Natural,Hydrological,Flood,Riverine flood,,,Mali,MLI,Western Africa,Africa,"Kayes, Bamako, Koulikoro, Sikasso, Segou, Mopti, Tombouctou, Gao provinces",,,,,,,,,Km2,,,,,2009,5.0,,2009,9.0,,25.0,16.0,20390.0,,20406.0,,,,,,,"73,3071767219387",1,1926;1927;1928;1930;1931;1932;1933;1934,,"Bamako, Gao, Kayes, Koulikoro, Mopti, Segou, Sikasso, Tombouctou (Adm1). "
2009-0661-MOZ,2009,661,,Natural,Biological,Epidemic,Bacterial disease,,Cholera,Mozambique,MOZ,Eastern Africa,Africa,"Zambesia, Cano Delgado, Nampula, Manica provinces",,,,,No,No,,,Vaccinated,,,,,2009,1.0,,2009,11.0,,155.0,,19310.0,,19310.0,,,,,,,"73,3071767219387",,,,
2009-0543-MOZ,2009,543,,Natural,Biological,Epidemic,Viral disease,,Typhoid fever,Mozambique,MOZ,Eastern Africa,Africa,"Neno, Tsangano districts",,,,,No,No,,,Vaccinated,,,,,2009,5.0,5.0,2010,3.0,8.0,43.0,,466.0,,466.0,,,,,,,"73,3071767219387",,,,
2009-0350-MRT,2009,350,,Natural,Hydrological,Flood,Riverine flood,,,Mauritania,MRT,Western Africa,Africa,Rosso district (Trarza province),Heavy rains,,,Yes,,,135.0,,Km2,,,,,2009,8.0,28.0,2009,8.0,29.0,1.0,,10000.0,,10000.0,,,,,,,"73,3071767219387",2,,19534,Rosso (Adm2). 
2009-0547-MWI,2009,547,EQ-2009-000257,Natural,Geophysical,Earthquake,Ground movement,,,Malawi,MWI,Eastern Africa,Africa,Karonga district (Northern Region province),,,,Yes,,,,6.0,Richter,-9.948,33.878,,,2009,12.0,8.0,2009,12.0,8.0,1.0,15.0,,15000.0,15015.0,,,,,,,"73,3071767219387",2,,19317,Karonga (Adm2). 
2009-0573-MWI,2009,573,,Natural,Geophysical,Earthquake,Ground movement,,,Malawi,MWI,Eastern Africa,Africa,Karonga district (Northern Region province),,,,Yes,,Yes,551.0,6.0,Richter,-10.108,33.818,01:20,,2009,12.0,20.0,2009,12.0,20.0,3.0,171.0,,5550.0,5721.0,,,,,,,"73,3071767219387",2,,19317,Karonga (Adm2). 
2009-0656-MWI,2009,656,EP-2010-000117,Natural,Biological,Epidemic,Viral disease,,Measles,Malawi,MWI,Eastern Africa,Africa,"Blantyre, Zomba, Thyolo, Mwanza, Lilongwe",,,,,No,No,,,Vaccinated,,,,,2009,12.0,,2010,8.0,,62.0,,11461.0,,11461.0,,,,,,,"73,3071767219387",,,,
2009-0375-NGA,2009,375,,Natural,Hydrological,Flood,Riverine flood,,,Nigeria,NGA,Western Africa,Africa,"Zamfara, Kaduna, Niger, Benue, Adamawa, Nassarawa, Sokoto, Jigawa, Abuja provinces",Heavy rain,,,,,,,64200.0,Km2,12.26,5.68,,,2009,9.0,10.0,2009,9.0,18.0,,,150000.0,,150000.0,,,,,,,"73,3071767219387",1,2211;2215;2221;2223;2224;2231;65705;65709;65710,,"Abuja, Adamawa, Benue, Jigawa, Kaduna, Nassarawa, Niger, Sokoto, Zamfara (Adm1). "
2009-0622-NGA,2009,622,,Natural,Hydrological,Flood,Riverine flood,,,Nigeria,NGA,Western Africa,Africa,Lagos province,,,,,,,,,Km2,,,,,2009,6.0,26.0,2009,7.0,2.0,31.0,,,,,,,,,,,"73,3071767219387",1,2230,,Lagos (Adm1). 
2009-0338-NGA,2009,338,,Natural,Biological,Epidemic,Bacterial disease,,Cholera,Nigeria,NGA,Western Africa,Africa,Adamawa state,,,,,No,No,,,Vaccinated,,,,,2009,6.0,,2009,6.0,,20.0,,,,,,,,,,,"73,3071767219387",,,,
2009-0379-SDN,2009,379,FL-2009-000166,Natural,Hydrological,Flood,Riverine flood,,,Sudan (the),SDN,Northern Africa,Africa,"Khartoum, Blue Nile, Northern, Kassala, Northern Kordofan, Sennar provinces",Heavy rains,,,Yes,,,,59850.0,Km2,27.01,15.98,,,2009,8.0,16.0,2009,8.0,26.0,20.0,,111455.0,,111455.0,,,,,,,"73,3071767219387",1,2749;2753;2755;2762;68783;68784,,"Blue Nile, Kassala, Khartoum, Northern, Northern Kordofan, Sennar (Adm1). "
2009-0344-SEN,2009,344,FL-2009-000172,Natural,Hydrological,Flood,Riverine flood,,,Senegal,SEN,Western Africa,Africa,"Dakar, Saint louis, Kaolack, Kaffrine, Thies, Sedhiou, Fatick, Matam, Tambacounda, Kedougou, Kolda provinces",Heavy rain,,,Yes,Yes,,1396.0,8511.0,Km2,15.58,-16.81,,,2009,8.0,24.0,2009,8.0,25.0,6.0,,264000.0,,264000.0,,,,,,,"73,3071767219387",1,1373;1374;1375;1376;1377;1378;2636;2644;47586;47588;47589,,"Dakar, Fatick, Kaffrine, Kaolack, Kedougou, Kolda, Matam, Saint louis, Sedhiou, Tambacounda, Thies (Adm1). "
2009-0532-SOM,2009,532,,Natural,Hydrological,Flood,Flash flood,,,Somalia,SOM,Eastern Africa,Africa,"Belet Weyne district (Hiraan province), Ceel Waaq, Belet Xaawo districts (Gedo province)",,,,,,,,,Km2,,,,,2009,10.0,23.0,2009,10.0,30.0,,,1750.0,,1750.0,,,,,,,"73,3071767219387",2,,25679;25680;25684,"Belet Weyne, Belet Xaawo, Ceel Waaq (Adm2). "
2009-0433-TCD,2009,433,FL-2009-000220,Natural,Hydrological,Flood,Riverine flood,,,Chad,TCD,Middle Africa,Africa,"Walia, Kamda, Toukra, Habena, Chagoua, Moursal boroughs (Ndjamena district, Hadjer Lamis province)",Torrential rain,,,,,,,,Km2,,,,,2009,9.0,12.0,2009,9.0,14.0,3.0,,,4895.0,4895.0,,,,,,,"73,3071767219387",2,,65629,Ndjamena (Adm2). 
2009-0243-TGO,2009,243,FL-2009-000127,Natural,Hydrological,Flood,Riverine flood,,,Togo,TGO,Western Africa,Africa,Maritime province,,,,,,,,,Km2,,,,,2009,7.0,,2009,7.0,,,,,,,,,,,,,"73,3071767219387",1,2972,,Maritime (Adm1). 
2009-0412-TUN,2009,412,FF-2009-000204-TUN,Natural,Hydrological,Flood,Flash flood,,,Tunisia,TUN,Northern Africa,Africa,"Gabes, Gafsa, Monastir, Mahdia, Sfax, Tozeur, Kasserine provinces",Heavy rains,,,,,,,,Km2,,,,,2009,9.0,22.0,2009,9.0,23.0,17.0,8.0,,,8.0,,,,,,,"73,3071767219387",1,2997;2998;3001;3004;3006;3009;3014,,"Gabes, Gafsa, Kasserine, Mahdia, Monastir, Sfax, Tozeur (Adm1). "
2009-0591-TZA,2009,591,FL-2009-000264,Natural,Hydrological,Flood,Riverine flood,,,"Tanzania, United Republic of",TZA,Eastern Africa,Africa,"Kongwa, Pandambili areas (Kongwa district, Dodoma province), Mpwapwa area (Mpwapwa district, Dodoma province), Kilosa kwa Mpepo area (Ulanga district, Morogoro province), Mtunani area (Kisarawe district, Pwani province), Liwanga area (Tunduru district, Ruvuma province), Kilwa district (Lindi province), Shinyanga, Mwanza, Mara, Arusha provinces",Heavy rains,,,Yes,,,166.0,167300.0,Km2,-6.8,36.02,,Mkondoa river,2009,12.0,25.0,2010,1.0,10.0,18.0,,50000.0,,50000.0,,,,,,,"73,3071767219387",1;2,48357;48366;115006;115009,48394;48395;48419;48448;48481;115056,"Arusha, Mara, Mwanza, Shinyanga (Adm1). Kilwa, Kisarawe, Kongwa, Mpwapwa, Tunduru, Ulanga (Adm2). "
2009-0437-TZA,2009,437,,Natural,Biological,Epidemic,Bacterial disease,,Cholera,"Tanzania, United Republic of",TZA,Eastern Africa,Africa,Hendeni district (Tanga region),,,,,No,No,,,Vaccinated,,,,,2009,10.0,,2009,10.0,,12.0,,600.0,,600.0,,,,,,,"73,3071767219387",,,,
2009-0255-UGA,2009,255,EP-2009-000074,Natural,Biological,Epidemic,Bacterial disease,,Cholera,Uganda,UGA,Eastern Africa,Africa,"Karambi, Nyakiyumbu, Kitholhu, Ihandiro, Bwera sub-counties (Bukonzo West constituency)",,,,,No,No,,,Vaccinated,,,,,2009,3.0,8.0,2009,10.0,29.0,8.0,,368.0,,368.0,,,,,,,"73,3071767219387",,,,
2009-0545-UGA,2009,545,,Natural,Biological,Epidemic,Bacterial disease,,Cholera,Uganda,UGA,Eastern Africa,Africa,"Busia, Kampala districts",,,,,No,No,,,Vaccinated,,,,,2009,10.0,,2009,10.0,26.0,9.0,,176.0,,176.0,,,,,,,"73,3071767219387",,,,
2010-0104-MDG,2010,104,TC-2010-000053,Natural,Meteorological,Storm,Tropical cyclone,,"Tropical storm ""Hubert""",Madagascar,MDG,Eastern Africa,Africa,"Farafangana, Vangaindrano districts (Atsimo Atsinanana province), Ambatondrazaka district (Alaotra Mangoro province), Vatovavy Fitovinany province",,Flood,"Slide (land, mud, snow, rock)",Yes,,,,,Kph,,,,,2010,3.0,10.0,2010,3.0,12.0,120.0,132.0,192000.0,,192132.0,,,,,,,"74,5094440781961",1;2,41771,154509;154548;154550,"Vatovavy Fitovinany (Adm1). Ambatondrazaka, Farafangana, Vangaindrano (Adm2). "
2010-0094-KEN,2010,94,,Natural,Hydrological,Flood,Riverine flood,,,Kenya,KEN,Eastern Africa,Africa,"Mandera district (North Eastern province), Turkana, Marakwet, Samburu, Nandi North, Nandi South, Nakuru, Baringo, Narok districts (Rift Valley province), Isiolo, Makueni, Marsabit, Moyale districts (Eastern province), Malindi, Tana River districts (Coast province), Maragua district (Central province), Nairobi district (Nairobi province)","Heavy rains, Long Rains Season (March-June)","Slide (land, mud, snow, rock)",Lightening,,,,,40320.0,Km2,0.01,34.5,,,2010,3.0,1.0,2010,5.0,14.0,94.0,,141164.0,,141164.0,,,,,,,"74,5094440781961",2,,51335;51343;51346;51348;51351;51352;51357;51360;51363;51377;51385;51386;51388;51389;51392;68769;68770,"Baringo, Isiolo, Makueni, Malindi, Mandera, Maragua, Marakwet, Marsabit, Moyale, Nairobi, Nakuru, Nandi North, Nandi South, Narok, Samburu, Tana River, Turkana (Adm2). "
2010-0112-MAR,2010,112,,Natural,Hydrological,Flood,Riverine flood,,,Morocco,MAR,Northern Africa,Africa,"Ait Hammou Abdessalam area (El Ksiba town, Béni Mellal district, Tadla - Azilal province), Taza town (Taza district, Taza - Al Hoceima - Taounate province), Midelt town, Khénifra town (Khénifra district, Meknès - Tafilalet province)",Heavy rains,"Slide (land, mud, snow, rock)",,,,,,,Km2,,,,,2010,3.0,9.0,2010,3.0,9.0,10.0,6.0,2000.0,,2006.0,,,,,,,"74,5094440781961",2,,21791;21794;21802,"B??ni Mellal, Kh??nifra, Taza (Adm2). "
2010-0509-NGA,2010,509,FL-2010-000200,Natural,Hydrological,Flood,Riverine flood,,,Nigeria,NGA,Western Africa,Africa,"Jigawa, Sokoto, Kebbi, Niger, Katsina provinces",Heavy rains,Broken Dam/Burst bank,,,,,,8694.0,Km2,12.78,4.5,,"Challawa, Toga, Hadejia, Jamaare rivers",2010,9.0,13.0,2010,9.0,30.0,40.0,200.0,1500000.0,,1500200.0,,,,,30000.0,40263.0,"74,5094440781961",1,2223;2226;2227;2231;65709,,"Jigawa, Katsina, Kebbi, Niger, Sokoto (Adm1). "
2010-9290-MOZ,2010,9290,,Natural,Climatological,Drought,Drought,,,Mozambique,MOZ,Eastern Africa,Africa,"Maputo, Inhambane, Gaza provinces (South)",,Food shortage,,,,,,,Km2,,,,,2010,3.0,,2010,,,,,460000.0,,460000.0,,,,,,,"74,5094440781961",1,2113;2114;41373,,"Gaza, Inhambane, Maputo (Adm1). "
2010-9292-MRT,2010,9292,,Natural,Climatological,Drought,Drought,,,Mauritania,MRT,Western Africa,Africa,"Assaba, Brakna, Gorgol, Guidimakha, Hodh Ech Gharbi, Nouakchott, Tagant, Trarza provinces; Amourj, Bassikounou, Djigueni, Nema, Timbedra districts (Hodh Ech Chargi province) (Southern Mauritania/Sahel region)",Seasonal rain above the average in 2010 and 2011,Food shortage,,,Yes,,,,Km2,,,,,2010,,,2011,,,,,838000.0,,838000.0,,,,,,,"74,5094440781961",1;2,2005;2006;2008;2009;2011;2013;2014;2016,19511;19512;19513;19514;19516,"Assaba, Brakna, Gorgol, Guidimakha, Hodh El Gharbi, Nouakchott, Tagant, Trarza (Adm1). Amourj, Bassikounou, Djigueni, Nema, Timbedra (Adm2). "
2010-9082-KEN,2010,9082,DR-2011-000029,Natural,Climatological,Drought,Drought,,,Kenya,KEN,Eastern Africa,Africa,"Marsabit, Isiolo, Moyale districts (Eastern province); Mandera, Wajir, Ijara, Garissa (North Eastern province); West Pokot, Turkana, Samburu district (Rift Valley Province); Tana River, Lamu, Kwale (Coast province)",La Nina,Famine,,Yes,,,,,Km2,,,,,2011,1.0,,2011,1.0,,,,4300000.0,,4300000.0,,,,,,,"74,5094440781961",2,,51341;51342;51346;51348;51352;51357;51361;51362;51363;51364;51389;51392;51394,"Garissa, Ijara, Isiolo, Kwale, Lamu, Mandera, Marsabit, Moyale, Samburu, Tana River, Turkana, Wajir, West Pokot (Adm2). "
2010-9082-SOM,2010,9082,DR-2011-000029,Natural,Climatological,Drought,Drought,,,Somalia,SOM,Eastern Africa,Africa,"Bakool, Shabelle Hoose, Shabelle Dhexe, Bay, Galgaduud, Gedo, Hiraan, Juba Dhexe, Juba Hoose, Mudug, Sanaag, Sool, Togdheer, Woqooyi Galbeed, Awdal, Bari, Nugaal province",Failure of Gu and Deyr rain y seasons in 2009,Famine,,,Yes,Yes,,,Km2,,,,,2010,2.0,,2011,11.0,,20000.0,,4000000.0,,4000000.0,,,,,,,"74,5094440781961",1,2688;2689;2690;2691;2693;2694;2695;2696;2697;2698;2699;2700;2701;2702;2703;2704;2705,,"Awdal, Bakool, Bari, Bay, Galgaduud, Gedo, Hiraan, Juba Dhexe, Juba Hoose, Mudug, Nugaal, Sanaag, Shabelle Dhexe, Shabelle Hoose, Sool, Togdheer, Woqooyi Galbeed (Adm1). "
2010-0613-MAR,2010,613,,Natural,Hydrological,Flood,Flash flood,,,Morocco,MAR,Northern Africa,Africa,"Tiflet area (Khémisset district, Rabat - Salé - Zemmour - Zaer province), Al Hoceima area (Al Hoceïma district, Taza - Al Hoceima - Tatounate province), Khenifra area (Khénifra district, Meknès - Tafilalet province), Ouezzane area (Sidi Kacem district, Gharb - Chrarda - Béni Hssen province), Bouznika area (Ben Slimane district, Chaouia - Ouardigha province), Ouarzazate, Zagora districts (Souss - Massa - Draâ province), Salé, Rabat districts (Rabat - Salé - Zemmour - Zaer province), Casablanca district (Grand Casablanca province)",Heavy rains,Transport accident,,,,,,180760.0,Km2,9.77,-66.93,,,2010,11.0,25.0,2010,12.0,6.0,32.0,3.0,75000.0,,75003.0,,,,,29000.0,38921.0,"74,5094440781961",2,,21787;21794;21810;21812;21813;21814;147339;147343;147359;147360,"Al Hoceima, Ben Slimane, Casablanca, Kh??misset, Kh??nifra, Ouarzazate, Rabat, Sal??, Sidi Kacem, Zagora (Adm2). "
2010-0285-KEN,2010,285,,Natural,Hydrological,Flood,Riverine flood,,,Kenya,KEN,Eastern Africa,Africa,"Salabani village (Marigat area, Baringo district, Rift Valley province), Western province",,,,,,,,196100.0,Km2,1.5,36,,,2010,5.0,8.0,2010,5.0,24.0,100.0,,70000.0,,70000.0,,,,,,,"74,5094440781961",1;2,51332,51377,Western (Adm1). Baringo (Adm2). 
2010-0186-KEN,2010,186,,Natural,Hydrological,Landslide,Landslide,,,Kenya,KEN,Eastern Africa,Africa,"Kitony village (Marakwet district, Rift Valley province)",Torrential rain,,,,,,,,,,,,,2010,4.0,30.0,2010,4.0,30.0,10.0,,,,,,,,,,,"74,5094440781961",2,,51385,Marakwet (Adm2). 
2010-0141-KEN,2010,141,,Natural,Biological,Epidemic,Bacterial disease,,Cholera,Kenya,KEN,Eastern Africa,Africa,"Marakwet, Tharaka, Kwale, Msambweni, Mombasa, Kilindini, Central Pokot, West Pokot, Narok, Langata, Kajiado, Malindi, Kilifi, ",,,,,No,No,,,Vaccinated,,,,,2010,1.0,1.0,2010,5.0,26.0,46.0,,2834.0,,2834.0,,,,,,,"74,5094440781961",,,,
2010-0700-KEN,2010,700,EP-2010-000263,Natural,Biological,Epidemic,Viral disease,,Measles,Kenya,KEN,Eastern Africa,Africa,"Rift valley, Coast and NortthEsatern provinces",,,,,No,No,,,Vaccinated,,,,,2010,12.0,27.0,2011,4.0,14.0,11.0,,1046.0,,1046.0,,,,,,,"74,5094440781961",,,,
2010-0280-LBR,2010,280,FL-2010-000118,Natural,Hydrological,Flood,Riverine flood,,,Liberia,LBR,Western Africa,Africa,"Sinkor, Paynesville, Bushrod Island, Virginia boroughs (Greater Monrovia district, Montserrado province)",Torrential rain,,,,,,,,Km2,6.01,-7.2,,,2010,6.0,25.0,2010,6.0,27.0,1.0,,15486.0,,15486.0,,,,,,,"74,5094440781961",2,,147290,Greater Monrovia (Adm2). 
2010-0704-MDG,2010,704,,Natural,Biological,Insect infestation,Locust,,,Madagascar,MDG,Eastern Africa,Africa,Southern,,,,Yes,No,No,,,,,,,,2010,10.0,,2011,5.0,,,,2300000.0,,2300000.0,,,,,,,"74,5094440781961",,,,
2010-0456-MLI,2010,456,FF-2010-000195,Natural,Hydrological,Flood,Riverine flood,,,Mali,MLI,Western Africa,Africa,Tombouctou district (Tombouctou province),Heavy rains,,,,,,,,Km2,,,,,2010,8.0,11.0,2010,8.0,12.0,,,16000.0,,16000.0,,,,,,,"74,5094440781961",2,,19420,Tombouctou (Adm2). 
2010-0536-MLI,2010,536,,Natural,Hydrological,Flood,Riverine flood,,,Mali,MLI,Western Africa,Africa,"Kayes, Koulikoro, Segou, Sikasso, Mopti, Tombouctou, Gao, Kidal, Bamako provinces",Heavy rains,,,,,,,,Km2,,,,,2010,10.0,4.0,2010,10.0,4.0,,,16000.0,,16000.0,,,,,,,"74,5094440781961",1,1926;1927;1928;1929;1930;1931;1932;1933;1934,,"Bamako, Gao, Kayes, Kidal, Koulikoro, Mopti, Segou, Sikasso, Tombouctou (Adm1). "
2010-9249-MLI,2010,9249,,Natural,Climatological,Drought,Drought,,,Mali,MLI,Western Africa,Africa,"Kayes, Tombouctou, Kidal, Gao provinces",,,,,,,,,Km2,,,,,2010,6.0,,2010,,,,,600000.0,,600000.0,,,,,,,"74,5094440781961",1,1927;1928;1929;1934,,"Gao, Kayes, Kidal, Tombouctou (Adm1). "
2010-0097-MOZ,2010,97,FL-2010-000055,Natural,Hydrological,Flood,Riverine flood,,,Mozambique,MOZ,Eastern Africa,Africa,"Buzi, Chemba, Nhamatanda, Caia, Dondo, Marromeu districts (Sofala province), Mopeia, Chinde, Morrumbala districts (Zambezia province), Mutarara, Cahora Bassa, Cidade de Tete districts (Tete province), Tambara, Sussundenga districts (Manica province), Nampula, Inhambane provinces",Heavy rains,,,,,,,26370.0,Km2,-19.96,34.25,,Zambezia,2010,2.0,22.0,2010,3.0,11.0,5.0,,17000.0,,17000.0,,,,,,,"74,5094440781961",1;2,2114;2118,21879;21880;21922;21923;21924;21927;21931;21933;21935;21943;21946;21956;21957;65264,"Inhambane, Nampula (Adm1). Buzi, Cahora Bassa, Caia, Chemba, Chinde, Cidade de Tete, Dondo, Marromeu, Mopeia, Morrumbala, Mutarara, Nhamatanda, Sussundenga, Tambara (Adm2). "
2010-0142-MOZ,2010,142,EP-2010-000044,Natural,Biological,Epidemic,Bacterial disease,,Cholera,Mozambique,MOZ,Eastern Africa,Africa,"Gurue, Milane, Namarroi districts (Zambezia province); Pemba, Macomia, Mecufi; Montenuez, Chiure districts (Cabo Delgado province), Cuamba, Mecanhelas districts (Niassa province); Nhamatanda districts (Sofala province); Nampula city, Melama, Mecuburri districts (Nampula province); Mecuburi provinces",,,,,No,No,,,Vaccinated,,,,,2010,1.0,1.0,2010,3.0,13.0,44.0,,3188.0,,3188.0,,,,,,,"74,5094440781961",,,,
2010-0523-MRT,2010,523,FL-2010-000176,Natural,Hydrological,Flood,Riverine flood,,,Mauritania,MRT,Western Africa,Africa,"Achram area (Moudjeria district, Tagant province), Aleg, Maghta Lahjar districts (Brakna province), Kaedi district (Kaedi province), Akjoujt district (Inchiri province), Boutilimit district (Trarza province)",Torrential rains,,,,Yes,,,11046.0,Km2,16.245,-7.65,,,2010,9.0,19.0,2010,9.0,21.0,,,8750.0,,8750.0,,,,,,,"74,5094440781961",2,,19499;19503;19505;19521;19523;19529,"Akjoujt, Aleg, Boutilimit, Kaedi, Maghta Lahjar, Moudjeria (Adm2). "
2010-0127-MWI,2010,127,,Natural,Hydrological,Flood,Riverine flood,,,Malawi,MWI,Eastern Africa,Africa,Dedza district (Central Region province),,,,,,,,,Km2,,,,,2010,3.0,22.0,2010,3.0,22.0,,,21290.0,,21290.0,,,,,,,"74,5094440781961",2,,19307,Dedza (Adm2). 
2010-0128-NAM,2010,128,,Natural,Hydrological,Flood,Riverine flood,,,Namibia,NAM,Southern Africa,Africa,"Kavango, Oshana, Caprivi provinces",Heavy rains,,,,,,,64630.0,Km2,-18.69,23.23,,,2010,3.0,24.0,2010,3.0,24.0,8.0,,110000.0,,110000.0,,,,,,,"74,5094440781961",1,2137;2141;2147,,"Caprivi, Kavango, Oshana (Adm1). "
2010-0295-NER,2010,295,,Natural,Hydrological,Flood,Riverine flood,,,Niger (the),NER,Western Africa,Africa,"Zinder, Maradi provinces",Heavy rains,,,,,,,,Km2,,,,,2010,7.0,19.0,2010,7.0,23.0,2.0,,,6615.0,6615.0,,,,,,,"74,5094440781961",1,2205;2209,,"Maradi, Zinder (Adm1). "
2010-0379-NER,2010,379,,Natural,Hydrological,Flood,Riverine flood,,,Niger (the),NER,Western Africa,Africa,"Tera, Filingue districts (Tillaberi province), Niamey, Zinder, Maradi, Agadez, Tahoua, Diffa, Dosso provinces",Torrential rain,,,,,,32.0,619100.0,Km2,13.6,14,,Niger river,2010,8.0,1.0,2010,8.0,11.0,3.0,,226611.0,,226611.0,,,,,,,"74,5094440781961",1;2,2202;2203;2204;2205;2206;2207;2209,22578;22582,"Agadez, Diffa, Dosso, Maradi, Niamey, Tahoua, Zinder (Adm1). Filingue, Tera (Adm2). "
2010-0400-NER,2010,400,EP-2010-000165,Natural,Biological,Epidemic,Bacterial disease,,Cholera,Niger (the),NER,Western Africa,Africa,,,,,,No,No,,,Vaccinated,,,,,2010,8.0,,2010,8.0,,16.0,,240.0,,240.0,,,,,,,"74,5094440781961",,,,
2010-0131-NER,2010,131,FL-2010-000039,Natural,Biological,Epidemic,Viral disease,,Meningitis,Niger (the),NER,Western Africa,Africa,"Agadez, Madarounda, Zinder, Maradi districts",,,,,No,No,,,Vaccinated,,,,,2010,1.0,1.0,2010,3.0,22.0,87.0,,977.0,,977.0,,,,,,,"74,5094440781961",,,,
2010-0400-NGA,2010,400,EP-2010-000165,Natural,Biological,Epidemic,Bacterial disease,,Cholera,Nigeria,NGA,Western Africa,Africa,"Borno, Bauchi, Jigawa, Rivers, Cross River, Taraba, Kaduna, Adamawa, Gombe, Kastina, Yobe states","Poor sanitation and contamination of wells, floods situation",,,,No,No,,,Vaccinated,,,,,2010,7.0,23.0,2010,9.0,,1716.0,,41787.0,,41787.0,,,,,,,"74,5094440781961",,,,
2010-0131-NGA,2010,131,FL-2010-000039,Natural,Biological,Epidemic,Viral disease,,Meningitis,Nigeria,NGA,Western Africa,Africa,"Nuachi, Gombe, Adamawa, Yobe, Borno, Taraba states",,,,,No,No,,,Vaccinated,,,,,2010,,,2010,3.0,24.0,156.0,,1500.0,,1500.0,,,,,,,"74,5094440781961",,,,
2010-0146-RWA,2010,146,,Natural,Hydrological,Landslide,Landslide,,,Rwanda,RWA,Eastern Africa,Africa,"Murambi, Kubukoko, Knebwe areas (Rubavu district, West/Iburengerazuba province)",Heavy rains,,,,,,,,,,,,,2010,3.0,26.0,2010,3.0,31.0,14.0,17.0,,5920.0,5937.0,,,,,,,"74,5094440781961",2,,21998,Rubavu (Adm2). 
2010-0199-RWA,2010,199,,Natural,Hydrological,Landslide,Landslide,,,Rwanda,RWA,Eastern Africa,Africa,Nyabihu district (West/Iburengerazuba province),,,,,,,,,,,,,,2010,5.0,16.0,2010,5.0,16.0,7.0,,,,,,,,,,,"74,5094440781961",2,,21991,Nyabihu (Adm2). 
2010-0319-SDN,2010,319,,Natural,Hydrological,Flood,Riverine flood,,,Sudan (the),SDN,Northern Africa,Africa,Red Sea province,Heavy rains,,,,,,,100400.0,Km2,18.7,36.7,,,2010,7.0,10.0,2010,7.0,15.0,33.0,,,10000.0,10000.0,,,,,,,"74,5094440781961",1,40772,,Red Sea (Adm1). 
2010-0579-SDN,2010,579,FL-2010-000139,Natural,Hydrological,Flood,Riverine flood,,,Sudan (the),SDN,Northern Africa,Africa,"Nile, Gadaref, White Nile, Northern Kordofan, Sennar provinces",,,,,,,,,Km2,,,,,2010,7.0,1.0,2010,10.0,7.0,3.0,12.0,16350.0,,16362.0,,,,,,,"74,5094440781961",1,2761;2762;2770;68784;68805,,"Gadaref, Nile, Northern Kordofan, Sennar, White Nile (Adm1). "
2010-0420-SEN,2010,420,FL-2010-000164,Natural,Hydrological,Flood,Riverine flood,,,Senegal,SEN,Western Africa,Africa,Kolda district (Kolda province),Heavy rains,,,,,,,,Km2,,,,,2010,8.0,12.0,2010,8.0,23.0,2.0,9.0,22116.0,,22125.0,,,,,,,"74,5094440781961",2,,1408,Kolda (Adm2). 
2010-0580-SEN,2010,580,FL-2010-000217,Natural,Hydrological,Flood,Riverine flood,,,Senegal,SEN,Western Africa,Africa,Saint louis district (Saint louis province),Heavy rains,,,,,,,,Km2,,,,,2010,10.0,17.0,2010,10.0,18.0,,54.0,80337.0,,80391.0,,,,,,,"74,5094440781961",2,,47600,Saint louis (Adm2). 
2010-0457-SLE,2010,457,,Natural,Hydrological,Flood,Riverine flood,,,Sierra Leone,SLE,Western Africa,Africa,"Kailahun, Kono districts (Eastern province), Kambia, Tonkolili districts (Northern province), Western Area Urb district (Western Area province), Southern province",,,,,,,,,Km2,,,,,2010,8.0,,2010,8.0,,,,234.0,,234.0,,,,,,,"74,5094440781961",1;2,2656,25406;25408;25410;25413;111381,"Southern (Adm1). Kailahun, Kambia, Kono, Tonkolili, Western Area Urb (Adm2). "
2010-0389-SLE,2010,389,,Natural,Hydrological,Landslide,Landslide,,,Sierra Leone,SLE,Western Africa,Africa,Western Area Urb district (Western province),,,,,,,,,,,,,,2010,8.0,9.0,2010,8.0,9.0,16.0,5.0,,,5.0,,,,,,,"74,5094440781961",2,,111381,Western Area Urb (Adm2). 
2010-0115-SOM,2010,115,FL-2010-000041,Natural,Hydrological,Flood,Riverine flood,,,Somalia,SOM,Eastern Africa,Africa,"Sool, Togdheer, Woqooyi Galbeed provinces",Heavy rains,,,,,,,,Km2,9.2,45.49,,,2010,3.0,1.0,2010,3.0,11.0,,,16000.0,,16000.0,,,,,,,"74,5094440781961",1,2703;2704;2705,,"Sool, Togdheer, Woqooyi Galbeed (Adm1). "
2010-0164-SOM,2010,164,,Natural,Hydrological,Flood,Riverine flood,,,Somalia,SOM,Eastern Africa,Africa,"Awdal, Sanaag, Sool, Togdheer, Woqooyi Galbeed provinces",Heavy rains,,,,,,,,Km2,,,,,2010,4.0,24.0,2010,4.0,24.0,11.0,,,200.0,200.0,,,,,,,"74,5094440781961",1,2688;2702;2703;2704;2705,,"Awdal, Sanaag, Sool, Togdheer, Woqooyi Galbeed (Adm1). "
2010-0300-TCD,2010,300,,Natural,Hydrological,Flood,Riverine flood,,,Chad,TCD,Middle Africa,Africa,"Borkou, Ouaddaï, Batha Est, Batha Ouest, Tibesti, Ennedi, Sila, Guera, Logone Oriental, Logone Occidental, Barh Koh, Tandjile Est, Tandjile Ouest, Salamat, Mayo-Boneye, Mayo-Dala, Kabia, Hadjer Lamis provinces ",Heavy rains,,,,,,,38021.0,Km2,11.385,14.63,,,2010,8.0,15.0,2010,9.0,17.0,24.0,,144579.0,,144579.0,,,,,,,"74,5094440781961",1,873;876;881;12904;12905;12907;12908;12909;12912;12918;12920;12921;12922;12923;12927;12928;12930;12931,,"Barh Koh, Batha Est, Batha Ouest, Borkou, Ennedi, Guera, Hadjer Lamis, Kabia, Logone Occidental, Logone Oriental, Mayo-Boneye, Mayo-Dala, Ouaddai, Salamat, Sila, Tandjile Est, Tandjile Ouest, Tibesti (Adm1). "
2010-0400-TCD,2010,400,EP-2010-000165,Natural,Biological,Epidemic,Bacterial disease,,Cholera,Chad,TCD,Middle Africa,Africa,"Lac, Mayo Kebbi districts",,,,,No,Yes,,,Vaccinated,,,,,2010,6.0,,2010,9.0,21.0,92.0,,1730.0,,1730.0,,,,,,,"74,5094440781961",,,,
2010-0131-TCD,2010,131,FL-2010-000039,Natural,Biological,Epidemic,Viral disease,,Meningitis,Chad,TCD,Middle Africa,Africa,"Laokassi, Goundi, Sarh, Béré, Bébidjia, Doba, Donomanaga districts",,,,,No,No,,,Vaccinated,,,,,2010,1.0,,2010,3.0,15.0,115.0,,1090.0,,1090.0,,,,,,,"74,5094440781961",,,,
2010-0137-TCD,2010,137,,Natural,Biological,Epidemic,Viral disease,,Measles,Chad,TCD,Middle Africa,Africa,Ndjamena,,,,,No,No,,,Vaccinated,,,,,2010,1.0,,2010,3.0,22.0,32.0,,2499.0,,2499.0,,,,,,,"74,5094440781961",,,,
2010-0255-TGO,2010,255,FL-2010-000118,Natural,Hydrological,Flood,Riverine flood,,,Togo,TGO,Western Africa,Africa,"Centrale, Kara, Maritime, Plateaux, Savanes provinces",,,,,,,,,Km2,,,,,2010,6.0,5.0,2010,10.0,,21.0,,82000.0,,82000.0,,,,,,,"74,5094440781961",1,2970;2971;2972;2973;2974,,"Centrale, Kara, Maritime, Plateaux, Savanes (Adm1). "
2010-0550-TGO,2010,550,,Natural,Hydrological,Flood,Riverine flood,,,Togo,TGO,Western Africa,Africa,"Baguida, Kagome, Adakpame, Djidjole, Agbalepedo, Agoe boroughs (Lome City, Golfe district, Maritime province), Yoto, Golfe, Lacs districts (Martitime province)",Heavy rains,,,,,,1266.0,,Km2,,,,Mono river,2010,9.0,,2010,10.0,,1.0,,29550.0,,29550.0,,,,,,,"74,5094440781961",2,,27394;27395;27397,"Golfe, Lacs, Yoto (Adm2). "
2010-0131-TGO,2010,131,FL-2010-000039,Natural,Biological,Epidemic,Viral disease,,Meningitis,Togo,TGO,Western Africa,Africa,"Blitta, Savannah",,,,,No,No,,,Vaccinated,,,,,2010,1.0,1.0,2010,3.0,22.0,60.0,,236.0,,236.0,,,,,,,"74,5094440781961",,,,
2010-0084-UGA,2010,84,LS-2010-000040,Natural,Hydrological,Landslide,Landslide,,,Uganda,UGA,Eastern Africa,Africa,"Himumtu, Mazimasa, Kachonga, Butalega Rural, Butaleja Town areas (Bunyole district, Butaleja province), Nametsi, Kubehwo, Namangasa, Namasheti, Bumayoka villages (Manjiya district, Bududa province), Amudat, Amuria, Budaka, Bukwo, Kapchorwa, Katakwi, Kibuku, Manafwa, Mbale, Moroto, Nakapiripirit, Napak, Pallisa, Sironko provinces",Heavy rains,,,Yes,,,339.0,,,,,,,2010,2.0,25.0,2010,3.0,1.0,388.0,10.0,12785.0,,12795.0,,,,,,,"74,5094440781961",1;2,744;747;751;761;769;772;773;775;785;1235;1369;47068;47078;47085,28480;28539,"Amudat, Amuria, Budaka, Bukwo, Kapchorwa, Katakwi, Kibuku, Manafwa, Mbale, Moroto, Nakapiripirit, Napak, Pallisa, Sironko (Adm1). Bunyole, Manjiya (Adm2). "
2010-0670-UGA,2010,670,EP-2010-000260,Natural,Biological,Epidemic,Viral disease,,Yellow Fever,Uganda,UGA,Eastern Africa,Africa,"Abim, Agago, Kitgum, Gulu, Arua, Lira, Kaabong, Kotido",,,,,No,No,,,Vaccinated,,,,,2010,11.0,16.0,2010,12.0,29.0,48.0,,190.0,,190.0,,,,,,,"74,5094440781961",,,,
2010-9082-UGA,2010,9082,DR-2011-000029,Natural,Climatological,Drought,Drought,,,Uganda,UGA,Eastern Africa,Africa,"Kaabong, Kotido, Abim, Moroto, Nakapiripirit provinces (Karamoja region)",,,,,,,,,Km2,,,,,2011,3.0,,2011,,,,,669000.0,,669000.0,,,,,,,"74,5094440781961",1,743;765;772;773;47074,,"Abim, Kaabong, Kotido, Moroto, Nakapiripirit (Adm1). "
2011-0183-RWA,2011,183,,Natural,Hydrological,Flood,Riverine flood,,,Rwanda,RWA,Eastern Africa,Africa,"Gisagara (South/Amajyepfo province), Rwamagana (East/Iburasirazuba province), Musanze (North/Amajyaruguru province), Nyabihu district (West/Iburengerazuba province)",,"Slide (land, mud, snow, rock)",Rain,,,,,,Km2,,,,,2011,4.0,25.0,2011,5.0,5.0,14.0,20.0,3588.0,,3608.0,,,,,,,"76,8615953778198",2,,21980;21988;21991;22003,"Gisagara, Musanze, Nyabihu, Rwamagana (Adm2). "
2011-0102-MWI,2011,102,,Natural,Hydrological,Flood,Riverine flood,,,Malawi,MWI,Eastern Africa,Africa,"Mwakaboko, Kilipula, Kyungu villages (Karonga district, Northern Region province)",,Broken Dam/Burst bank,,,,,,,Km2,,,,North Rukuru river,2011,4.0,11.0,2011,4.0,11.0,4.0,1.0,23290.0,,23291.0,,,,,,,"76,8615953778198",2,,19317,Karonga (Adm2). 
2011-0057-MDG,2011,57,,Natural,Meteorological,Storm,Tropical cyclone,,Tropical Cyclone'Bingiza',Madagascar,MDG,Eastern Africa,Africa,"Vohipeno, Mananjary districts (Vatovavy Fitovinany province), Vatomandry district (Atsinanana province), Mahajanga II, Ambato Boeni, Soalala districts (Boeny province), Port-Berge (Boriziny-Vaovao), Mampikony, Befandriana Nord, Mandritsara districts (Sofia province), Iakora district (Ihorombe province), Miandrivazo, Manja districts (Menabe province), Sambava, Antalaha districts (Sava province), Ambohidratrimo district (Analmanga province), Morafenobe, Maintirano districts (Melaky province), Ambovombe-Androy, Bekily, Tsihombe districts (Androy province), Anosy, Atsimo Atsinanana, Analanjirofo provinces",,Flood,,Yes,,,2091.0,180.0,Kph,,,,,2011,2.0,14.0,2011,2.0,16.0,35.0,73.0,89297.0,25845.0,115215.0,,,,,,,"76,8615953778198",1;2,41753;41755;41757,154518;154531;154534;154558;154562;154564;154567;154579;154588;154589;154592;154593;154596;154597;154602;154603;154604;154605;154614;154616,"Analanjirofo, Anosy, Atsimo Atsinanana (Adm1). Ambato Boeni, Ambohidratrimo, Ambovombe-Androy, Antalaha, Befandriana Nord, Iakora, Mahajanga II, Maintirano, Mampikony, Mananjary, Mandritsara, Manja, Miandrivazo, Morafenobe, Port-Berge (Boriziny-Vaovao), Sambava, Soalala, Tsihombe, Vatomandry, Vohipeno (Adm2). "
2011-0043-LSO,2011,43,FL-2011-000019,Natural,Hydrological,Flood,Riverine flood,,,Lesotho,LSO,Southern Africa,Africa,"Thaba Tseka, Qacha's Nek, Mohale's Hoek, Butha Buthe, Mokhotlong, Berea provinces",Heavy rains,,,,,,,19634.0,Km2,-29.5025,28.08,,,2011,2.0,1.0,2011,2.0,16.0,26.0,,5000.0,,5000.0,,,,,,,"76,8615953778198",1,1803;1804;1808;1809;1810;1812,,"Berea, Butha Buthe, Mohale's Hoek, Mokhotlong, Qacha's Nek, Thaba Tseka (Adm1). "
2011-0092-LSO,2011,92,,Natural,Hydrological,Flood,Riverine flood,,,Lesotho,LSO,Southern Africa,Africa,"Berea, Mokhotlong provinces",,,,,,,,,Km2,,,,Senqu river,2011,3.0,14.0,2011,3.0,20.0,,,,,,,,,,,,"76,8615953778198",1,1803;1809,,"Berea, Mokhotlong (Adm1). "
2011-0333-MLI,2011,333,EP-2011-000098,Natural,Biological,Epidemic,Bacterial disease,,Cholera,Mali,MLI,Western Africa,Africa,,,,,,No,No,,,Vaccinated,,,,,2011,9.0,,2011,10.0,14.0,49.0,,1190.0,,1190.0,,,,,,,"76,8615953778198",,,,
2011-0072-MOZ,2011,72,FL-2011-000013,Natural,Hydrological,Flood,Riverine flood,,,Mozambique,MOZ,Eastern Africa,Africa,"Maputo, Gaza, Inhambane, Manica, Sofala, Tete, Zambezia provinces",Heavy rains,,,,,,,,Km2,,,,,2011,1.0,,2011,2.0,,11.0,,30000.0,,30000.0,,,,,,,"76,8615953778198",1,2113;2114;2115;2120;2121;2122;41373,,"Gaza, Inhambane, Manica, Maputo, Sofala, Tete, Zambezia (Adm1). "
2011-0092-MOZ,2011,92,,Natural,Hydrological,Flood,Riverine flood,,,Mozambique,MOZ,Eastern Africa,Africa,"Dombe village (Sussundenga district, Manica province), Magude town (Magude district, Maputo province), Caia village (Manhica (41376) district, Maputo province), Cidade de Maputo district (Maputo province), Bilene, Chibuto, Chokwe, Cidade de Xai-Xai, Guija, Xai-Xai districts (Gaza province), Tete, Zambezia provinces",,,,,,,,,Km2,,,,,2011,3.0,,2011,3.0,,,,33946.0,,33946.0,,,,,,,"76,8615953778198",1;2,2121;2122,21849;21850;21853;21854;21859;21879;21883;41374;41376;65248,"Tete, Zambezia (Adm1). Bilene, Chibuto, Chokwe, Cidade de Maputo, Cidade de Xai-Xai, Guija, Magude, Manhica, Sussundenga, Xai-xai (Adm2). "
2011-0015-MOZ,2011,15,,Natural,Meteorological,Storm,Convective storm,,,Mozambique,MOZ,Eastern Africa,Africa,Cidade de Chimoio district (Manica province),,,,,,,,,Kph,,,,,2011,1.0,12.0,2011,1.0,12.0,12.0,,,,,,,,,,,"76,8615953778198",2,,65251,Cidade de Chimoio (Adm2). 
2011-0182-MOZ,2011,182,,Natural,Biological,Epidemic,Bacterial disease,,Cholera,Mozambique,MOZ,Eastern Africa,Africa,"Ancuabe, Pemba, Montepuez, Metuge, Chiure districts (Cabo Delgado); Erati, Memba, Meconta, Mossuril, Mongicual, Nacaroa, Monapo (Nampula); Chimoio city (Manica)",,,,,No,No,,,Vaccinated,,,,,2011,1.0,,2011,1.0,,13.0,,325.0,,325.0,,,,,,,"76,8615953778198",,,,
2011-0092-MWI,2011,92,,Natural,Hydrological,Flood,Riverine flood,,,Malawi,MWI,Eastern Africa,Africa,Mulanje district (Southern Region province),,,,,,,,,Km2,,,,,2011,3.0,,2011,3.0,,,,33946.0,,33946.0,,,,,,,"76,8615953778198",2,,42176,Mulanje (Adm2). 
2011-0081-NAM,2011,81,FL-2011-000007,Natural,Hydrological,Flood,Riverine flood,,,Namibia,NAM,Southern Africa,Africa,"Kunene, Oshana, Oshikoto, Omusati, Ohangwena, Kavango, Caprivi provinces",Heavy rains,,,Yes,,Yes,,102874.0,Km2,-18.188,20.64,,,2011,3.0,1.0,2011,4.0,12.0,108.0,,500000.0,,500000.0,,,,,12000.0,15612.0,"76,8615953778198",1,2137;2141;2143;2144;2146;2147;2148,,"Caprivi, Kavango, Kunene, Ohangwena, Omusati, Oshana, Oshikoto (Adm1). "
2011-0333-NER,2011,333,EP-2011-000098,Natural,Biological,Epidemic,Bacterial disease,,Cholera,Niger (the),NER,Western Africa,Africa,"Tillabery, Maradi Zinder, Diffa, Niamey, Dosso, Tahoua",Contamination of the Biver river and its tributaries,,,,No,No,,,Vaccinated,,,,,2011,9.0,,2011,10.0,14.0,48.0,,2130.0,,2130.0,,,,,,,"76,8615953778198",,,,
2011-0239-NGA,2011,239,,Natural,Meteorological,Storm,Convective storm,Lightning/Thunderstorms,,Nigeria,NGA,Western Africa,Africa,"Balanga district (Gombe province), Damaturu district (Yobe province)",,,,,,,,,Kph,,,,,2011,7.0,29.0,2011,7.0,29.0,11.0,12.0,,,12.0,,,,,,,"76,8615953778198",2,,22660;191032,"Balanga, Damaturu (Adm2). "
2011-0214-NGA,2011,214,FF-2011-000088,Natural,Hydrological,Flood,Riverine flood,,,Nigeria,NGA,Western Africa,Africa,"Katsina, Lagos provinces",Heavy rain,,,,,,,103000.0,Km2,12.5947,8.64,,,2011,7.0,15.0,2011,7.0,19.0,20.0,,26965.0,,26965.0,,,,,,,"76,8615953778198",1,2226;2230,,"Katsina, Lagos (Adm1). "
2011-0230-NGA,2011,230,,Natural,Hydrological,Flood,Riverine flood,,,Nigeria,NGA,Western Africa,Africa,Kano province,Heavy rains,,,,,,,,Km2,,,,,2011,6.0,21.0,2011,6.0,22.0,24.0,150.0,300.0,500.0,950.0,,,,,4500.0,5855.0,"76,8615953778198",1,2225,,Kano (Adm1). 
2011-0343-NGA,2011,343,,Natural,Hydrological,Flood,Riverine flood,,,Nigeria,NGA,Western Africa,Africa,"Ibadan North, Ibadan South-West, Oluyole, Ido, Ibadan North-West, Egbeda, Ona Ara, Ibadan North East, Lagelu, Akinyele districts (Oyo province)",Heavy rains,,,,,,,20013.0,Km2,8.7372,4.47,,,2011,8.0,26.0,2011,9.0,8.0,120.0,,3000.0,,3000.0,,,,,,,"76,8615953778198",2,,191207;191213;191219;191231;191233;191235;191238;191242;191243;191247,"Akinyele, Egbeda, Ibadan North, Ibadan North-East, Ibadan North-West, Ibadan South-West, Ido, Lagelu, Oluyole, Ona Ara (Adm2). "
2011-0315-NGA,2011,315,EP-2011-000092,Natural,Biological,Epidemic,Bacterial disease,,Cholera,Nigeria,NGA,Western Africa,Africa,"Plateau, Bauchi, Taraba, Adamawa, Kaduna, Yobe, Nasarawa, Oyo, Kogi",,,,,No,No,,,Vaccinated,,,,,2011,6.0,27.0,2011,10.0,14.0,694.0,,21382.0,,21382.0,,,,,,,"76,8615953778198",,,,
2011-0333-TCD,2011,333,EP-2011-000098,Natural,Biological,Epidemic,Bacterial disease,,Cholera,Chad,TCD,Middle Africa,Africa,"Flanga, Gounougaya, Bongor, Guelendeng, N'Djam Est, N'Djam Centre, N'Djam Sud, Massaquete, Massakory, Bokoro, Lai, Kelo, Bere, Dourbali, Mandalia, Bousso, Massenya, Lere, Paia, Mao, Amtiman, Aboudia, BOL, Ngouri, Moussoro, Mongo, Bitkine, Mangaime, Benoye, Abeche, Melfi, Yao, Oumhadjer districts",,,,,No,No,,,Vaccinated,,,,,2011,8.0,9.0,2011,10.0,14.0,433.0,,16038.0,,16038.0,,,,,,,"76,8615953778198",,,,
2011-0181-TCD,2011,181,EP-2011-000036,Natural,Biological,Epidemic,Viral disease,,Meningitis,Chad,TCD,Middle Africa,Africa,"Sarh, Moundou, Gounougaya, Bikin, Koumra (Logone Occidental, Moyen Chari)",,,,,No,No,,,Vaccinated,,,,,2011,3.0,18.0,2011,3.0,20.0,124.0,,2085.0,,2085.0,,,,,,,"76,8615953778198",,,,
2011-0238-UGA,2011,238,,Natural,Meteorological,Storm,Convective storm,Lightning/Thunderstorms,,Uganda,UGA,Eastern Africa,Africa,"Runyanya area (Kibanda district, Kiryandongo province)",,,,,,,,,Kph,,,,,2011,6.0,28.0,2011,6.0,28.0,23.0,47.0,,,47.0,,,,,,,"76,8615953778198",2,,28475,Kibanda (Adm2). 
2009-9633-SSD,2009,9633,,Natural,Climatological,Drought,Drought,,,South Sudan,SSD,Northern Africa,Africa,"Unity, Northern Bahr Ghazal, Jonglei, Upper Nile, Eastern Equatoria, Warab provinces","Bad distibution of rain, conflict and bad recolt",Food shortage,,,,,,,Km2,,,,,2009,,,2010,,,,,4300000.0,,4300000.0,,,,,,,"73,3071767219387",1,2747;2750;2751;2754;2765;37021,,"Eastern Equatoria, Jonglei, Northern Bahr El Ghazal, Unity, Upper Nile, Warab (Adm1). "
2009-0605-ZAF,2009,605,,Natural,Meteorological,Storm,Convective storm,Severe storm,,South Africa,ZAF,Southern Africa,Africa,"Cacadu district (Eastern Cape province), Central Karoo district (Western Cape province)",,,,,,,,,Kph,,,,,2009,11.0,19.0,2009,11.0,19.0,1.0,,,,,,,,,15000.0,20462.0,"73,3071767219387",2,,77319;77357,"Cacadu District Municipality, Central Karoo District Municipality (Adm2). "
2009-0261-ZAF,2009,261,FL-2009-000133,Natural,Hydrological,Flood,Riverine flood,,,South Africa,ZAF,Southern Africa,Africa,City of Cape Town district (Western Cape province),Heavy rains,,,,,,,32700.0,Km2,-33.07,18.92,,,2009,7.0,12.0,2009,7.0,16.0,11.0,,20000.0,,20000.0,,,,,,,"73,3071767219387",2,,77317,City of Cape Town Metropolitan Municipality (Adm2). 
2009-0544-COD,2009,544,,Natural,Hydrological,Flood,Riverine flood,,,Congo (the Democratic Republic of the),COD,Middle Africa,Africa,"Mbuji-Mayi, Mwene-Ditu districts (Kasai Oriental province)",Heavy rains,,,,,,,,Km2,,,,,2009,11.0,16.0,2009,11.0,16.0,,,5000.0,,5000.0,,,,,,,"73,3071767219387",2,,14978;74362,"Mbuji-Mayi, Mwene-Ditu (Adm2). "
2009-0264-COD,2009,264,,Natural,Climatological,Wildfire,"Land fire (Brush, Bush, Pasture)",,,Congo (the Democratic Republic of the),COD,Middle Africa,Africa,"Tshikula, Dibaya cities (Lulua district, Kasai Occidental province), Kongolo city (Tanganyka district, Katanga province), Mukishi city (Haut-Lomani district, Katanga province)",,,,,,,,,Km2,,,,,2009,7.0,12.0,2009,7.0,12.0,,,,125.0,125.0,,,,,,,"73,3071767219387",2,,14976;14981;14986,"Haut-Lomami, Lulua, Tanganyka (Adm2). "
2009-0541-COD,2009,541,,Natural,Biological,Epidemic,Bacterial disease,,Cholera,Congo (the Democratic Republic of the),COD,Middle Africa,Africa,South Kivu,,,,,No,No,,,Vaccinated,,,,,2009,1.0,1.0,2009,11.0,16.0,102.0,,10070.0,,10070.0,,,,,,,"73,3071767219387",,,,
2009-0542-COD,2009,542,,Natural,Biological,Epidemic,Bacterial disease,,Cholera,Congo (the Democratic Republic of the),COD,Middle Africa,Africa,North Kivu,,,,,No,No,,,Vaccinated,,,,,2009,1.0,1.0,2009,11.0,16.0,61.0,,5639.0,,5639.0,,,,,,,"73,3071767219387",,,,
2009-0538-COD,2009,538,,Natural,Biological,Epidemic,Viral disease,,Meningitis,Congo (the Democratic Republic of the),COD,Middle Africa,Africa,Kisangani,,,,,No,No,,,Vaccinated,,,,,2009,12.0,,2009,12.0,6.0,18.0,214.0,100.0,,314.0,,,,,,,"73,3071767219387",,,,
2009-0546-COD,2009,546,,Natural,Biological,Epidemic,,,Unknown,Congo (the Democratic Republic of the),COD,Middle Africa,Africa,Manono district (Katanga province),,,,,No,No,,,Vaccinated,,,,,2009,10.0,,2009,11.0,,29.0,,100.0,,100.0,,,,,,,"73,3071767219387",,,,
2009-0655-ZMB,2009,655,,Natural,Biological,Epidemic,Bacterial disease,,Cholera,Zambia,ZMB,Eastern Africa,Africa,"Lusaka, Southern, Copperbelt, Northern, Luapula",,,,,No,No,,,Vaccinated,,,,,2009,10.0,19.0,2010,4.0,8.0,87.0,,5198.0,,5198.0,,,,,,,"73,3071767219387",,,,
2009-0502-ZWE,2009,502,,Natural,Biological,Epidemic,Bacterial disease,,Cholera,Zimbabwe,ZWE,Eastern Africa,Africa,"Rushinga, Bindura districts (Mashonaland Central province); Kadoma, Chegutu, Makonde districts (Mashonaland West province); Chipinge district (Manicaland province); Gokwe North, Gokwe South districts (Midlands province); Harare district (Harare province)",,,,,No,No,,,Vaccinated,,,,,2009,8.0,,2009,11.0,22.0,5.0,,146.0,,146.0,,,,,,,"73,3071767219387",,,,
2009-0645-ZWE,2009,645,,Natural,Biological,Epidemic,Viral disease,,Meales,Zimbabwe,ZWE,Eastern Africa,Africa,"Bubi, Bulawayo (Matebaland North); Umzingwane, Insiza (Matebaland South); Kwekwe (Midlands); Makonde, Zvimba, Chegutu (Mashonaland West); Centenary, Mt Darwin, Bindura (Mashonaland Central); Harare (Harare); SEke, Goromonzi, Marondera, Hwedza (Mashonaland West); Nyanga, Makoni, Mutare, Buhera, Chipinge (Manicaland); Gutu, Masvingo, Zaka, Bikita, Chiredzi (Masvingo)",,,,,No,No,,,Vaccinated,,,,,2009,10.0,,2010,2.0,,50.0,,1200.0,,1200.0,,,,,,,"73,3071767219387",,,,
2010-0678-ZAF,2010,678,,Natural,Meteorological,Storm,Convective storm,Lightning/Thunderstorms,,South Africa,ZAF,Southern Africa,Africa,"Free State, Mpumalanga, North West, Northern Cape, Limpopo, Gauteng, KwaZulu-Natal, Eastern Cape provinces",,Flood,,,,,,,Kph,,,,,2010,12.0,15.0,2011,1.0,12.0,40.0,,6000.0,,6000.0,,,,,,,"74,5094440781961",1,2707;2708;77310;77311;77312;77313;77314;77315,,"Eastern Cape, Free State, Gauteng, KwaZulu-Natal, Limpopo, Mpumalanga, North West, Northern Cape (Adm1). "
2010-9181-ZWE,2010,9181,,Natural,Climatological,Drought,Drought,,,Zimbabwe,ZWE,Eastern Africa,Africa,"Manicaland, Mashonaland Central, Mashonaland East, Mashonaland West, Masvingo, Matabeleland North, Matabeleland South, Midlands provinces",,Food shortage,,,,,,,Km2,,,,,2010,5.0,,2013,,,,,1667618.0,,1667618.0,,,,,,,"74,5094440781961",1,3437;3438;3440;3441;3443;3444;69549;69550,,"Manicaland, Mashonaland Central, Mashonaland East, Mashonaland West, Masvingo, Matabeleland North, Matabeleland South, Midlands (Adm1). "
2010-0133-COD,2010,133,,Natural,Hydrological,Flood,Riverine flood,,,Congo (the Democratic Republic of the),COD,Middle Africa,Africa,"Bukama area (Haut-Lomami district, Katanga province)",,,,,,,,,Km2,,,,,2010,3.0,17.0,2010,3.0,17.0,,,67500.0,,67500.0,,,,,,,"74,5094440781961",2,,14981,Haut-Lomami (Adm2). 
2010-0357-COD,2010,357,,Natural,Hydrological,Flood,Riverine flood,,,Congo (the Democratic Republic of the),COD,Middle Africa,Africa,"Basankusu area (Equateur district, Equateur province)",Heavy rains,,,,,,,,Km2,,,,,2010,7.0,26.0,2010,7.0,26.0,,,1200.0,1800.0,3000.0,,,,,,,"74,5094440781961",2,,14968,Equateur (Adm2). 
2010-0199-COD,2010,199,,Natural,Hydrological,Landslide,Landslide,,,Congo (the Democratic Republic of the),COD,Middle Africa,Africa,Nord-Kivu province,Heavy rains,,,,,,,,,,,,,2010,5.0,16.0,2010,5.0,16.0,46.0,7.0,,1160.0,1167.0,,,,,,,"74,5094440781961",1,1074,,Nord-Kivu (Adm1). 
2010-0414-COD,2010,414,,Natural,Climatological,Wildfire,"Land fire (Brush, Bush, Pasture)",,,Congo (the Democratic Republic of the),COD,Middle Africa,Africa,"Kongolo city (Tanganyka district, Katanga province)",,,,,,,,,Km2,,,,,2010,8.0,6.0,2010,8.0,20.0,8.0,,,2770.0,2770.0,,,,,,,"74,5094440781961",2,,14986,Tanganyka (Adm2). 
2010-0138-COD,2010,138,,Natural,Biological,Epidemic,Bacterial disease,,Cholera,Congo (the Democratic Republic of the),COD,Middle Africa,Africa,"South Kivu, North Kivu, Katanga",,,,,No,No,,,Vaccinated,,,,,2010,1.0,,2010,3.0,22.0,31.0,,3984.0,,3984.0,,,,,,,"74,5094440781961",,,,
2010-0139-COD,2010,139,,Natural,Biological,Epidemic,Viral disease,,Meningitis,Congo (the Democratic Republic of the),COD,Middle Africa,Africa,Katanga,,,,,No,No,,,Vaccinated,,,,,2010,1.0,,2010,3.0,22.0,25.0,,358.0,,358.0,,,,,,,"74,5094440781961",,,,
2010-0116-ZMB,2010,116,FL-2010-000038,Natural,Hydrological,Flood,Riverine flood,,,Zambia,ZMB,Eastern Africa,Africa,"Sinazongwe, Livingstone, Gwembe districts (Southern province), Mpulungu, Mbala districts (Northern province), North-Western, Lusaka provinces",Heavy rains,,,,,,,85510.0,Km2,,,,"Zambezi, Kasaya, Luangwa rivers",2010,3.0,1.0,2010,3.0,17.0,,,1200.0,,1200.0,,,,,,,"74,5094440781961",1;2,3430;3431,65215;65218;65229;65233;65238,"Lusaka, North-Western (Adm1). Gwembe, Livingstone, Mbala, Mpulungu, Sinazongwe (Adm2). "
2010-0070-ZMB,2010,70,,Natural,Hydrological,Landslide,Landslide,,,Zambia,ZMB,Eastern Africa,Africa,Mpulungu district (Northern province),Heavy rains,,,,,,,,,,,,,2010,2.0,22.0,2010,2.0,22.0,9.0,,,150.0,150.0,,,,,,,"74,5094440781961",2,,65218,Mpulungu (Adm2). 
2010-0119-ZWE,2010,119,,Natural,Hydrological,Flood,Riverine flood,,,Zimbabwe,ZWE,Eastern Africa,Africa,"Kanyemba area (Mbire district, Mashonaland Central province)",,,,,,,,,Km2,,,,,2010,3.0,4.0,2010,3.0,4.0,,,820.0,,820.0,,,,,,,"74,5094440781961",2,,68811,Mbire (Adm2). 
2010-0143-ZWE,2010,143,,Natural,Biological,Epidemic,Bacterial disease,,Cholera,Zimbabwe,ZWE,Eastern Africa,Africa,,,,,,No,No,,,Vaccinated,,,,,2010,2.0,4.0,2010,3.0,14.0,3.0,,120.0,,120.0,,,,,,,"74,5094440781961",,,,
2010-0144-ZWE,2010,144,,Natural,Biological,Epidemic,Viral disease,,Typhoid fever,Zimbabwe,ZWE,Eastern Africa,Africa,Mabvuku,,,,,No,No,,,Vaccinated,,,,,2010,1.0,1.0,2010,3.0,14.0,5.0,,138.0,,138.0,,,,,,,"74,5094440781961",,,,
2010-0579-SSD,2010,579,FL-2010-000139,Natural,Hydrological,Flood,Riverine flood,,,South Sudan,SSD,Northern Africa,Africa,"Jonglei, El Buheyrat, Warab, Northern Bahr El Ghazal, Unity, Central Equatorial, Upper Nile provinces",,,,,,,,,Km2,,,,,2010,7.0,1.0,2010,10.0,7.0,,,,,,,,,,,,"74,5094440781961",1,2746;2747;2748;2751;2754;2765;37021,,"Central Equatoria, El Buheyrat, Jonglei, Northern Bahr El Ghazal, Unity, Upper Nile, Warab (Adm1). "
2010-0703-SSD,2010,703,,Natural,Hydrological,Flood,Riverine flood,,,South Sudan,SSD,Northern Africa,Africa,"Jonglei, Upper Nile, Unity, Northern Bahr El Ghazal provinces",Rainfall,,,Yes,,,,,Km2,,,,,2010,8.0,,2010,8.0,,,,290000.0,,290000.0,,,,,,,"74,5094440781961",1,2747;2751;2754;37021,,"Jonglei, Northern Bahr El Ghazal, Unity, Upper Nile (Adm1). "
2011-9524-BFA,2011,9524,,Natural,Climatological,Drought,Drought,,,Burkina Faso,BFA,Western Africa,Africa,"Sahel, Centre-nord, Est, Centre-ouest and Centre-est provinces",,Food shortage,,,Yes,,,,Km2,,,,,2011,12.0,,2012,,,,,2850000.0,,2850000.0,,,,,,,"76,8615953778198",1,40279;40280;40281;40283;40287,,"Centre-est, Centre-nord, Centre-ouest, Est, Sahel (Adm1). "
2011-9663-ETH,2011,9663,OT-2012-000049,Natural,Climatological,Drought,Drought,,,Ethiopia,ETH,Eastern Africa,Africa,"Dire Dawa, Gambela, Hareri, Oromia, SNNPR, Somali, Addis Ababa provinces (Southern Ethiopia)","Consecutive seasons of poor rainfall, rapid population growth, sustained high food prices, endemic poverty",Food shortage,,,,,,,Km2,,,,,2012,,,2012,,,,,1000000.0,,1000000.0,,,,,,,"76,8615953778198",1,1227;1231;1232;1233;1236;47678;47679,,"Addis Ababa, Dire Dawa, Gambela, Hareri, Oromia, SNNPR, Somali (Adm1). "
2011-0100-ZAF,2011,100,FL-2011-000007,Natural,Hydrological,Flood,Riverine flood,,,South Africa,ZAF,Southern Africa,Africa,"Buffalo City, Amathole, Joe Gqabi, O.R. Tambo, Alfred Nzo, Chris Hani districts (Eastern Cape province), Fezile Dabi, Thabo Mofutsanyane, Xhariep districts (Free State province), City of Johannesburg, Ekurhuleni, Sedibeng, West Rand districts (Gauteng province), Amajuba, eThekwini, iLembe, Sisonke, Ugu, Uthukela districts (KwaZulu-Natal province), Mopani, Sekhukhune, Vhembe, Waterberg districts (Limpopo province), Ehlanzeni, Nkangala districts (Mpumalanga province), Frances Baard, Namakwa, Pixley ka Seme, Siyanda districts (Northern Cape province), North West province",,,,Yes,,Yes,3093.0,124636.0,Km2,-31.055,28.41,,,2011,1.0,1.0,2011,2.0,4.0,40.0,321.0,200000.0,,200321.0,,,,,211000.0,274519.0,"76,8615953778198",1;2,77314,77316;77320;77321;77322;77323;77324;77326;77328;77329;77331;77333;77337;77340;77341;77342;77343;77345;77351;77352;77353;77355;77356;77358;77359;77360;77361;77362;77363;77364,"North West (Adm1). Alfred Nzo District Municipality, Amajuba District Municipality, Amathole District Municipality, Buffalo City Metropolitan Municipality, Chris Hani District Municipality, City of Johannesburg Metropolitan Municipality, Ehlanzeni District Municipality, Ekurhuleni Metropolitan Municipality, eThekwini Metropolitan Municipality, Fezile Dabi District Municipality, Frances Baard District Municipality, iLembe District Municipality, Joe Gqabi District Municipality, Mopani District Municipality, Namakwa District Municipality, Nkangala District Municipality, O.R.Tambo District Municipality, Pixley ka Seme District Municipality, Sedibeng District Municipality, Sekhukhune District Municipality, Sisonke District Municipality, Siyanda District Municipality, Thabo Mofutsanyane District Municipality, Ugu District Municipality, Uthukela District Municipality, Vhembe District Municipality, Waterberg District Municipality, West Rand District Municipality, Xhariep District Municipality (Adm2). "
2011-0290-COD,2011,290,EP-2011-000076,Natural,Biological,Epidemic,Bacterial disease,,Cholera,Congo (the Democratic Republic of the),COD,Middle Africa,Africa,"Bandundu, Equateur, Kinshasa, P. Orientale, Maniema, Ituri, North Kivu, South Kivu; Katanga",,,,,No,No,,,Vaccinated,,,,,2011,1.0,3.0,2012,1.0,22.0,603.0,,22233.0,,22233.0,,,,,,,"76,8615953778198",,,,
2011-0089-COD,2011,89,,Natural,Biological,Epidemic,Viral disease,,Measles,Congo (the Democratic Republic of the),COD,Middle Africa,Africa,Katanga province,,,,,No,No,,,Vaccinated,,,,,2011,1.0,,2011,3.0,,33.0,,6524.0,,6524.0,,,,,,,"76,8615953778198",,,,
2011-0092-ZMB,2011,92,,Natural,Hydrological,Flood,Riverine flood,,,Zambia,ZMB,Eastern Africa,Africa,"Chavuma, Zambezi districts (North-Western province), Lukulu, Kalabo, Kaoma, Mongu, Senanga, Sesheke, Shang'ombo districts (Western province), Itezhi Thezi, Kazungula, Namwala, Mazabuka, Sinazongwe districts (Southern province), Chibombo district (Central province), Kafue, Lusaka districts (Lusaka province)",,,,,,,,,Km2,,,,Zambezi river,2011,3.0,,2011,3.0,,,,1375.0,,1375.0,,,,,,,"76,8615953778198",2,,65174;65206;65208;65221;65227;65230;65232;65234;65236;65238;65239;65240;65241;65242;65243;65244;65245,"Chavuma, Chibombo, Itezhi-tezhi, Kafue, Kalabo, Kaoma, Kazungula, Lukulu, Lusaka, Mazabuka, Mongu, Namwala, Senanga, Sesheke, Shang'ombo, Sinazongwe, Zambezi (Adm2). "
2011-0092-ZWE,2011,92,,Natural,Hydrological,Flood,Riverine flood,,,Zimbabwe,ZWE,Eastern Africa,Africa,"Centenary, Guruve, Mbire districts (Mashonaland Central province), Mutoko, Uzumba-Maramba-Pfungwe districts (Mashonaland East province), Hurungwe, Kadoma districts (Mashonaland West province)",,,,,,,,,Km2,,,,,2011,3.0,,2011,3.0,,,,,,,,,,,,,"76,8615953778198",2,,33061;33072;33074;33076;33077;68808;68811,"Centenary, Guruve, Hurungwe, Kadoma, Mbire, Mutoko, Uzumba-Maramba-Pfungwe (Adm2). "
2011-0289-ZWE,2011,289,EP-2011-000083,Natural,Biological,Epidemic,Bacterial disease,,Cholera,Zimbabwe,ZWE,Eastern Africa,Africa,"Bikita, Buhera, Chimanimani, Chegetu, Chipinge, Chiredzi, Kadoma, Murewa, Mutare, Mutasa",,,,,No,No,,,Vaccinated,,,,,2011,1.0,1.0,2011,7.0,17.0,45.0,,1140.0,,1140.0,,,,,,,"76,8615953778198",,,,
2011-0523-AGO,2011,523,,Natural,Hydrological,Flood,Riverine flood,,,Angola,AGO,Middle Africa,Africa,Uige province,Heavy rains,,,,,,,45582.0,Km2,-6.284,15.46,,,2011,12.0,15.0,2012,1.0,9.0,,,5500.0,,5500.0,,,,,,,"76,8615953778198",1,414,,Uige (Adm1). 
2011-0526-AGO,2011,526,,Natural,Hydrological,Flood,Riverine flood,,,Angola,AGO,Middle Africa,Africa,Cuangar district (Cuando Cubango province),,,,,,,,,Km2,,,,,2011,12.0,,2011,12.0,,,,20000.0,100.0,20100.0,,,,,,,"76,8615953778198",2,,4237,Cuangar (Adm2). 
2011-0357-BDI,2011,357,,Natural,Biological,Epidemic,Bacterial disease,,Cholera,Burundi,BDI,Eastern Africa,Africa,"Nyanza Lac (Makamba province); Rumonge (Bururi province); Citiboke, Bujumbura town, Bujumbura Rural provinces; Bubanza, Makamba",,,,,No,No,,,Vaccinated,,,,,2011,8.0,5.0,2011,9.0,14.0,12.0,,600.0,,600.0,,,,,,,"76,8615953778198",,,,
2011-0487-CAF,2011,487,FL-2011-000164,Natural,Hydrological,Flood,Flash flood,,,Central African Republic,CAF,Middle Africa,Africa,"Male area (Paoua district, Ouham Pendé province), Bangui district (Bangui province)",Torrential rains,,,,,,,,Km2,,,,,2011,10.0,11.0,2011,10.0,11.0,,,2935.0,,2935.0,,,,,,,"76,8615953778198",2,,12891;67155,"Bangui, Paoua (Adm2). "
2011-0408-DZA,2011,408,,Natural,Hydrological,Flood,Riverine flood,,,Algeria,DZA,Northern Africa,Africa,El Bayadh province,Heavy rains,,,,,,,288785.0,Km2,29.565,1.7,,,2011,10.0,1.0,2011,10.0,2.0,10.0,43.0,750.0,,793.0,,,,,779000.0,1013510.0,"76,8615953778198",1,357,,El Bayadh (Adm1). 
2011-0631-ETH,2011,631,,Natural,Hydrological,Flood,Riverine flood,,,Ethiopia,ETH,Eastern Africa,Africa,"Mustahil, Kelafo villages (Shabelle district, Somali province)",,,,,,,,,Km2,,,,,2011,11.0,7.0,2011,11.0,15.0,,,40200.0,,40200.0,,,,,,,"76,8615953778198",2,,40844,Shabelle (Adm2). 
2011-0413-GHA,2011,413,,Natural,Hydrological,Flood,Riverine flood,,,Ghana,GHA,Western Africa,Africa,"Greater Accra, Eastern, Volta provinces",Heavy rains,,,Yes,,,,9829.0,Km2,5.5847,-0.95,,,2011,10.0,26.0,2011,10.0,29.0,14.0,12.0,81461.0,,81473.0,,,,,,,"76,8615953778198",1,1327;1328;1332,,"Eastern, Greater Accra, Volta (Adm1). "
2011-0463-GIN,2011,463,FL-2011-000131,Natural,Hydrological,Flood,Riverine flood,,,Guinea,GIN,Western Africa,Africa,"Labe town (Labe district, Labe province), Siguiri, Niandankoro, Kiniébakoura towns (Siguiri district, Kankan province), Mandiana district (Kankan province), Gaoual district (Boke province), Matam, Matoto districts (Conakry province)",,,,,,,394.0,,Km2,,,,,2011,9.0,,2011,9.0,,,,16143.0,4000.0,20143.0,,,,,,,"76,8615953778198",2,,40710;40714;40715;40724;40725;40733,"Gaoual, Labe, Mandiana, Matam, Matoto, Siguiri (Adm2). "
2012-0034-DZA,2012,34,,Natural,Hydrological,Flood,Riverine flood,,,Algeria,DZA,Northern Africa,Africa,"Skikda, Boumerdes, Tizi Ouzou provinces","Snow, heavy rains and hail",Transport accident,"Slide (land, mud, snow, rock)",,,,,,Km2,,,,,2012,2.0,3.0,2012,2.0,14.0,49.0,45.0,,,45.0,,,,,,,"78,4521138829003",1,353;379;387,,"Boumerdes, Skikda, Tizi Ouzou (Adm1). "
2012-9245-GMB,2012,9245,OT-2012-000046,Natural,Climatological,Drought,Drought,,,Gambia (the),GMB,Western Africa,Africa,"NO DATA: all country selected - North Bank, Lower River (mainly?), Upper River, West Coast, Kanifing Municipal Council, Central River provinces","Late, erratic and unevenly distributed rainbfall during 2011/2012",Crop failure,Food shortage,Yes,,Yes,,,Km2,,,,,2012,3.0,,2012,,,,,428000.0,,428000.0,,,,,,,"78,4521138829003",1,1285;1287;1288;1289;1290;112869,,"Central River, Kanifing Municipal Council, Lower River, North Bank, Upper River, West Coast (Adm1). "
2012-0441-DZA,2012,441,,Natural,Hydrological,Flood,Riverine flood,,,Algeria,DZA,Northern Africa,Africa,"Tebessa, Tlemcen, M'Sila, Blida provinces",,Rain,Lightening,,,,,,Km2,,,,,2012,8.0,31.0,2012,9.0,2.0,20.0,56.0,,,56.0,,,,,,,"78,4521138829003",1,350;370;382;388,,"Blida, M'Sila, Tebessa, Tlemcen (Adm1). "
2012-0479-COG,2012,479,FF-2012-000196,Natural,Hydrological,Flood,Riverine flood,,,Congo (the),COG,Middle Africa,Africa,Pointe-Noire district (Pointe-Noire province),,"Slide (land, mud, snow, rock)",,,,,,,Km2,,,,,2012,11.0,17.0,2012,11.0,18.0,5.0,,2025.0,,2025.0,,,,,,,"78,4521138829003",2,,190475,Pointe-Noire (Adm2). 
2012-0113-COM,2012,113,,Natural,Hydrological,Flood,Riverine flood,,,Comoros (the),COM,Eastern Africa,Africa,"Bambao, Hambou, Mbadjini East areas (Ngazidja province), Domoni, Sima areas (Anjouan province), Nioumachioi, Hoani areas (Moheli province)",Heavy rains,"Slide (land, mud, snow, rock)",,Yes,,Yes,6120.0,,Km2,,,,,2012,4.0,20.0,2012,4.0,28.0,4.0,150.0,64987.0,,65137.0,,,,,5000.0,6373.0,"78,4521138829003",1,967;968;969,,"Anjouan, Moheli, Ngazidja (Adm1). "
2012-0436-CMR,2012,436,,Natural,Hydrological,Flood,Riverine flood,,,Cameroon,CMR,Middle Africa,Africa,Adamaoua province,,Broken Dam/Burst bank,,,,,,,Km2,,,,,2012,8.0,27.0,2012,8.0,27.0,10.0,,20000.0,,20000.0,,,,,,,"78,4521138829003",1,815,,Adamaoua (Adm1). 
2012-0058-CAF,2012,58,ST-2012-000033,Natural,Meteorological,Storm,Convective storm,,,Central African Republic,CAF,Middle Africa,Africa,"Bogoula area (Boali district, Ombella M'Poko province), Amada-Gaza district (Mambéré-Kadéï province), Mbaïki district (Lobaye province)",,Rain,,,,,,,Kph,,,,,2012,2.0,15.0,2012,2.0,19.0,,23.0,,1920.0,1943.0,,,,,,,"78,4521138829003",2,,12856;12858;12877,"Amada-Gaza, Boali, Mbaïki (Adm2). "
2012-9065-AGO,2012,9065,DR-2012-000092,Natural,Climatological,Drought,Drought,,,Angola,AGO,Middle Africa,Africa,"Bengo, Cuanza Sul, Benguela, Huila, Namibe, Cunene, Moxico, Bie, Huambo, Zaire, Kuando Kubango provinces",Lack of rain,Food shortage,,Yes,,,,,Km2,,,,,2012,3.0,,2013,5.0,,,,1833900.0,,1833900.0,,,,,,,"78,4521138829003",1,398;399;400;403;404;405;406;412;413;415,,"Bengo, Benguela, Bie, Cuanza Sul, Cunene, Huambo, Huila, Moxico, Namibe, Zaire (Adm1). "
2012-0320-BEN,2012,320,FL-2012-000174,Natural,Hydrological,Flood,Riverine flood,,,Benin,BEN,Western Africa,Africa,"Birni Lafia, Bogobogo, Karimama, Kompa, Monsey, Tomboutou villages (Karimama district, Alibori province), Garou, Madekali, Malanville villages (Malanville district, Alibori province)",,,,Yes,,,,,Km2,,,,Niger river,2012,9.0,1.0,2012,10.0,31.0,4.0,,55000.0,,55000.0,,,,,,,"78,4521138829003",2,,5864;5865,"Karimama, Malanville (Adm2). "
2012-0337-BFA,2012,337,,Natural,Hydrological,Flood,Riverine flood,,,Burkina Faso,BFA,Western Africa,Africa,"Boucle Du Mouhoun, Cascades, Centre, Centre-est, Centre-nord, Centre-ouest, Centre-sud, Est, Hauts-bassins, Nord, Plateau Central, Sahel, Sud-ouest provinces",Torrential rains,,,,,,,,Km2,,,,,2012,6.0,15.0,2012,9.0,5.0,18.0,,,21000.0,21000.0,,,,,,,"78,4521138829003",1,40276;40277;40278;40279;40280;40281;40282;40283;40284;40285;40286;40287;40288,,"Boucle Du Mouhoun, Cascades, Centre, Centre-est, Centre-nord, Centre-ouest, Centre-sud, Est, Hauts-bassins, Nord, Plateau Central, Sahel, Sud-ouest (Adm1). "
2012-0161-CAF,2012,161,ST-2012-000091,Natural,Meteorological,Storm,Convective storm,Severe storm,,Central African Republic,CAF,Middle Africa,Africa,"Boda Centre, Kanguete, Mboumandourou, Boulay areas (Boda district, Lobaye province), Amada-Gaza district (Mambéré-Kadéï province)",,,,,,,,,Kph,,,,,2012,5.0,,2012,5.0,,,,,1950.0,1950.0,,,,,,,"78,4521138829003",2,,12853;12858,"Amada-Gaza, Boda (Adm2). "
2012-0362-CMR,2012,362,FL-2012-000157,Natural,Hydrological,Flood,Riverine flood,,,Cameroon,CMR,Middle Africa,Africa,"Bénoue, Faro, Mayo-Louti, Mayo - Rey districts (Nord province), Diamaré, Logone - Et - Chari, Mayo-Danay, Mayo-Kani districts (Extrême - Nord province), Ngo-Ketunjia district (Nord - Ouest province), Haut - Nyong district (Est province) ",Heavy rain,,,,Yes,,,,Km2,,,,"Logone, Mayo Kébbi, Bénoué",2012,8.0,25.0,2012,8.0,31.0,15.0,,,31980.0,31980.0,,,,,2000.0,2549.0,"78,4521138829003",2,,12478;12481;12482;12483;12484;12497;12498;12499;12500;12501,"B??noue, Diamar??, Faro, Haut - Nyong, Logone - Et - Chari, Mayo - Rey, Mayo-Danay, Mayo-Kani, Mayo-Louti, Ngo-Ketunjia (Adm2). "
2012-9628-CMR,2012,9628,,Natural,Climatological,Drought,Drought,,,Cameroon,CMR,Middle Africa,Africa,"Nord, Extrème-Nord provinces (Northern regions)",,,,Yes,,,,,Km2,,,,,2012,6.0,,2012,12.0,,,,12000.0,,12000.0,,,,,,,"78,4521138829003",1,818;820,,"Extrème - Nord, Nord (Adm1). "
2012-0497-COG,2012,497,FF-2012-000203,Natural,Hydrological,Flood,Riverine flood,,,Congo (the),COG,Middle Africa,Africa,Brazzaville district (Brazzaville province),,,,,,,,,Km2,,,,Mfilou river,2012,12.0,8.0,2012,12.0,9.0,14.0,89.0,,7500.0,7589.0,,,,,,,"78,4521138829003",2,,190486,Brazzaville (Adm2). 
2012-0047-COG,2012,47,EP-2012-000023,Natural,Biological,Epidemic,Bacterial disease,,,Congo (the),COG,Middle Africa,Africa,"Betou, Liranga, Dzondo, Bouanela, Etima, Congo Malembe, Boboukou, Mombenzele, Impfondo",,,,,No,No,,,Vaccinated,,,,,2012,1.0,12.0,2012,2.0,,5.0,,57.0,,57.0,,,,,,,"78,4521138829003",,,,
2012-0219-GAB,2012,219,FF-2012-000101,Natural,Hydrological,Flood,Riverine flood,,,Gabon,GAB,Middle Africa,Africa,"Sotega, Cocotier, Avea, Boulevard boroughs (2nd district area, Libreville district, Estuaire province), Akébé frontière, Apostrophe, Belle-vue, Baie des Cochons boroughs (3rd district area, Libreville district, Estuaire province), Awendje CES B2, Plein Ciel/ODEKA, PK5 boroughs (4th District area, Libreville district, Estuaire province), Nzeng-Ayong borough (6th district area, Libreville district, Estuaire province)",Heavy rains,,,,,,,,Km2,,,,,2012,6.0,,2012,6.0,,1.0,,77845.0,,77845.0,,,,,,,"78,4521138829003",2,,16359,Libreville (Adm2). 
2012-0358-GHA,2012,358,,Natural,Biological,Epidemic,Bacterial disease,,Cholera,Ghana,GHA,Western Africa,Africa,,,,,,No,No,,,Vaccinated,,,,,2012,1.0,1.0,2012,9.0,1.0,38.0,,4975.0,,4975.0,,,,,,,"78,4521138829003",,,,
2012-0415-GHA,2012,415,EP-2012-000034,Natural,Biological,Epidemic,Viral disease,,Menigitis,Ghana,GHA,Western Africa,Africa,"Builsa, KND, KNW, Bawku M., Bolga M, Bongo, Garu, Talensi N",,,,,No,No,,,Vaccinated,,,,,2012,1.0,1.0,2012,7.0,16.0,38.0,,466.0,,466.0,,,,,,,"78,4521138829003",,,,
2012-0287-GIN,2012,287,EP-2012-000158,Natural,Biological,Epidemic,Bacterial disease,,Cholera,Guinea,GIN,Western Africa,Africa,"Conakry, Forecariah, Boffa, Boké, Mamou, Dubreka, Coyah, Kindia, Fria, Kankan, Kerouané",,,,,No,No,,,Vaccinated,,,,,2012,2.0,2.0,2012,9.0,1.0,105.0,,5523.0,,5523.0,,,,,,,"78,4521138829003",,,,
2013-0122-GHA,2013,122,FL-2013-000041,Natural,Hydrological,Flood,Riverine flood,,,Ghana,GHA,Western Africa,Africa," Gushiegu, Mamprusi East, Mion, Nanumba North, Nanumba South, Saboba, Sagnerigu, Savelugu Nanton, Tamale North Sub Metro, Tatale, Tolon, Yendi Municipal, Zabzugu districts (Northern province), Afadzato South district (Volta province)",Rainstorms,"Slide (land, mud, snow, rock)",,,,,,,Km2,,,,,2013,3.0,3.0,2013,4.0,30.0,5.0,,25000.0,,25000.0,,,,,,,"79,6013094233451",2,,16632;190554;190624;190625;190626;190627;190698;190699;190700;190704;190705;190725;190726;190727,"Afadzato South, Gushiegu, Mamprusi East, Mion, Nanumba North, Nanumba South, Saboba, Sagnerigu, Savelugu Nanton, Tamale North Sub Metro, Tatale, Tolon, Yendi Municipal, Zabzugu (Adm2). "
2013-0488-CMR,2013,488,,Natural,Hydrological,Flood,Flash flood,,,Cameroon,CMR,Middle Africa,Africa,"Dougui village (Kai Kai area, Mayo-Danay district, Extrême - Nord province)",,Broken Dam/Burst bank,,,,,,,Km2,,,,,2013,9.0,17.0,2013,9.0,18.0,,,805.0,,805.0,,,,,,,"79,6013094233451",2,,12483,Mayo-Danay (Adm2). 
2013-0078-CAF,2013,78,ST-2013-000027,Natural,Meteorological,Storm,Convective storm,Severe storm,,Central African Republic,CAF,Middle Africa,Africa,"Bimbo district (Ombella M'Poko province), Bouar district (Nana-Mambéré province), Bangui district (Bangui province)",,Flood,,,,,,,Kph,,,,,2013,3.0,4.0,2013,3.0,4.0,,34.0,8710.0,,8744.0,,,,,,,"79,6013094233451",2,,12875;12876;67155,"Bangui, Bimbo, Bouar (Adm2). "
2013-0124-AGO,2013,124,,Natural,Hydrological,Flood,Riverine flood,,,Angola,AGO,Middle Africa,Africa,Luanda district (Luand province),,,,,,,,,Km2,,,,,2013,4.0,6.0,2013,4.0,7.0,9.0,,1000.0,,1000.0,,,,,,,"79,6013094233451",2,,4299,Luanda (Adm2). 
2013-0375-BEN,2013,375,FF-2013-000118,Natural,Hydrological,Flood,Flash flood,,,Benin,BEN,Western Africa,Africa,"Karimama, Malanville districts (Alibori province)",,,,,,,,,Km2,,,,Niger River,2013,9.0,5.0,2013,9.0,20.0,,,32735.0,,32735.0,,,,,,,"79,6013094233451",2,,5864;5865,"Karimama, Malanville (Adm2). "
2013-0487-BEN,2013,487,EP-2013-000130,Natural,Biological,Epidemic,Bacterial disease,,Cholera,Benin,BEN,Western Africa,Africa,"Acomey-Calavi, Allada, Cotonou, Grand-Popo, Porto-Novo, Seme-Kppjdi, So-Ava, Toviklin",,,,,No,Yes,,,Vaccinated,,,,,2013,8.0,,2013,12.0,31.0,6.0,,486.0,,486.0,,,,,,,"79,6013094233451",,,,
2013-0376-BEN,2013,376,FR-2013-000007,Natural,Climatological,Wildfire,,,,Benin,BEN,Western Africa,Africa,"Alloya village (Chee-Ahomadegbe, Lalo district, Couffo Province)",,,,,,,,,Km2,,,,,2013,1.0,6.0,2013,1.0,6.0,1.0,,,2759.0,2759.0,,,,,,,"79,6013094233451",2,,5902,Lalo (Adm2). 
2013-0330-BFA,2013,330,,Natural,Hydrological,Flood,Riverine flood,,,Burkina Faso,BFA,Western Africa,Africa,Hauts-bassins province,,,,,,,,,Km2,,,,,2013,8.0,15.0,2013,8.0,17.0,2.0,13.0,11383.0,,11396.0,,,,,,,"79,6013094233451",1,40284,,Hauts-bassins (Adm1). 
2013-0031-BWA,2013,31,FL-2013-000013,Natural,Hydrological,Flood,Riverine flood,,,Botswana,BWA,Southern Africa,Africa,"Dukwi, Lephashe, Zoroga, Tsokootshaa, Nata, Tutume, Senete, Ditladi, Masunga, Mrapong, Gweta, Ditladi, Sowa, Natale, Mmandunyane, Borolong villages (Central province)",Heavy rains,,,,,,,,Km2,,,,,2013,1.0,16.0,2013,1.0,23.0,12.0,,4210.0,,4210.0,,,,,,,"79,6013094233451",1,654,,Central (Adm1). 
2013-0489-CAF,2013,489,FL-2013-000112,Natural,Hydrological,Flood,Riverine flood,,,Central African Republic,CAF,Middle Africa,Africa,"Issongo, Bea-Rex Makambo, Sara Banga-2-Gbaya Dombia, Bibalé, Souma Poto Poto, Fondo Yakite, Sara-Dah areas (Bangui district, Bangui province)",Heavy rains,,,,,,,,Km2,,,,,2013,9.0,3.0,2013,9.0,4.0,,,32993.0,,32993.0,,,,,,,"79,6013094233451",2,,67155,Bangui (Adm2). 
2013-0141-CAF,2013,141,EP-2013-000059,Natural,Biological,Epidemic,Viral disease,,Meales,Central African Republic,CAF,Middle Africa,Africa,"Ngaoundaye, Abba and Carnot, Begoua, Mbalki",,,,,No,No,,,Vaccinated,,,,,2013,1.0,,2013,4.0,,,63.0,,,63.0,,,,,,,"79,6013094233451",,,,
2013-0508-COG,2013,508,EP-2013-000040,Natural,Biological,Epidemic,Bacterial disease,,Cholera,Congo (the),COG,Middle Africa,Africa,,,,,,No,No,,,Vaccinated,,,,,2013,4.0,,2013,6.0,,16.0,,1071.0,,1071.0,,,,,,,"79,6013094233451",,,,
2013-0125-ETH,2013,125,,Natural,Hydrological,Flood,Riverine flood,,,Ethiopia,ETH,Eastern Africa,Africa,"Korahe, Jarar, Shabelle districts (Somali province), Wolayita, Sidama districts (SNNPR province)",,,,,,,,,Km2,,,,,2013,4.0,10.0,2013,4.0,30.0,,,51500.0,,51500.0,,,,,2200.0,2764.0,"79,6013094233451",2,,40838;40842;40844;47706;47708,"Jarar, Korahe, Shabelle, Sidama, Wolayita (Adm2). "
2013-0329-ETH,2013,329,,Natural,Biological,Epidemic,Viral disease,,Yellow Fever,Ethiopia,ETH,Eastern Africa,Africa,South Omo,,,,,No,No,,,Vaccinated,,,,,2013,7.0,,2013,7.0,22.0,55.0,,141.0,,141.0,,,,,,,"79,6013094233451",,,,
2013-0371-ETH,2013,371,,Natural,Biological,Epidemic,Viral disease,,Yellow fever,Ethiopia,ETH,Eastern Africa,Africa,"South Omo, Arbaminch zones",,,,,No,No,,,Vaccinated,,,,,2013,7.0,,2013,7.0,22.0,55.0,,141.0,,141.0,,,,,,,"79,6013094233451",,,,
2013-0399-ETH,2013,399,EP-2013-000137,Natural,Biological,Epidemic,Viral disease,,Poliovirus (WPV1),Ethiopia,ETH,Eastern Africa,Africa,"Wrader, Kprahe, Gode, Adfer, Liben",,,,,No,No,,,Vaccinated,,,,,2013,10.0,14.0,2013,12.0,,,,6.0,,6.0,,,,,,,"79,6013094233451",,,,
2013-0010-GHA,2013,10,EP-2013-000009,Natural,Biological,Epidemic,Bacterial disease,,Cholera,Ghana,GHA,Western Africa,Africa,"Obuasi Municipality district, Ejura/Sekyedumase district (Ashanti region)",,,,,No,No,,,Vaccinated,,,,,2013,1.0,8.0,2013,1.0,21.0,18.0,250.0,310.0,,560.0,,,,,,,"79,6013094233451",,,,
2013-0385-GIN,2013,385,,Natural,Hydrological,Flood,Riverine flood,,,Guinea,GIN,Western Africa,Africa,"Dinguiraye district (Faranah province), Siguiri district (Kankan province), Macenta district (Nzerekore province)",,,,,,,,,Km2,,,,,2013,8.0,1.0,2013,8.0,17.0,,,11106.0,,11106.0,,,,,,,"79,6013094233451",2,,40718;40725;40743,"Dinguiraye, Macenta, Siguiri (Adm2). "
2013-0570-GIN,2013,570,,Natural,Biological,Epidemic,Viral disease,,Measles,Guinea,GIN,Western Africa,Africa,Matoto district (Conakry region),,,,,No,No,,,Vaccinated,,,,,2013,12.0,,2013,12.0,,,,143.0,,143.0,,,,,,,"79,6013094233451",,,,
2013-0384-GMB,2013,384,,Natural,Hydrological,Flood,Riverine flood,,,Gambia (the),GMB,Western Africa,Africa,"Central River, Kanifing Municipal Council, Lower River, North Bank, Upper River, West Coast provinces",,,,,,,,,Km2,,,,,2013,8.0,12.0,2013,8.0,13.0,2.0,,3300.0,,3300.0,,,,,,,"79,6013094233451",1,1285;1287;1288;1289;1290;112869,,"Central River, Kanifing Municipal Council, Lower River, North Bank, Upper River, West Coast (Adm1). "
2011-0634-TZA,2011,634,,Natural,Hydrological,Flood,Riverine flood,,,"Tanzania, United Republic of",TZA,Eastern Africa,Africa,"Kilimanjaro, Mbeya provinces",,"Slide (land, mud, snow, rock)",,,,,,,Km2,,,,,2011,12.0,4.0,2011,12.0,4.0,9.0,,,6776.0,6776.0,,,,,,,"76,8615953778198",1,48363;48367,,"Kilimanjaro, Mbeya (Adm1). "
2011-0376-UGA,2011,376,FL-2011-000132,Natural,Hydrological,Flood,Riverine flood,,,Uganda,UGA,Eastern Africa,Africa,"Bulambuli, Sironko, Kween, Mbale, Butaleja, Masaka, Buhweju, Mitooma, Mpigi, Kasese, Rukungiri, Lwengo, Kampala provinces",Heavy rains,"Slide (land, mud, snow, rock)",,Yes,,,87.0,37846.0,Km2,1.664,33.67,,,2011,8.0,20.0,2011,9.0,8.0,27.0,,63075.0,,63075.0,,,,,,,"76,8615953778198",1,752;766;770;778;785;1360;1363;1366;3121;42182;42197;47071;47085,,"Buhweju, Bulambuli, Butaleja, Kampala, Kasese, Kween, Lwengo, Masaka, Mbale, Mitooma, Mpigi, Rukungiri, Sironko (Adm1). "
2011-9663-KEN,2011,9663,OT-2012-000049,Natural,Climatological,Drought,Drought,,,Kenya,KEN,Eastern Africa,Africa,"Wajir, Mandera districts (North Eastern province), Turkana district (Rift Valley province), Tana river district (Coast province), Moyale, Marsabit, Mwingi districts (Eastern province)",,Food shortage,,Yes,,,,,Km2,,,,,2011,,,2012,,,,,3750000.0,,3750000.0,,,,,,,"76,8615953778198",2,,51346;51352;51357;51358;51363;51364;51392,"Mandera, Marsabit, Moyale, Mwingi, Tana River, Turkana, Wajir (Adm2). "
2011-9629-LSO,2011,9629,OT-2012-000155,Natural,Climatological,Drought,Drought,,,Lesotho,LSO,Southern Africa,Africa,"Quthing, Mohale's Hoek, Mafeteng, Maseru, Berea, Leribe, Butha Buthe, Mokhotlong, Thaba-Tseka provinces",Polonged periods of drought follwoed by excessive rains,Food shortage,,,,,,,Km2,,,,,2011,12.0,,2012,10.0,,,,725515.0,,725515.0,,,,,,,"76,8615953778198",1,1803;1804;1805;1806;1807;1808;1809;1811;1812,,"Berea, Butha Buthe, Leribe, Mafeteng, Maseru, Mohale's Hoek, Mokhotlong, Quthing, Thaba Tseka (Adm1). "
2011-9661-MLI,2011,9661,OT-2011-000205,Natural,Climatological,Drought,Drought,,,Mali,MLI,Western Africa,Africa,"Kayes, Koulikoro, Mopti, Segou provinces",Insufficient rainfall,Food shortage,,Yes,,,,,Km2,,,,,2011,,,2012,,,,,3500000.0,,3500000.0,,,,,,,"76,8615953778198",1,1928;1930;1931;1932,,"Kayes, Koulikoro, Mopti, Segou (Adm1). "
2011-9662-MRT,2011,9662,OT-2011-000205,Natural,Climatological,Drought,Drought,,,Mauritania,MRT,Western Africa,Africa,"Hodh El Chargi, Assaba, Brakna, Gorgol, Hodh El Gharbi, Guidimakha provinces",Lack of rains,Food shortage,,Yes,,Yes,,,Km2,,,,,2011,,,2012,,,,,723000.0,,723000.0,,,,,,,"76,8615953778198",1,2005;2006;2008;2009;2010;2011,,"Assaba, Brakna, Gorgol, Guidimakha, Hodh Ech Chargi, Hodh El Gharbi (Adm1). "
2011-9529-NER,2011,9529,,Natural,Climatological,Drought,Drought,,,Niger (the),NER,Western Africa,Africa,"Diffa, N'Guigmi districts (Diffa province); Dogondoutchi, Loga districts (Dosso province); Aguie, Guidan Roumji, Madarounfa, Mayahi districts (Maradi province); Bouza, Illela, Birni N'konni, Madaoua districts (Tahoua province); Filingue, Ouallam, Tera, Tillaberi (Tillaberi); Goure, Matamey, Tanout (Zinder)","Dry spells and pests, bad harvests 2010/2011",Food shortage,,Yes,,,,,Km2,,,,,2011,,,2012,,,,,3000000.0,,3000000.0,,,,,,,"76,8615953778198",2,,22554;22556;22558;22561;22562;22564;22565;22566;22571;22572;22573;22575;22578;22580;22582;22583;22584;22586;22588,"Aguie, Birni N'konni, Bouza, Diffa, Dogondoutchi, Filingue, Goure, Guidan Roumji, Illela, Loga, Madaoua, Madarounfa, Matamey, Mayahi, N'guigmi, Ouallam, Tanout, Tera, Tillaberi (Adm2). "
2011-9663-SDN,2011,9663,OT-2012-000049,Natural,Climatological,Drought,Drought,,,Sudan (the),SDN,Northern Africa,Africa,Abyei district (Southern Kordofan province),,Food shortage,,,,,,,Km2,,,,,2012,,,2012,,,,,3200000.0,,3200000.0,,,,,,,"76,8615953778198",2,,4151,Abyei (Adm2). 
2011-9560-SEN,2011,9560,OT-2011-000193,Natural,Climatological,Drought,Drought,,,Senegal,SEN,Western Africa,Africa,"Kaffrine, Kedougou, Tambacounda, Saint-Louis, Matam, Diourbel, Kolda, Kaolack, Fatick provinces, Louga, Linguere districts (Louga province)",Poor rainy season,Food shortage,,Yes,,,,,Km2,,,,,2011,12.0,,2013,,,,,850000.0,,850000.0,,,,,,,"76,8615953778198",1;2,1373;1374;1375;1377;1378;47585;47586;47588;47589,25336;47594,"Diourbel, Fatick, Kaffrine, Kaolack, Kedougou, Kolda, Matam, Saint louis, Tambacounda (Adm1). Linguere, Louga (Adm2). "
2011-9663-SOM,2011,9663,OT-2012-000049,Natural,Climatological,Drought,Drought,,,Somalia,SOM,Eastern Africa,Africa,"Bakool, Gedo, Juba, Hiraan provinces",,Food shortage,,,,,,,Km2,,,,,2012,,,2012,,,,,3000000.0,,3000000.0,,,,,,,"76,8615953778198",1,2689;2694;2695;2696;2698,,"Bakool, Gedo, Hiraan, Juba Dhexe, Juba Hoose (Adm1). "
2011-9415-TZA,2011,9415,DR-2011-000145,Natural,Climatological,Drought,Drought,,,"Tanzania, United Republic of",TZA,Eastern Africa,Africa,"Ngorongoro district (Arusha province), Simanjiro district (Manyara province), Same, Rombo, Mwanga districts (Kilimanjaro province)",,Food shortage,,,,,,,Km2,,,,,2011,8.0,,2012,,,,,1000000.0,,1000000.0,,,,,,,"76,8615953778198",2,,48417;48418;48429;190510;190511,"Mwanga, Ngorongoro, Rombo, Same, Simanjiro (Adm2). "
2011-0600-SLE,2011,600,,Natural,Hydrological,Flood,Riverine flood,,,Sierra Leone,SLE,Western Africa,Africa,Northern province,,Transport accident,,,,,,,Km2,,,,,2011,8.0,10.0,2011,8.0,11.0,21.0,,,,,,,,,,,"76,8615953778198",1,2655,,Northern (Adm1). 
2011-0423-KEN,2011,423,,Natural,Hydrological,Flood,Riverine flood,,,Kenya,KEN,Eastern Africa,Africa,"Kisumu town (Kisimu district, Nyanza province), Turkana district (Rift Valley province)",Heavy rains,,,,,,,20554.0,Km2,0.1257,35.57,,,2011,8.0,15.0,2011,9.0,8.0,8.0,,4000.0,,4000.0,,,,,,,"76,8615953778198",2,,51369;51392,"Kisumu, Turkana (Adm2). "
2011-0476-KEN,2011,476,,Natural,Hydrological,Flood,Riverine flood,,,Kenya,KEN,Eastern Africa,Africa,"Dadaab village (Garissa district, North Eastern province)",Heavy rains,,,,,,,,Km2,,,,,2011,11.0,4.0,2011,11.0,4.0,,,,5000.0,5000.0,,,,,,,"76,8615953778198",2,,51361,Garissa (Adm2). 
2011-0504-KEN,2011,504,FL-2011-000184,Natural,Hydrological,Flood,Riverine flood,,,Kenya,KEN,Eastern Africa,Africa,"Busia, Kakamega districts (Western province), Siaya, Kisumu, Rachuonyo, Central Kisii districts (Nyanza province), Tana River district (Coast province), Baringo, Keiyo, West Pokot, Samburu, Marakwet districts (Rift Valley province), Moyale, Marsabit, Isiolo districts (Eastern province), Wajir district (North Eastern province), Muranga district (Central province)",Heavy raisn and storms,,,,,,,9789.0,Km2,0.385,36.12,,,2011,11.0,29.0,2011,12.0,22.0,25.0,,91692.0,,91692.0,,,,,,,"76,8615953778198",2,,51336;51346;51348;51352;51357;51364;51366;51369;51374;51375;51377;51381;51385;51389;51394;51396;51398,"Baringo, Busia, Central Kisii, Isiolo, Kakamega, Keiyo, Kisumu, Marakwet, Marsabit, Moyale, Muranga, Rachuonyo, Samburu, Siaya, Tana River, Wajir, West Pokot (Adm2). "
2011-0462-MLI,2011,462,FL-2011-000129,Natural,Hydrological,Flood,Riverine flood,,,Mali,MLI,Western Africa,Africa,"Goudam town (Goundam district, Tombouctou province), Gossi town (Gourma-Rharous district, Tombouctou province), Sana village (Koro district, Mopti province), Kidal city (Kidal district, Kidal province), Diboly village (Kayes district, Kayes province), Kangab district (Koulikoro province)",Heavy rain,,,,,,31.0,,Km2,,,,,2011,8.0,1.0,2011,9.0,8.0,1.0,,15415.0,,15415.0,,,,,,,"76,8615953778198",2,,19378;19384;19389;19398;19417;19418,"Goundam, Gourma-Rharous, Kangaba, Kayes, Kidal, Koro (Adm2). "
2011-0629-MWI,2011,629,FL-2012-000017,Natural,Hydrological,Flood,Riverine flood,,,Malawi,MWI,Eastern Africa,Africa,"Thyolo, Phalombe, Chikwawa, Nsanje districts (Southern Region province), Dedza, Salima districts (Central Region province), Nkhata Bay, Rumphi, Karonga districts (Northern Region province)",Storms,,,,,,703.0,,Km2,,,,,2011,12.0,,2012,1.0,15.0,,,26350.0,,26350.0,,,,,,,"76,8615953778198",2,,19307;19315;19317;19320;19322;19328;19329;42173;42177,"Chikwawa, Dedza, Karonga, Nkhata Bay, Nsanje, Phalombe, Rumphi, Salima, Thyolo (Adm2). "
2011-0419-NER,2011,419,,Natural,Hydrological,Flood,Riverine flood,,,Niger (the),NER,Western Africa,Africa,"Zarmagandaye, Lamorde, Karadje boroughs (Communes 3 district, Niamey province)",Heavy rains,,,,,,,74520.0,Km2,14.951,4.555,,,2011,8.0,10.0,2011,9.0,8.0,7.0,,13000.0,,13000.0,,,,,,,"76,8615953778198",2,,22570,Commune 3 (Adm2). 
2011-0598-NER,2011,598,,Natural,Hydrological,Flood,Riverine flood,,,Niger (the),NER,Western Africa,Africa,"Ouallam, Tera, Tillaberi, Kollo districts (Tillaberi province), Birni N'Konni, Tchin Tabaradene, Bouza districts (Tahoua province), Mayahi district (Maradi province), Dosso province",Torrential rains,,,,,,,,Km2,,,,,2011,8.0,17.0,2011,9.0,2.0,9.0,,,28175.0,28175.0,,,,,,,"76,8615953778198",1;2,2204,22566;22571;22572;22577;22579;22580;22582;22583,"Dosso (Adm1). Birni N'konni, Bouza, Kollo, Mayahi, Ouallam, Tchin Tabaradene, Tera, Tillaberi (Adm2). "
2011-0582-NGA,2011,582,,Natural,Hydrological,Flood,Riverine flood,,,Nigeria,NGA,Western Africa,Africa,"Imo, Lagos provinces",,,,,,,,,Km2,,,,,2011,10.0,20.0,2011,10.0,28.0,10.0,,,,,,,,,,,"76,8615953778198",1,2222;2230,,"Imo, Lagos (Adm1). "
2011-0637-SDN,2011,637,,Natural,Meteorological,Storm,Convective storm,Severe storm,,Sudan (the),SDN,Northern Africa,Africa,Al Geneina district (Western Darfur province),,,,,,,,,Kph,,,,,2011,8.0,3.0,2011,8.0,3.0,20.0,30.0,,,30.0,,,,,,,"76,8615953778198",2,,37134,Al Geneina (Adm2). 
2011-0546-SEN,2011,546,,Natural,Hydrological,Flood,Riverine flood,,,Senegal,SEN,Western Africa,Africa,Thies district (Thies province),,,,,,,,,Km2,,,,,2011,8.0,1.0,2011,8.0,1.0,,6.0,5214.0,,5220.0,,,,,,,"76,8615953778198",2,,25344,Thies (Adm2). 
2011-0476-SOM,2011,476,,Natural,Hydrological,Flood,Riverine flood,,,Somalia,SOM,Eastern Africa,Africa,"Mogadishu city (Banadir district, Banadir province)",Heavy rains,,,,,,,,Km2,,,,,2011,11.0,4.0,2011,11.0,4.0,,,2800.0,,2800.0,,,,,,,"76,8615953778198",2,,25672,Banadir (Adm2). 
2011-0535-TZA,2011,535,FL-2011-000200,Natural,Hydrological,Flood,Riverine flood,,,"Tanzania, United Republic of",TZA,Eastern Africa,Africa,"Kigogo, Mwananyamala, Tandale, Ubungo boroughs (Kinondoni district, Dar-es-salaam province), Tabata borough (Ilala district, Dar-es-salaam province)",Heavy rains,,,,,,,5900.0,Km2,-6.917,39.04,,Msimbazi,2011,12.0,20.0,2011,12.0,22.0,20.0,200.0,50000.0,,50200.0,,,,,,,"76,8615953778198",2,,48388;48389,"Ilala, Kinondoni (Adm2). "
2011-0617-TZA,2011,617,,Natural,Hydrological,Flood,Riverine flood,,,"Tanzania, United Republic of",TZA,Eastern Africa,Africa,"Tanga, Morogoro provinces",,,,,,,,137262.0,Km2,-6.647,37.56,,,2011,4.0,9.0,2011,5.0,19.0,8.0,,9000.0,,9000.0,,,,,,,"76,8615953778198",1,48368;48381,,"Morogoro, Tanga (Adm1). "
2012-0056-MDG,2012,56,TC-2012-000036,Natural,Meteorological,Storm,Tropical cyclone,,"Tropical depression ""Irina""",Madagascar,MDG,Eastern Africa,Africa,"Vatovavy Fitovinany, Sava, Diana, Atsimo Atsinanana, Anosy, Analanjirofo, Analamanga, Alaotra Mangoro provinces",,Flood,"Slide (land, mud, snow, rock)",Yes,,,,,Kph,,,,,2012,2.0,26.0,2012,2.0,26.0,77.0,15.0,85000.0,,85015.0,,,,,,,"78,4521138829003",1,41750;41752;41753;41755;41757;41762;41768;41771,,"Alaotra Mangoro, Analamanga, Analanjirofo, Anosy, Atsimo Atsinanana, Diana, Sava, Vatovavy Fitovinany (Adm1). "
2012-0056-MOZ,2012,56,TC-2012-000036,Natural,Meteorological,Storm,Tropical cyclone,,"Tropical depression ""Irina""",Mozambique,MOZ,Eastern Africa,Africa,"Cabo Delgado, Sofala provinces",,Rain,,,,,,,Kph,,,,,2012,3.0,3.0,2012,3.0,7.0,3.0,13.0,4945.0,,4958.0,,,,,,,"78,4521138829003",1,2112;2120,,"Cabo Delgado, Sofala (Adm1). "
2012-0598-MWI,2012,598,FL-2012-000210,Natural,Hydrological,Flood,Riverine flood,,,Malawi,MWI,Eastern Africa,Africa,"Mangochi, Phalombe, Nsanje, Zomba districts (Southern Region province)",,Rain,,,,,,,Km2,,,,,2012,12.0,15.0,2013,2.0,,4.0,,64385.0,,64385.0,,,,,,,"78,4521138829003",2,,19325;19328;19330;42177,"Mangochi, Nsanje, Phalombe, Zomba (Adm2). "
2012-0005-MDG,2012,5,,Natural,Meteorological,Storm,Tropical cyclone,,Cyclone Funso,Madagascar,MDG,Eastern Africa,Africa,"Atsimo Andrefana, Melaky, Menabe provinces",,Flood,,,,,,,Kph,,,,,2012,1.0,24.0,2012,1.0,24.0,,,300.0,,300.0,,,,,,,"78,4521138829003",1,41756;41766;41767,,"Atsimo Andrefana, Melaky, Menabe (Adm1). "
2012-0043-MDG,2012,43,TC-2012-000020,Natural,Meteorological,Storm,Tropical cyclone,,Cyclone Giovanna,Madagascar,MDG,Eastern Africa,Africa,"Brickaville, Vatomandry districts (Atsinanana province), Moramanga district (Alaotra Mangoro province), Mampikony district (Sofia province), Antananarivo I, Antananarivo II, Antananarivo III, Antananarivo IV, Antananarivo V, Antananarivo VI, Antananarivo Atsimondrano, Antananarivo Avaradrano districts (Analamanga province)",,Flood,,Yes,,,4262.0,200.0,Kph,,,,,2012,2.0,14.0,2012,2.0,15.0,35.0,284.0,250000.0,,250284.0,,,,,100000.0,127466.0,"78,4521138829003",2,,123870;123871;123872;123873;123874;123875;154513;154522;154523;154553;154558;154603,"Antananarivo Atsimondrano, Antananarivo Avaradrano, Antananarivo I, Antananarivo II, Antananarivo III, Antananarivo IV, Antananarivo V, Antananarivo VI, Brickaville, Mampikony, Moramanga, Vatomandry (Adm2). "
2012-0005-MOZ,2012,5,,Natural,Meteorological,Storm,Tropical cyclone,,Cyclone Funso,Mozambique,MOZ,Eastern Africa,Africa,"Nicoadala, Cidade de Quelimane, Chinde, Pebane, Maganja da Costa, Namacurra, Gurue, Mocuba districts (Zambezia province), Mossuril, Nacal-A-Velha districts (Nampula province)",,Flood,,,,,,212.0,Kph,,,,,2012,1.0,20.0,2012,1.0,22.0,10.0,,65000.0,,65000.0,,,,,,,"78,4521138829003",2,,21900;21903;21946;21948;21952;21954;21958;21960;21961;65266,"Chinde, Cidade de Quelimane, Gurue, Maganja da Costa, Mocuba, Mossuril, Nacala-A-Velha, Namacurra, Nicoadala, Pebane (Adm2). "
2012-0006-MOZ,2012,6,TC-2012-000008,Natural,Meteorological,Storm,Tropical cyclone,,Tropical Storm Dando,Mozambique,MOZ,Eastern Africa,Africa,"Chokwe, Xai-Xai districts (Gaza province), Cidade de Maputo district (Maputo province), Zavala district (Inhambane province), Nampula, Zambezia, Sofala provinces",,Flood,,,,,,,Kph,,,,,2012,1.0,18.0,2012,1.0,18.0,20.0,42.0,40000.0,,40042.0,,,,,,,"78,4521138829003",1;2,2118;2120;2122,21853;21859;21871;41374,"Nampula, Sofala, Zambezia (Adm1). Chokwe, Cidade de Maputo, Xai-xai, Zavala (Adm2). "
2012-0005-MWI,2012,5,,Natural,Meteorological,Storm,Tropical cyclone,,Cyclone Funso,Malawi,MWI,Eastern Africa,Africa,Nsanje district (Southern Region province),,Flood,,Yes,,,,,Kph,,,,,2012,1.0,,2012,1.0,,,,6000.0,,6000.0,,,,,,,"78,4521138829003",2,,19328,Nsanje (Adm2). 
2012-0553-NGA,2012,553,,Natural,Meteorological,Storm,Convective storm,Lightning/Thunderstorms,,Nigeria,NGA,Western Africa,Africa,Lagos province,,Flood,,,,,,,Kph,,,,,2012,2.0,13.0,2012,2.0,13.0,15.0,,15000.0,,15000.0,,,,,1000.0,1275.0,"78,4521138829003",1,2230,,Lagos (Adm1). 
2012-9304-MWI,2012,9304,OT-2012-000156,Natural,Climatological,Drought,Drought,,,Malawi,MWI,Eastern Africa,Africa,"Balaka, Blantyre, Chikwawa, Machinga, Mangochi, Mulanje, Mwanza, Neno, Nsanje, Phalombe, Thyolo, Zomba districts (Southern Region Province), Dedza, Ntcheu, Salima districts (Central Region Province)","Lenthly dry spells overt past 3 years, current high food prices and recent devaluation of the currency",Food shortage,,Yes,,,,,Km2,,,,,2012,8.0,,2013,,,,,1900000.0,,1900000.0,,,,,,,"78,4521138829003",2,,19307;19313;19315;19321;19322;19325;19328;19329;19330;42174;42175;42176;42177;65270;65271,"Balaka, Blantyre, Chikwawa, Dedza, Machinga, Mangochi, Mulanje, Mwanza, Neno, Nsanje, Ntcheu, Phalombe, Salima, Thyolo, Zomba (Adm2). "
2012-9160-TCD,2012,9160,EO-2012-000001,Natural,Climatological,Drought,Drought,,,Chad,TCD,Middle Africa,Africa,"Kanem, Lac Barl el Gazal, Batha Est, Batha Ouest, Hadjer Lamis, Ouaddai, Salamat provinces",Insufficent rains,Food shortage,,,,,,,Km2,,,,,2012,6.0,,2013,2.0,,,,1600000.0,,1600000.0,,,,,,,"78,4521138829003",1,875;881;12904;12905;12912;12914;12915;12927,,"Barl El Gazal, Batha Est, Batha Ouest, Hadjer Lamis, Kanem, Lac, Ouaddai, Salamat (Adm1). "
2012-0166-KEN,2012,166,,Natural,Hydrological,Flood,Riverine flood,,,Kenya,KEN,Eastern Africa,Africa,"Kitengela, Athi River areas (Machakos district, Eastern province), Ngong town (Kajiado district, Rift Valley province), Bura, Garsen, Bangale areas (Tana River district, Coast province), Homa Bay, Kisumu, Suba, Nyando, Rachuonyo, Migori districts (Nyanza province), Busia district (Western province), Thika district (Central province), Nakuru district (Rift Valley province), Malindi district (Coast province)",Torrential rain,,,,,,,12660.0,Km2,-0.191962,35.19,,,2012,4.0,20.0,2012,5.0,16.0,73.0,,280670.0,,280670.0,,,1000.0,1275.0,100000.0,127466.0,"78,4521138829003",2,,51339;51343;51346;51350;51368;51369;51371;51373;51374;51376;51380;51386;51396,"Busia, Homa Bay, Kajiado, Kisumu, Machakos, Malindi, Migori, Nakuru, Nyando, Rachuonyo, Suba, Tana River, Thika (Adm2). "
2012-0045-MAR,2012,45,,Natural,Meteorological,Extreme temperature ,Cold wave,,,Morocco,MAR,Northern Africa,Africa,"Figuig district (Oriental province), Taza-Al Hoceima-Taounate province",,,,,,,,-1.0,°C,,,,,2012,2.0,,2012,2.0,,,,7500.0,,7500.0,,,,,,,"78,4521138829003",1;2,147338,21818,Taza - Al Hoceima - Taounate (Adm1). Figuig (Adm2). 
2012-0148-MWI,2012,148,,Natural,Hydrological,Flood,Riverine flood,,,Malawi,MWI,Eastern Africa,Africa,Nsanje district (Southern Region),Heavy rains,,,,,,,,Km2,,,,,2012,3.0,23.0,2012,3.0,24.0,,,26350.0,,26350.0,,,,,,,"78,4521138829003",2,,19328,Nsanje (Adm2). 
2012-0023-NAM,2012,23,,Natural,Hydrological,Flood,Riverine flood,,,Namibia,NAM,Southern Africa,Africa,"Okatana, Oshakati West districts (Oshana province), Omusati province",Heavy rainfall,,,,,,,,Km2,,,,,2012,1.0,24.0,2012,1.0,24.0,,,650.0,,650.0,,,,,,,"78,4521138829003",1;2,2146,22323;22329,"Omusati (Adm1). Okatana, Oshakati West (Adm2). "
2012-0302-NER,2012,302,FL-2012-000141,Natural,Hydrological,Flood,Riverine flood,,,Niger (the),NER,Western Africa,Africa,"Agadez, Diffa, Dosso, Maradi, Tahoua, Tillaberi, Zinder, Niamey provinces",Heavy rains,,,Yes,,,527.0,,Km2,,,,,2012,7.0,15.0,2012,10.0,15.0,91.0,,530952.0,,530952.0,,,,,184115.0,234685.0,"78,4521138829003",1,2202;2203;2204;2205;2206;2207;2208;2209,,"Agadez, Diffa, Dosso, Maradi, Niamey, Tahoua, Tillaberi, Zinder (Adm1). "
2012-0359-NER,2012,359,,Natural,Biological,Epidemic,Bacterial disease,,Cholera,Niger (the),NER,Western Africa,Africa,"Tera, Tillaberi, Kollo, Say, Ouallam districts (Tillabéri region)",,,,,No,No,,,Vaccinated,,,,,2012,1.0,1.0,2012,10.0,17.0,81.0,,4433.0,,4433.0,,,,,,,"78,4521138829003",,,,
2012-0389-NER,2012,389,,Natural,Biological,Epidemic,Bacterial disease,,Cholera,Niger (the),NER,Western Africa,Africa,"Birni N'konni, Madaoua districts (Tahoua region)",,,,,No,No,,,Vaccinated,,,,,2012,10.0,5.0,2012,10.0,17.0,16.0,,441.0,,441.0,,,,,,,"78,4521138829003",,,,
2012-0366-NGA,2012,366,FL-2012-000138,Natural,Hydrological,Flood,Riverine flood,,,Nigeria,NGA,Western Africa,Africa,"Nassarrawa, Niger, Plateau, Adamawa, Bauchi, Gombe, Taraba, Yobe, Jigawa, Kaduna, Kano, Katsina, Kebbi, Anambra, Ebonyi, Cross River, Lagos, Benue",Heavy rains,,,,,,,,Km2,,,,,2012,7.0,1.0,2012,10.0,31.0,363.0,867.0,7000000.0,,7000867.0,,,,,500000.0,637331.0,"78,4521138829003",1,2211;2213;2215;2217;2223;2224;2225;2226;2227;2230;2231;2239;2240;65699;65701;65704;65705;65707,,"Adamawa, Anambra, Bauchi, Benue, Cross River, Ebonyi, Gombe, Jigawa, Kaduna, Kano, Katsina, Kebbi, Lagos, Nassarawa, Niger, Plateau, Taraba, Yobe (Adm1). "
2012-0032-NGA,2012,32,EP-2012-000015,Natural,Biological,Epidemic,Viral disease,,Lassa Fever,Nigeria,NGA,Western Africa,Africa,"Ebonyl, Nasarawa, Plateau, Yobe, Lagos, Edo, Taraba states",,,,,No,No,,,Vaccinated,,,,,2012,1.0,11.0,2012,1.0,20.0,10.0,,29.0,,29.0,,,,,,,"78,4521138829003",,,,
2012-0130-RWA,2012,130,FL-2012-000067,Natural,Hydrological,Flood,Riverine flood,,,Rwanda,RWA,Eastern Africa,Africa,"Musanze district (North/Amajyaruguru province), Nyabihu, Rubavu (West/Iburengerazuba province)",Heavy rains,,,,,,,43618.0,Km2,-1.40095,29.36,,,2012,4.0,9.0,2012,4.0,18.0,5.0,,11160.0,,11160.0,,,,,,,"78,4521138829003",2,,21988;21991;21998,"Musanze, Nyabihu, Rubavu (Adm2). "
2012-0280-SDN,2012,280,,Natural,Hydrological,Flood,Riverine flood,,,Sudan (the),SDN,Northern Africa,Africa,"Kassala, White Nile, Sennar, Gadaref, Khartoum provinces",Heavy rains,,,,,,,,Km2,,,,Atbara,2012,8.0,1.0,2012,8.0,12.0,35.0,135.0,135000.0,,135135.0,,,,,,,"78,4521138829003",1,2753;2762;2770;68783;68805,,"Gadaref, Kassala, Khartoum, Sennar, White Nile (Adm1). "
2012-0494-SDN,2012,494,EP-2012-000184,Natural,Biological,Epidemic,Viral disease,,Yellow fever,Sudan (the),SDN,Northern Africa,Africa,"Nyala, Sharq Algabal, Kass, Mershing, Kubum, Rehaid Albirdy (South Darfur); Zalingei, Wadisali, Azoom, Nertity, Mukjer, bendisi, Um Dukhun (Central Darfur); Genaina, Beidha, Habila, Kernik, Forbranga, Jebel Moon (West Darfur); Saraf Omra, Alseraif, Elfashir (North Darfur), Yassin (East Darfur)",,,,,No,No,,,Vaccinated,,,,,2012,9.0,2.0,2013,1.0,9.0,171.0,,678.0,,678.0,,,,,,,"78,4521138829003",,,,
2012-0318-SEN,2012,318,,Natural,Hydrological,Flood,Riverine flood,,,Senegal,SEN,Western Africa,Africa,"Touba city (Ndame area, Mbacke district, Diourbel province), Diaoulé village (Diakhao area, Fatick district, Fatick province), Dakar province",Heavy rains,,,Yes,,,,79242.0,Km2,14.46,-15.49,,,2012,8.0,15.0,2012,8.0,31.0,19.0,,57000.0,,57000.0,,,,,10000.0,12747.0,"78,4521138829003",1;2,2636,25325;47596,"Dakar (Adm1). Fatick, Mbacke (Adm2). "
2012-0295-SLE,2012,295,EP-2012-000041,Natural,Biological,Epidemic,Bacterial disease,,Cholera,Sierra Leone,SLE,Western Africa,Africa,"Western Area, Port Loko, Kambia, Pujehun, Bo, Bomabli, Moyamba, Tonkolili, Bonthe, Kono, Kenema, Koinadugu",,,,,No,No,,,Vaccinated,,,,,2012,1.0,1.0,2013,1.0,8.0,300.0,,23009.0,,23009.0,,,,,,,"78,4521138829003",,,,
2012-0472-SOM,2012,472,,Natural,Hydrological,Flood,Riverine flood,,,Somalia,SOM,Eastern Africa,Africa,Hiraan province,Heavy rain,,,,,,,12753.0,Km2,4.94,44.89,,,2012,11.0,21.0,2012,11.0,21.0,6.0,,12200.0,,12200.0,,,,,,,"78,4521138829003",1,2695,,Hiraan (Adm1). 
2012-0508-SOM,2012,508,,Natural,Hydrological,Flood,Riverine flood,,,Somalia,SOM,Eastern Africa,Africa,Belet Weyne district (Hiraan province),,,,,,,,,Km2,,,,Shabelle river,2012,9.0,27.0,2012,9.0,28.0,25.0,,,20000.0,20000.0,,,,,,,"78,4521138829003",2,,25684,Belet Weyne (Adm2). 
2012-0347-TCD,2012,347,FL-2012-000151,Natural,Hydrological,Flood,Riverine flood,,,Chad,TCD,Middle Africa,Africa,"Rig-rig, Sultanat, Ntiona, Nokou districts (Kanem province), Dadjo-ii, Moubi-goz, Moubi-Hadaba, Moubi-zarga districts (Guera province), Ndjamena, Madiago, Katoa, Kadada, El-fass, Afrouk districts (Hadjer Lamis province), Assongha, Baguirmi, Tandjile Est, Tandjile Ouest, Sila, Barh Koh, Mayo-Boneye, Mayo-Dala, Logone Occidental, Logone Oriental, Kabia, Ouaddai, Batha Ouest, Batha Est, Lac Iro, Mandoul, Mont De Lam, Salamat provinces",Heavy rains,,,Yes,,,,,Km2,,,,,2012,7.0,15.0,2012,9.0,24.0,20.0,,594831.0,,594831.0,,,,,10000.0,12747.0,"78,4521138829003",1;2,876;881;12904;12905;12910;12918;12919;12920;12921;12922;12923;12924;12925;12926;12927;12928;12930;12931,65354;65429;65463;65502;65511;65562;65612;65613;65614;65629;65639;65640;65655;65670,"Assongha, Baguirmi, Barh Koh, Batha Est, Batha Ouest, Kabia, Lac Iro, Logone Occidental, Logone Oriental, Mandoul, Mayo-Boneye, Mayo-Dala, Mont De Lam, Ouaddai, Salamat, Sila, Tandjile Est, Tandjile Ouest (Adm1). Afrouk, Dadjo-ii, El-fass, Kadada, Katoa, Madiago, Moubi-goz, Moubi-hadaba, Moubi-zarga, Ndjamena, Nokou, Ntiona, Rig-rig, Sultanat (Adm2). "
2012-0384-TCD,2012,384,,Natural,Hydrological,Flood,Riverine flood,,,Chad,TCD,Middle Africa,Africa,"Walia, Ngoumna, Ngueli boroughs (Ndjamena district, Hadjer Lamis province), Yaroungou, Moula refugees camps (Maro district, Barh Koh province)",,,,,,,,,Km2,,,,,2012,9.0,15.0,2012,10.0,15.0,,,18800.0,,18800.0,,,,,,,"78,4521138829003",2,,65577;65629,"Maro, Ndjamena (Adm2). "
2012-0108-TCD,2012,108,,Natural,Biological,Epidemic,Viral disease,,Meningitis,Chad,TCD,Middle Africa,Africa,"Oumhadjer, Massakory, Lere, Amdam, Aboudea, Amtiman, Donamanga, Bebeto, Koumra, Moissala districts",,,,,No,No,,,Vaccinated,,,,,2012,1.0,,2012,3.0,25.0,88.0,,1708.0,,1708.0,,,,,,,"78,4521138829003",,,,
2012-0072-TZA,2012,72,,Natural,Hydrological,Flood,Riverine flood,,,"Tanzania, United Republic of",TZA,Eastern Africa,Africa,Ngorongoro district (Arusha province),Heavy rains,,,,,,,6852.0,Km2,-1.83097,34.79,,,2012,3.0,1.0,2012,3.0,7.0,10.0,,,,,,,,,,,"78,4521138829003",2,,190510,Ngorongoro (Adm2). 
2012-0380-UGA,2012,380,,Natural,Hydrological,Flood,Riverine flood,,,Uganda,UGA,Eastern Africa,Africa,"Agago, Kitgum, Lamwo, Pader provinces",Heavy rains,,,,,,,57981.0,Km2,2.65,32.72,,,2012,8.0,20.0,2012,9.0,7.0,,,15000.0,,15000.0,,,,,,,"78,4521138829003",1,763;767;783;790,,"Agago, Kitgum, Lamwo, Pader (Adm1). "
2012-0215-UGA,2012,215,,Natural,Hydrological,Landslide,Landslide,,,Uganda,UGA,Eastern Africa,Africa,"Namanga, Bunakasala villages (Bududa district, Manjiya province)",Heavy rains,,,,,,,,,,,,,2012,6.0,24.0,2012,6.0,24.0,18.0,64.0,,3368.0,3432.0,,,,,,,"78,4521138829003",2,,28480,Manjiya (Adm2). 
2012-0110-UGA,2012,110,EP-2012-000031,Natural,Biological,Epidemic,Bacterial disease,,Cholera,Uganda,UGA,Eastern Africa,Africa,"Mbale, Sironko, Bududa (Eastern region); Kasase, Buliisa (WEst and South Western region); Nebbi (West-Nile sub-region)",,,,,No,No,,,Vaccinated,,,,,2012,1.0,1.0,2012,9.0,1.0,118.0,,5279.0,,5279.0,,,,,,,"78,4521138829003",,,,
2012-0261-UGA,2012,261,EP-2012-000124,Natural,Biological,Epidemic,Viral disease,,Ebola,Uganda,UGA,Eastern Africa,Africa,Kibale district,,,,,No,No,,,Vaccinated,,,,,2012,8.0,3.0,2012,8.0,24.0,35.0,116.0,,,116.0,,,,,,,"78,4521138829003",,,,
2012-0495-UGA,2012,495,EP-2012-000195,Natural,Biological,Epidemic,Viral disease,,Ebola,Uganda,UGA,Eastern Africa,Africa,"Luweero, Kampala",,,,,No,No,,,Vaccinated,,,,,2012,10.0,25.0,2012,12.0,2.0,3.0,,585.0,,585.0,,,,,,,"78,4521138829003",,,,
2013-0438-SOM,2013,438,TC-2013-000140,Natural,Meteorological,Storm,Tropical cyclone,,Cyclone 3A,Somalia,SOM,Eastern Africa,Africa,"Bandarbeyla, Caluula, Qandala, Qardho, Iskushuban districts (Baria province), Eyl, Garoowe districts (Nugaal province)",,Flood,Surge,,Yes,Yes,,,Kph,21.68,57.43,,,2013,11.0,8.0,2013,11.0,19.0,162.0,,142380.0,,142380.0,,,,,2000.0,2513.0,"79,6013094233451",2,,25662;25664;25665;25666;25667;25711;25712,"Bandarbeyla, Caluula, Eyl, Garoowe, Iskushuban, Qandala, Qardho (Adm2). "
2013-0123-KEN,2013,123,FL-2013-000038,Natural,Hydrological,Flood,Riverine flood,,,Kenya,KEN,Eastern Africa,Africa,"Naivasha town (Nakuru district, Rift Valley province), Turkana, West Pokot, Baringo, Marakwet, Keiyo districts (Rift Valley province), Kisumu district (Nyanza province), Muranga, Nyeri, Kiambu districts (Central province), Coast, Western provinces",Heavy rains,"Slide (land, mud, snow, rock)",,,,,,73170.0,Km2,2.46174,36.72,,Nzoia river,2013,3.0,10.0,2013,4.0,30.0,96.0,20.0,100000.0,,100020.0,,,,,36000.0,45225.0,"79,6013094233451",1;2,51326;51332,51333;51336;51338;51369;51377;51381;51385;51386;51392;51394,"Coast, Western (Adm1). Baringo, Keiyo, Kiambu, Kisumu, Marakwet, Muranga, Nakuru, Nyeri, Turkana, West Pokot (Adm2). "
2013-0032-MDG,2013,32,,Natural,Meteorological,Storm,Tropical cyclone,,Tropical cyclone Haruna,Madagascar,MDG,Eastern Africa,Africa,"Morombe, Toliary-I, Toliary-II, Sakaraha districts (Atsimo Andrefana province), Menabe, Analamanga provinces",,Flood,,,Yes,,,177.0,Kph,,,,,2013,2.0,22.0,2013,2.0,22.0,42.0,127.0,40154.0,,40281.0,,,,,25000.0,31407.0,"79,6013094233451",1;2,41752;41767,154543;154544;154545;154546,"Analamanga, Menabe (Adm1). Morombe, Sakaraha, Toliary-I, Toliary-II (Adm2). "
2013-0026-SYC,2013,26,FL-2013-000012,Natural,Meteorological,Storm,Tropical cyclone,,Topical Depression Feleng,Seychelles,SYC,Eastern Africa,Africa,"Anse Aux Pins, Au Cap, Pointe Larue provinces",,Flood,,,,,,,Kph,,,,,2013,2.0,7.0,2013,2.0,7.0,,,3000.0,,3000.0,,,,,9300.0,11683.0,"79,6013094233451",1,61137;61144;61190,,"Anse Aux Pins, Au Cap, Pointe Larue (Adm1). "
2013-9146-NAM,2013,9146,DR-2013-000062,Natural,Climatological,Drought,Drought,,,Namibia,NAM,Southern Africa,Africa,"Kavango, Ohangwena, Oshikoto, Kunene provinces",Limited rainfall,Food shortage,,Yes,Yes,Yes,,,Km2,,,,,2013,1.0,,2014,1.0,,,,780000.0,,780000.0,,,,,64000.0,80401.0,"79,6013094233451",1,2141;2143;2144;2148,,"Kavango, Kunene, Ohangwena, Oshikoto (Adm1). "
2013-0281-KEN,2013,281,,Natural,Hydrological,Flood,Riverine flood,,,Kenya,KEN,Eastern Africa,Africa," Marigat, Ngambo, Salabani villages (Baringo district, Rift Valley province)",Heavy rains,,,,,,,9047.0,Km2,1.66076,35.21,,Braingo lake,2013,8.0,5.0,2013,8.0,7.0,,,5000.0,,5000.0,,,,,,,"79,6013094233451",2,,51377,Baringo (Adm2). 
2013-0305-KEN,2013,305,FL-2013-000004,Natural,Hydrological,Flood,Riverine flood,,,Kenya,KEN,Eastern Africa,Africa,"Nairobi district (Nairobi province), Baringo, Keiyo, Marakwet, Nandi North, Nandi South, Trans Nzoia, Turkana, Uasin Gishu, West Pokot districts (Rift Valley province), Nyando, Kisumu districts (Nyanza province)",Heavy rains,,,,,,,71113.0,Km2,0.058024,36.52,,,2013,1.0,13.0,2013,1.0,17.0,18.0,,10780.0,,10780.0,,,,,,,"79,6013094233451",2,,51360;51369;51373;51377;51381;51385;51391;51392;51393;51394;68769;68770,"Baringo, Keiyo, Kisumu, Marakwet, Nairobi, Nandi North, Nandi South, Nyando, Trans Nzoia, Turkana, Uasin Gishu, West Pokot (Adm2). "
2013-0545-KEN,2013,545,,Natural,Hydrological,Flood,Riverine flood,,,Kenya,KEN,Eastern Africa,Africa,"Taita Taveta district (Coast province), Makueni district (Eastern province), Kajiado, Laikipia, Narok districts (Rift Valley province)",,,,,,,,,Km2,,,,,2013,12.0,,2013,12.0,,14.0,,,,,,,,,,,"79,6013094233451",2,,51345;51351;51380;51384;51388,"Kajiado, Laikipia, Makueni, Narok, Taita Taveta (Adm2). "
2013-0546-LBY,2013,546,,Natural,Hydrological,Flood,Riverine flood,,,Libya,LBY,Northern Africa,Africa,"Tripoli, Az Zawia provinces",,,,,,,,,Km2,,,,,2013,11.0,30.0,2013,12.0,7.0,16.0,,2000.0,,2000.0,,,,,,,"79,6013094233451",1,1838;1850,,"Az Zawia (azzawiya), Tripoli (tarabulus) (Adm1). "
2013-0026-MDG,2013,26,FL-2013-000012,Natural,Meteorological,Storm,Tropical cyclone,,Topical Depression Feleng,Madagascar,MDG,Eastern Africa,Africa,"Analanjirofo, Atsimo Atsinanana, Atsinanana, Sava, Vatovavy Fitovinanay provinces",,,,,,,,,Kph,,,,,2013,1.0,30.0,2013,2.0,2.0,9.0,,4598.0,,4598.0,,,,,,,"79,6013094233451",1,41753;41757;41758;41768;41771,,"Analanjirofo, Atsimo Atsinanana, Atsinanana, Sava, Vatovavy Fitovinany (Adm1). "
2013-0559-MDG,2013,559,EP-2013-000156,Natural,Biological,Epidemic,Viral disease,,Pneumonic plague,Madagascar,MDG,Eastern Africa,Africa,"Beranimbo village (Ampatakamaeroreny municipality); Ikongo district (Vatpvavy Fitovinany region); Tsiraonomandidy distrci (Antananarivo province); Ikalamavony (Fianarantsoa province); Analamanga, Vakinankarata, Bongolava, Itasy, Amoron? I Mania, Haute Mahatsiatra, Vatovavy, Analanjirofo, Boeny, Betsiboka, Sofia, Alaotra Mangora, Sava, Diana",,,,,No,No,,,Vaccinated,,,,,2013,10.0,5.0,2014,1.0,13.0,113.0,660.0,,,660.0,,,,,,,"79,6013094233451",,,,
2013-0310-MLI,2013,310,,Natural,Hydrological,Flood,Riverine flood,,,Mali,MLI,Western Africa,Africa,Bamako district (Bamako province),,,,,,,,,Km2,,,,,2013,8.0,29.0,2013,8.0,29.0,37.0,,34700.0,,34700.0,,,,,,,"79,6013094233451",2,,81878,Bamako (Adm2). 
2013-0366-MLI,2013,366,,Natural,Hydrological,Flood,Riverine flood,,,Mali,MLI,Western Africa,Africa,"Diabaly area (Niono district, Segou province), Aguelhok, Tessalit areas (Tessalit district, Kidal province)",Heavy rains,,,,,,,,Km2,,,,,2013,8.0,9.0,2013,8.0,12.0,,,11300.0,,11300.0,,,,,,,"79,6013094233451",2,,19385;19405,"Niono, Tessalit (Adm2). "
2013-0011-MOZ,2013,11,FL-2013-000008,Natural,Hydrological,Flood,Riverine flood,,,Mozambique,MOZ,Eastern Africa,Africa,"KaMavota, KaMubukwana, KaMaxakeni boroughs (Cidade de Maputo district, Maputo province), Chigubo, Chibuto, Mandlakaze, Massangena, Chicualacuala, Guija, Chokwe, Bilene, Xai-Xai districts (Gaza province), Panda, Homoine, Govuro districts (Inhambane province), Milange, Gile, Nicoadala, Chinde, Namarroi, Maganja da Costa, Namacurra, Cidade de Quelimane, Morrumbala districts (Zambezia province), Cidade de Chimoio, Gondola, Sussundenga, Barue, Mossurize, Macossa districts (Manica province), Nhamatanda, Machanga, Muanza, Cidade de Beira, Chemba, Caia districts (Sofala province)",,,,Yes,,,17955.0,83155.0,Km2,-24.8006,32.68,,,2013,1.0,,2013,1.0,,119.0,,240000.0,,240000.0,,,,,30000.0,37688.0,"79,6013094233451",2,,21849;21850;21851;21852;21853;21854;21856;21857;21859;21861;21862;21869;21872;21873;21876;21878;21879;21923;21924;21929;21932;21933;21946;21947;21952;21953;21957;21958;21959;21960;41374;65251;65263;65266,"Barue, Bilene, Caia, Chemba, Chibuto, Chicualacuala, Chigubo, Chinde, Chokwe, Cidade da Beira, Cidade de Chimoio, Cidade de Maputo, Cidade de Quelimane, Gile, Gondola, Govuro, Guija, Homoine, Machanga, Macossa, Maganja da Costa, Mandlakaze, Massangena, Milange, Morrumbala, Mossurize, Muanza, Namacurra, Namarroi, Nhamatanda, Nicoadala, Panda, Sussundenga, Xai-xai (Adm2). "
2013-0053-MOZ,2013,53,,Natural,Biological,Epidemic,Bacterial disease,,Cholera,Mozambique,MOZ,Eastern Africa,Africa,Cabo Delgado province,,,,,No,No,,,Vaccinated,,,,,2013,1.0,28.0,2013,2.0,13.0,2.0,,317.0,,317.0,,,,,,,"79,6013094233451",,,,
2013-0374-MRT,2013,374,FL-2013-000119,Natural,Hydrological,Flood,Riverine flood,,,Mauritania,MRT,Western Africa,Africa,"Rosso, Ouad Naga districts (Traza province), Moudjeria district (Tagant province), Akjoujt district (Inchiri province)",Heavy rains,,,Yes,,,,,Km2,,,,,2013,8.0,5.0,2013,9.0,25.0,8.0,,4225.0,2305.0,6530.0,,,,,2000.0,2513.0,"79,6013094233451",2,,19521;19523;19532;19534,"Akjoujt, Moudjeria, Ouad Naga, Rosso (Adm2). "
2013-0079-MUS,2013,79,,Natural,Hydrological,Flood,Flash flood,,,Mauritius,MUS,Eastern Africa,Africa,Port Louis province,Torrential rains,,,,,,,1680.0,Km2,-20.2305,57.52,,,2013,3.0,30.0,2013,4.0,3.0,11.0,82.0,,,82.0,,,,,2000.0,2513.0,"79,6013094233451",1,2024,,Port Louis (Adm1). 
2013-0011-MWI,2013,11,FL-2013-000008,Natural,Hydrological,Flood,Riverine flood,,,Malawi,MWI,Eastern Africa,Africa,"Mangochi, Nsanje, Phalombe districts (Southern Region province)",,,,,,,,20096.0,Km2,-15.6178,35.02,,,2013,1.0,,2013,1.0,,3.0,,33000.0,,33000.0,,,,,,,"79,6013094233451",2,,19325;19328;42177,"Mangochi, Nsanje, Phalombe (Adm2). "
2013-0011-NAM,2013,11,FL-2013-000008,Natural,Hydrological,Flood,Riverine flood,,,Namibia,NAM,Southern Africa,Africa,Caprivi province,,,,,,,,,Km2,,,,Zambezi river,2013,1.0,10.0,2013,3.0,31.0,,,14500.0,,14500.0,,,,,,,"79,6013094233451",1,2137,,Caprivi (Adm1). 
2013-0573-NAM,2013,573,,Natural,Biological,Epidemic,Bacterial disease,,Cholera,Namibia,NAM,Southern Africa,Africa,Windhoek (Katutura area),,,,,No,No,,,Vaccinated,,,,,2013,11.0,,2013,,,17.0,518.0,,,518.0,,,,,,,"79,6013094233451",,,,
2013-0336-NER,2013,336,FL-2013-000336,Natural,Hydrological,Flood,Riverine flood,,,Niger (the),NER,Western Africa,Africa,"Maradi, Agadez, Tillaberi, Dosso, Tahoua, Niamey, Zinder, Diffa provinces",Heavy rains,,,,Yes,,,,Km2,,,,,2013,7.0,15.0,2013,8.0,15.0,32.0,,165943.0,,165943.0,,,,,64724.0,81310.0,"79,6013094233451",1,2202;2203;2204;2205;2206;2207;2208;2209,,"Agadez, Diffa, Dosso, Maradi, Niamey, Tahoua, Tillaberi, Zinder (Adm1). "
2013-0534-NER,2013,534,,Natural,Hydrological,Flood,Riverine flood,,,Niger (the),NER,Western Africa,Africa,"Diffa, Zinder provinces",Heavy rains,,,,,,,65791.0,Km2,15.0103,13.2,,Komadougou River,2013,11.0,3.0,2013,12.0,8.0,,,15086.0,,15086.0,,,,,,,"79,6013094233451",1,2203;2209,,"Diffa, Zinder (Adm1). "
2013-0386-NGA,2013,386,,Natural,Hydrological,Flood,Riverine flood,,,Nigeria,NGA,Western Africa,Africa,"Abia, Bauchi, Ebonyi, Edo, Gombe, Jigawa, Kano, Katsina, Kebbi, Zamfara provinces",,,,,,,,,Km2,,,,,2013,4.0,14.0,2013,8.0,17.0,19.0,,81506.0,,81506.0,,,,,,,"79,6013094233451",1,2219;2223;2225;2226;2227;65698;65699;65701;65704;65710,,"Abia, Bauchi, Ebonyi, Edo, Gombe, Jigawa, Kano, Katsina, Kebbi, Zamfara (Adm1). "
2013-0280-SDN,2013,280,FF-2013-000091,Natural,Hydrological,Flood,Riverine flood,,,Sudan (the),SDN,Northern Africa,Africa,"Khartoum, Southern Darfur, Northern Darfur, Nile, Blue Nile, Southern Kordofan, Al Jazeera, Sennar, White Nile, Kassala, Northern Kordofan, Gadaref, Northern; Red Sea provinces",Heavy rains,,,Yes,,,,645400.0,Km2,13.6883,28.99,,,2013,8.0,1.0,2013,8.0,21.0,76.0,133.0,500000.0,,500133.0,,,,,7000.0,8794.0,"79,6013094233451",1,2745;2749;2753;2755;2757;2761;2762;2764;2770;4150;40772;68783;68784;68805,,"Al Jazeera, Blue Nile, Gadaref, Kassala, Khartoum, Nile, Northern, Northern Darfur, Northern Kordofan, Red Sea, Sennar, Southern Darfur, Southern Kordofan, White Nile (Adm1). "
2013-0368-SEN,2013,368,,Natural,Hydrological,Flood,Riverine flood,,,Senegal,SEN,Western Africa,Africa,"Fatick, Kaolack, Thies, Dakar provinces",Heavy rains,,,,,,,,Km2,,,,,2013,9.0,13.0,2013,9.0,13.0,8.0,94.0,163212.0,,163306.0,,,,,,,"79,6013094233451",1,1373;2636;2644;47586,,"Dakar, Fatick, Kaolack, Thies (Adm1). "
2013-0030-SLE,2013,30,FR-2013-000003,Natural,Climatological,Wildfire,,,,Sierra Leone,SLE,Western Africa,Africa,"Blama Gbani community (Bo district, Southern province); Tiama community (Moyamba district, Southern province); Bompilia community (Bonthe district, Southern province); Rogbenk community (Port Loko district, Northern); Pujehun district (Southern province) ",Dry Hamatan wind,,,,,,,,Km2,,,,,2013,1.0,2.0,2013,1.0,28.0,,,,2257.0,2257.0,,,,,,,"79,6013094233451",2,,25412;25414;25415;25416;25417,"Bo, Bonthe, Moyamba, Port Loko, Pujehun (Adm2). "
2013-0288-SOM,2013,288,,Natural,Hydrological,Flood,Riverine flood,,,Somalia,SOM,Eastern Africa,Africa,"Shabelle Dhexe, Shabelle Hoose, Juba Dhexe, Juba Hoose, Gedo, Bay provinces",Gu rains,,,,,,,243476.0,Km2,2.16964,43.66,,Juba and Shabelle rivers,2013,5.0,1.0,2013,5.0,16.0,7.0,,50000.0,,50000.0,,,,,,,"79,6013094233451",1,2691;2694;2696;2697;2698;2699,,"Bay, Gedo, Juba Dhexe, Juba Hoose, Shabelle Dhexe, Shabelle Hoose (Adm1). "
2013-0473-SOM,2013,473,,Natural,Hydrological,Flood,Riverine flood,,,Somalia,SOM,Eastern Africa,Africa,"Jowhar, Balcad districts (Shabelle Dhexe province)",,,,,,,,,Km2,,,,Shabelle river,2013,8.0,,2013,11.0,,,,55000.0,,55000.0,,,,,,,"79,6013094233451",2,,25702;25704,"Balcad, Jowhar (Adm2). "
2013-0457-TGO,2013,457,EP-2013-000138,Natural,Biological,Epidemic,Bacterial disease,,Cholera,Togo,TGO,Western Africa,Africa,"Lome commune, Maritime region, Region Centrale",,,,,No,No,,,Vaccinated,,,,,2013,8.0,30.0,2013,10.0,28.0,7.0,,168.0,,168.0,,,,,,,"79,6013094233451",,,,
2013-0197-UGA,2013,197,FL-2013-000055,Natural,Hydrological,Flood,Riverine flood,,,Uganda,UGA,Eastern Africa,Africa,Kasese province,Torrential rains,,,,,,,,Km2,,,,"Nyamwamba, Mubuku, Rwimi, Nyamugansi",2013,5.0,1.0,2013,5.0,5.0,13.0,,25445.0,,25445.0,,,,,3100.0,3894.0,"79,6013094233451",1,3121,,Kasese (Adm1). 
2013-0139-UGA,2013,139,EP-2013-000058,Natural,Biological,Epidemic,Bacterial disease,,Cholera,Uganda,UGA,Eastern Africa,Africa,"Hoima, Nebbi, Buliisa districts ",,,,,No,No,,,Vaccinated,,,,,2013,1.0,16.0,2013,4.0,18.0,7.0,362.0,217350.0,,217712.0,,,,,,,"79,6013094233451",,,,
2013-0458-UGA,2013,458,EP-2013-000096,Natural,Biological,Epidemic,Viral disease,,Measles,Uganda,UGA,Eastern Africa,Africa,"Isingiro, Kamwenge, Kyenjojo, Mubende districts",,,,,No,No,,,Vaccinated,,,,,2013,1.0,,2013,10.0,,2.0,,129.0,,129.0,,,,,,,"79,6013094233451",,,,
2013-0571-UGA,2013,571,EP-2014-000011,Natural,Biological,Epidemic,Viral disease,,Hepatitis E Virus,Uganda,UGA,Eastern Africa,Africa,Napak district,,,,,No,No,,,Vaccinated,,,,,2013,10.0,,2013,12.0,,19.0,656.0,,,656.0,,,,,,,"79,6013094233451",,,,
2014-0008-MAR,2014,8,,Natural,Meteorological,Storm,Convective storm,,,Morocco,MAR,Northern Africa,Africa,"Casablanca district (Grand Casablanca province), Rabat district (Rabat-Salé-Zemmour province)",,,,,,,,,Kph,,,,,2014,1.0,7.0,2014,1.0,7.0,,,,,,,,,,,,"80,8926237222027",2,,21812;147343,"Casablanca, Rabat (Adm2). "
2014-0016-REU,2014,16,,Natural,Meteorological,Storm,Tropical cyclone,,Cyclone Beisja,Réunion,REU,Eastern Africa,Africa,"Arrondissement du vent, Arrondissement sous le vent provinces",,,,,,,,151.0,Kph,,,,,2014,1.0,2.0,2014,1.0,2.0,1.0,15.0,250.0,,265.0,,,49000.0,60574.0,85000.0,105078.0,"80,8926237222027",1,2590;2591,,"Arrondissement du vent, Arrondissement souse le vent (Adm1). "
2011-0638-ZAF,2011,638,,Natural,Meteorological,Storm,Convective storm,Severe storm,,South Africa,ZAF,Southern Africa,Africa,KwaZulu-Natal province,,Flood,,,,,,,Kph,,,,,2011,12.0,31.0,2011,12.0,31.0,5.0,50.0,,3500.0,3550.0,,,,,10000.0,13010.0,"76,8615953778198",1,77311,,KwaZulu-Natal (Adm1). 
2011-0409-ZAF,2011,409,,Natural,Meteorological,Storm,Convective storm,Lightning/Thunderstorms,,South Africa,ZAF,Southern Africa,Africa,"Meqheleng area (Ficksburg town, Thabo Mofutsanyane district, Free State province), Duduza town (Ekurhuleni district, Gauteng province)",,,,,,,,,Kph,,,,,2011,10.0,2.0,2011,10.0,3.0,1.0,167.0,2606.0,,2773.0,,,,,,,"76,8615953778198",2,,77326;77362,"Ekurhuleni Metropolitan Municipality, Thabo Mofutsanyane District Municipality (Adm2). "
2011-0516-COD,2011,516,,Natural,Hydrological,Flood,Riverine flood,,,Congo (the Democratic Republic of the),COD,Middle Africa,Africa,Sud-Kivu province,Heavy rains,,,,,,,,Km2,,,,,2011,12.0,,2011,12.0,,,,,2000.0,2000.0,,,,,,,"76,8615953778198",1,1076,,Sud-Kivu (Adm1). 
2011-0517-COD,2011,517,,Natural,Hydrological,Flood,Riverine flood,,,Congo (the Democratic Republic of the),COD,Middle Africa,Africa,Bas-Congo province,,,,,,,,,Km2,,,,,2011,12.0,,2011,12.0,,,,6000.0,,6000.0,,,,,,,"76,8615953778198",1,1067,,Bas-Congo (Adm1). 
2012-0006-ZAF,2012,6,TC-2012-000008,Natural,Meteorological,Storm,Tropical cyclone,,Tropical Storm Dando,South Africa,ZAF,Southern Africa,Africa,"Limpopo, Mpumalanga provinces",,Flood,,,,,,,Kph,,,,,2012,1.0,,2012,1.0,,,,1350.0,,1350.0,,,,,,,"78,4521138829003",1,77312;77313,,"Limpopo, Mpumalanga (Adm1). "
2012-0469-ZAF,2012,469,,Natural,Hydrological,Flood,Riverine flood,,,South Africa,ZAF,Southern Africa,Africa,"Bathurst, Port Alfred, Kenton-on-Sea towns (Ndlambe area, Cacadu district, Eastern Cape province), Grahamstown town (Makana area, Cacadu district, Eastern Cape province)",Heavy rains,,,,,,,14489.0,Km2,-32.93,26.56,,,2012,10.0,24.0,2012,10.0,29.0,13.0,,125000.0,,125000.0,,,,,200000.0,254933.0,"78,4521138829003",2,,77319,Cacadu District Municipality (Adm2). 
2012-0046-COD,2012,46,,Natural,Hydrological,Flood,Riverine flood,,,Congo (the Democratic Republic of the),COD,Middle Africa,Africa,"Kabalo area (Tanganyka district, Katanga province)",Heavy rains,,,,,,,,Km2,,,,,2012,1.0,15.0,2012,1.0,22.0,1.0,,3525.0,1010.0,4535.0,,,,,,,"78,4521138829003",2,,14986,Tanganyka (Adm2). 
2012-0081-COD,2012,81,,Natural,Biological,Epidemic,Bacterial disease,,Cholera,Congo (the Democratic Republic of the),COD,Middle Africa,Africa,"Logo, Angumu, Mahagi, Nyarambe (Bunia, Orientale province)",,,,,No,No,,,Vaccinated,,,,,2012,3.0,,2012,4.0,,40.0,,600.0,,600.0,,,,,,,"78,4521138829003",,,,
2012-0357-COD,2012,357,,Natural,Biological,Epidemic,Bacterial disease,,Cholera,Congo (the Democratic Republic of the),COD,Middle Africa,Africa,"Orientale, North Kivu, South Kivu, Katanga, Equateur, Bas-Congo, Bandundu, Kinshasa",,,,,No,No,,,Vaccinated,,,,,2012,1.0,1.0,2012,8.0,26.0,512.0,,22792.0,,22792.0,,,,,,,"78,4521138829003",,,,
2012-0217-COD,2012,217,,Natural,Biological,Epidemic,Viral disease,,Measles,Congo (the Democratic Republic of the),COD,Middle Africa,Africa,"Kadima, Kamubangwa, Mulimi, Kahongo, Kitule, Lukundula, Pongo (Kabalo, Katanga)",,,,,No,No,,,Vaccinated,,,,,2012,7.0,,2012,7.0,,20.0,,201.0,,201.0,,,,,,,"78,4521138829003",,,,
2012-0324-COD,2012,324,EP-2012-000143,Natural,Biological,Epidemic,Viral disease,,Ebola,Congo (the Democratic Republic of the),COD,Middle Africa,Africa,Haut-Uélé district (Province Orientale),,,,,No,No,,,Vaccinated,,,,,2012,8.0,17.0,2012,10.0,19.0,36.0,33.0,,,33.0,,,,,,,"78,4521138829003",,,,
2012-0360-ZMB,2012,360,,Natural,Biological,Epidemic,Bacterial disease,,Cholera,Zambia,ZMB,Eastern Africa,Africa,Mpulungu district (Northern Province),,,,,No,No,,,Vaccinated,,,,,2012,8.0,3.0,2012,8.0,27.0,2.0,,153.0,,153.0,,,,,,,"78,4521138829003",,,,
2012-0473-SSD,2012,473,,Natural,Hydrological,Flood,Riverine flood,,,South Sudan,SSD,Northern Africa,Africa,"Jonglei, El Buheyrat, Northern Bahr El Ghazal, Unity, Upper Nile provinces",Heavy rains,,,,,,,138743.0,Km2,9.56,29.58,,,2012,9.0,7.0,2012,10.0,3.0,15.0,,3000.0,,3000.0,,,,,,,"78,4521138829003",1,2746;2747;2751;2754;37021,,"El Buheyrat, Jonglei, Northern Bahr El Ghazal, Unity, Upper Nile (Adm1). "
2012-0476-SSD,2012,476,,Natural,Hydrological,Flood,Riverine flood,,,South Sudan,SSD,Northern Africa,Africa,Bor district (Jonglei province),Heavy rains,,,,,,,456058.0,Km2,9.69,30.21,,,2012,8.0,1.0,2012,8.0,29.0,32.0,,154000.0,,154000.0,,,,,,,"78,4521138829003",2,,37053,Bor (Adm2). 
2013-0217-ZAF,2013,217,,Natural,Meteorological,Storm,Convective storm,,,South Africa,ZAF,Southern Africa,Africa,"Bishop Lavis, Hout Bay, Gugulethu, Strand, Khayelitsha boroughs (City of Cape Town district, Western Cape province)",,Flood,Hail,,,,,,Kph,,,,,2013,6.0,1.0,2013,6.0,1.0,3.0,,2870.0,,2870.0,,,,,,,"79,6013094233451",2,,77317,City of Cape Town Metropolitan Municipality (Adm2). 
2013-0025-ZWE,2013,25,FL-2013-000011,Natural,Hydrological,Flood,Riverine flood,,,Zimbabwe,ZWE,Eastern Africa,Africa,"Matabeleland South, Matabeleland North, Midlands, Masvingo, Mashonaland Central, Manicaland provinces",,Rain,,,,,,,Km2,,,,"Limpopo, Bubi rivers",2013,1.0,,2013,1.0,,125.0,,9700.0,,9700.0,,,,,,,"79,6013094233451",1,3437;3438;3441;3443;3444;69549,,"Manicaland, Mashonaland Central, Masvingo, Matabeleland North, Matabeleland South, Midlands (Adm1). "
2013-0377-ZMB,2013,377,FL-2013-000023,Natural,Hydrological,Flood,Riverine flood,,,Zambia,ZMB,Eastern Africa,Africa,"Nagoma, Kabulwebulwe towns (Mumbwa district, Central province)",Heavy rains,,,,,,,,Km2,,,,,2013,1.0,,2013,1.0,,,,1800.0,,1800.0,,,,,,,"79,6013094233451",2,,65178,Mumbwa (Adm2). 
2013-0425-SSD,2013,425,,Natural,Hydrological,Flood,Riverine flood,,,South Sudan,SSD,Northern Africa,Africa,"Northern Bahr El Ghazal, Western Bahr El Ghazal, Warab provinces",Heavy rains,,,,,,,172574.0,Km2,,,,Wanalel river,2013,10.0,23.0,2013,10.0,23.0,1.0,,156000.0,,156000.0,,,,,,,"79,6013094233451",1,2754;2765;2766,,"Northern Bahr El Ghazal, Warab, Western Bahr El Ghazal (Adm1). "
2013-0453-SSD,2013,453,,Natural,Hydrological,Flood,Riverine flood,,,South Sudan,SSD,Northern Africa,Africa,"Northern Bahr El Ghazal, Warab, Upper Nile, Western Bahr El Ghazal provinces",Heavy rains,,,,,,,,Km2,,,,,2013,8.0,,2013,9.0,,98.0,,425000.0,,425000.0,,,,,,,"79,6013094233451",1,2754;2765;2766;37021,,"Northern Bahr El Ghazal, Upper Nile, Warab, Western Bahr El Ghazal (Adm1). "
2013-0399-SSD,2013,399,EP-2013-000137,Natural,Biological,Epidemic,Viral disease,,Poliovirus (WPV1),South Sudan,SSD,Northern Africa,Africa,,,,,,No,No,,,Vaccinated,,,,,2013,10.0,14.0,2013,10.0,,,,3.0,,3.0,,,,,,,"79,6013094233451",,,,
2014-0063-BDI,2014,63,FL-2014-000019,Natural,Hydrological,Flood,Flash flood,,,Burundi,BDI,Eastern Africa,Africa,"Kinyinya, Kijaga villages (Mutumbuzi district, Bujumbura Rural province), Kamenge, Kinama, Buterere, Ngagara, Kanyosha districts (Bujumbura Mairie province)",Heavy rains,"Slide (land, mud, snow, rock)",,Yes,,,,3237.0,Km2,-4.14041,29.65,,Gikoma Nyabagere river,2014,2.0,19.0,2014,3.0,10.0,96.0,182.0,,12500.0,12682.0,,,,,2000.0,2472.0,"80,8926237222027",2,,40565;40570;40571;40572;40575;40589,"Buterere, Kamenge, Kanyosha, Kinama, Mutimbuzi, Ngagara (Adm2). "
2014-0237-CIV,2014,237,,Natural,Hydrological,Flood,Riverine flood,,,Côte dIvoire,CIV,Western Africa,Africa,Abidjan district (District autonome de Abidjan province),Heavy rains,"Slide (land, mud, snow, rock)",,,,Yes,,,Km2,,,,,2014,6.0,19.0,2014,7.0,11.0,23.0,,,,,,,,,,,"80,8926237222027",2,,14911,Abidjan (Adm2). 
2014-0536-CIV,2014,536,,Natural,Hydrological,Flood,Riverine flood,,,Côte dIvoire,CIV,Western Africa,Africa,Abidjan district (District autonome de Abidjan province),,"Slide (land, mud, snow, rock)",,,,,,,Km2,,,,,2014,6.0,2.0,2014,6.0,7.0,23.0,,,,,,,,,,,"80,8926237222027",2,,14911,Abidjan (Adm2). 
2014-0258-COM,2014,258,,Natural,Geophysical,Earthquake,Ground movement,,,Comoros (the),COM,Eastern Africa,Africa,Anjouan province,,"Slide (land, mud, snow, rock)",,Yes,,,,5.0,Richter,-12.228,44.3,,,2014,3.0,12.0,2014,3.0,12.0,,,10000.0,,10000.0,,,,,,,"80,8926237222027",1,967,,Anjouan (Adm1). 
2014-0092-COM,2014,92,EC-2014-000046,Natural,Meteorological,Storm,Tropical cyclone,,Cyclone Helen,Comoros (the),COM,Eastern Africa,Africa,"Ngazidja, Moheli, Anjouan provinces",,Flood,,,,Yes,,100.0,Kph,,,,,2014,3.0,27.0,2014,3.0,29.0,,,9511.0,,9511.0,,,,,,,"80,8926237222027",2,,14420;14421;14422,Administrative unit not available (Adm2). 
2014-9196-BFA,2014,9196,,Natural,Climatological,Drought,Drought,,,Burkina Faso,BFA,Western Africa,Africa,Sahel province,,Food shortage,,,,,,,Km2,,,,,2014,5.0,,2014,,,,,4000000.0,,4000000.0,,,,,,,"80,8926237222027",1,40287,,Sahel (Adm1). 
2014-0028-COD,2014,28,,Natural,Hydrological,Landslide,Landslide,,,Congo (the Democratic Republic of the),COD,Middle Africa,Africa,Bukavu district (Sud-Kivu province),Heavy rains,,,,,,,,,,,,,2014,1.0,18.0,2014,1.0,19.0,11.0,,,,,,,,,,,"80,8926237222027",2,,74354,Bukavu (Adm2). 
2014-0400-CMR,2014,400,FL-2014-000121,Natural,Hydrological,Flood,Riverine flood,,,Cameroon,CMR,Middle Africa,Africa,"Sabongari, Oura-Kar, Bandoro Botare, Baksa villages (Bibemi area, Bénoue district, Nord province)",Haevy rainfall,,,,,,,,Km2,,,,,2014,8.0,21.0,2014,8.0,21.0,,,250000.0,,250000.0,,,,,,,"80,8926237222027",2,,12498,B??noue (Adm2). 
2014-0371-CMR,2014,371,EP-2014-000100,Natural,Biological,Epidemic,Bacterial disease,,Cholera,Cameroon,CMR,Middle Africa,Africa,"Bourha, Goufley, Mogode, Mokolo, Hina, Roua, Kosa, Kousseri, Maroua riral, Mindif",,,,,No,No,,,Vaccinated,,,,,2014,4.0,24.0,2014,8.0,12.0,77.0,,1680.0,,1680.0,,,,,,,"80,8926237222027",,,,
2014-0401-CMR,2014,401,,Natural,Biological,Epidemic,Bacterial disease,,Cholera,Cameroon,CMR,Middle Africa,Africa,"Guider, Mayo-Oulo, Figuil, Pitoa, Bibémi, Touboro, Garou I, Gaoua II, Gashiga, Golombé, Rey Bouba, Tcholiré",,,,,No,No,,,Vaccinated,,,,,2014,8.0,18.0,2014,8.0,28.0,34.0,,376.0,,376.0,,,,,,,"80,8926237222027",,,,
2014-0478-CPV,2014,478,VO-2014-000158,Natural,Geophysical,Volcanic activity,Lava flow,,Pico do Fogo,Cabo Verde,CPV,Western Africa,Africa,"Bangaeira, Djeu Lorna, Portela, Cha das Caldeiras villages (Sao Filipe district, Fogo province)",,,,Yes,,,,,,,,10:00,,2014,11.0,23.0,2015,1.0,31.0,,,2500.0,,2500.0,,,,,,,"80,8926237222027",2,,12816,Sao Filipe (Adm2). 
2014-0298-DZA,2014,298,,Natural,Geophysical,Earthquake,Ground movement,,,Algeria,DZA,Northern Africa,Africa,"Alger, Boumerdes provinces",,,,,,,,6.0,Richter,36.8561,3.181,05:11,,2014,8.0,1.0,2014,8.0,1.0,6.0,420.0,,,420.0,,,,,,,"80,8926237222027",1,344;353,,"Alger, Boumerdes (Adm1). "
2014-0282-GHA,2014,282,EP-2014-000116,Natural,Biological,Epidemic,Bacterial disease,,Cholera,Ghana,GHA,Western Africa,Africa,"Accra Metro Total, Ada East, Ada West, Adentan, Ashaiman, Ga Central, Ga East, Ga South, Ga West, Knope Katamango, La Dadekotopon, La Nkwatanang, Ledzokuku-Krowor, Ningo Prampram, Shai Osudoku, Tema municipalities (Greater Accra); Nsawam Adoagyiri, Kwahu West, New Juaben, Akwapim North, West Akim, Fanteakwa, Lower Manya Krobo (Eastern region); Adsanti South, Kumasi metro, Asante Akim Central districts (Ashnati region); Sekondi Takoradi metropolis (Western region)",,,,,No,No,,,Vaccinated,,,,,2014,6.0,,2015,6.0,,249.0,29611.0,26858.0,,56469.0,,,,,,,"80,8926237222027",,,,
2014-0090-GIN,2014,90,EP-2014-000039,Natural,Biological,Epidemic,Viral disease,,Ebola,Guinea,GIN,Western Africa,Africa,"Conakry, Gueckedou, Macenta, Dabola, Kissidougou, Dinguiraye, Telimele, Boffa, Kouroussa",,,,Yes,,Yes,,,Vaccinated,,,,,2014,2.0,,2015,12.0,29.0,2544.0,3814.0,,,3814.0,,,,,,,"80,8926237222027",,,,
2014-0090-GMB,2014,90,EP-2014-000039,Natural,Biological,Epidemic,Viral disease,,Ebola,Gambia (the),GMB,Western Africa,Africa,"Banjul Municipality, Central River, Kanifing Municipality, Lower River, North Bnak, Upper River, West Coast",,,,,No,No,,,Vaccinated,,,,,2014,2.0,,2014,12.0,22.0,,,,,,,,,,,,"80,8926237222027",,,,
2015-0605-EGY,2015,605,,Natural,Meteorological,Storm,Convective storm,Lightning/Thunderstorms,,Egypt,EGY,Northern Africa,Africa,Alexandria province,,Hail,Flood,,,,,,Kph,,,,,2015,10.0,24.0,2015,10.0,25.0,6.0,,,,,,,,,100000.0,123474.0,"80,9885789905908",1,61510,,Alexandria (Adm1). 
2015-0090-AGO,2015,90,,Natural,Hydrological,Flood,,,,Angola,AGO,Middle Africa,Africa,Luanda province,Torrential rain,"Slide (land, mud, snow, rock)",,,,,,102553.0,Km2,-8.81664,13.68,,,2015,3.0,9.0,2015,3.0,23.0,1.0,,2000.0,,2000.0,,,,,,,"80,9885789905908",1,408,,Luanda (Adm1). 
2015-0231-CIV,2015,231,,Natural,Hydrological,Flood,Riverine flood,,,Côte dIvoire,CIV,Western Africa,Africa,"Attecoube, Adjame areas (Abidjan district, District autonome de Abidjan province)",Heavy rains,"Slide (land, mud, snow, rock)",,,,,,,Km2,,,,,2015,6.0,7.0,2015,6.0,21.0,16.0,,,,,,,,,,,"80,9885789905908",2,,14911,Abidjan (Adm2). 
2015-0346-BFA,2015,346,,Natural,Hydrological,Flood,Riverine flood,,,Burkina Faso,BFA,Western Africa,Africa,"Ouagadougou, Kilwin areas (Kadiogo district, Centre province), Bobo-Dioulasso city (Houet district, Hauts-bassins province), Kenedougou, Tuy districts (Hauts-bassins province), Cascades province",Heavy rains,Storm,,,,,,,Km2,,,,,2015,8.0,4.0,2015,8.0,7.0,8.0,54.0,28871.0,,28925.0,,,,,31000.0,38277.0,"80,9885789905908",1;2,40277,154450;154469;154470;154471,"Cascades (Adm1). Houet, Kadiogo, Kenedougou, Tuy (Adm2). "
2015-0352-CAF,2015,352,,Natural,Meteorological,Storm,Convective storm,Severe storm,,Central African Republic,CAF,Middle Africa,Africa,Berbérati district (Mambéré-Kadéï province),,Flood,,,,,,,Kph,,,,,2015,4.0,24.0,2015,4.0,24.0,1.0,7.0,1109.0,,1116.0,,,,,,,"80,9885789905908",2,,12859,Berbérati (Adm2). 
2015-0606-EGY,2015,606,,Natural,Meteorological,Storm,Convective storm,Lightning/Thunderstorms,,Egypt,EGY,Northern Africa,Africa,"Behera, Kafr El-Shikh, North Sinai, Matrouh, Menoufia, Alexandria provinces",,Flood,,,,,,,Kph,,,,,2015,11.0,3.0,2015,11.0,4.0,25.0,35.0,100.0,,135.0,,,,,,,"80,9885789905908",1,61510;61513;61522;61525;61527;61529,,"Alexandria, Behera, Kafr El-Shikh, Matrouh, Menoufia, North Sinai (Adm1). "
2015-9575-GMB,2015,9575,OT-2015-000021,Natural,Climatological,Drought,Drought,,,Gambia (the),GMB,Western Africa,Africa,"NO DATA: all country selected: Central River, North Bank (mainly?), Kanifing Municipal Council, Lower River, Upper River, West Coast provinces",,Food shortage,,,,,,,Km2,,,,,2015,1.0,,2015,12.0,,,,63100.0,,63100.0,,,,,,,"80,9885789905908",1,1285;1287;1288;1289;1290;112869,,"Central River, Kanifing Municipal Council, Lower River, North Bank, Upper River, West Coast (Adm1). "
2015-9545-ETH,2015,9545,DR-2015-000109,Natural,Climatological,Drought,Drought,,,Ethiopia,ETH,Eastern Africa,Africa,"Somali, Afar, Oromia, Amhara, Nations du Sud provinces",El Nino,Famine,,,,,,,Km2,,,,,2015,9.0,,2017,4.0,,,,10200000.0,,10200000.0,,,,,1400000.0,1728639.0,"80,9885789905908",1,1228;47679,,"Afar, Somali (Adm1). "
2015-0075-AGO,2015,75,,Natural,Hydrological,Flood,Flash flood,,,Angola,AGO,Middle Africa,Africa,"Bengo, Cabinda, Cuanza Sul, Kuanza Norte, Luanda, Lunda Norte, Lunda Sul, Malanje, Uige, Zaire provinces",,,,,,,,,Km2,,,,,2015,2.0,13.0,2015,2.0,14.0,5.0,,,2000.0,2000.0,,,,,,,"80,9885789905908",1,398;401;403;407;408;409;410;411;414;415,,"Bengo, Cabinda, Cuanza Sul, Kuanza Norte, Luanda, Lunda Norte, Lunda Sul, Malanje, Uige, Zaire (Adm1). "
2015-0091-AGO,2015,91,,Natural,Hydrological,Flood,Flash flood,,,Angola,AGO,Middle Africa,Africa,"Belas city (Viana district, Luanda province), Cacuaco district (Luanda province), Lobito district (Benguela province)",Torrential rain,,,,,,,12133.0,Km2,-12.1145,13.88,,,2015,3.0,9.0,2015,3.0,23.0,69.0,,1000.0,,1000.0,,,,,,,"80,9885789905908",2,,4222;4298;4300,"Cacuaco, Lobito, Viana (Adm2). "
2015-0579-AGO,2015,579,EP-2015-000179,Natural,Biological,Epidemic,Viral disease,,Yellow fever,Angola,AGO,Middle Africa,Africa,"Cabinda, Cuanza Sul, Huambo, Huila, Uige, Bengo, Benguela, Bie, Cuando Cubango, Luanda Norte, Cunene, Luanda, Lunda Norte, Lunda Sul, Malanje, Moxico, Namibe, Zaire provinces",,,,,,,,13025874.0,Vaccinated,,,,,2015,12.0,5.0,2016,10.0,20.0,384.0,4599.0,,,4599.0,,,,,,,"80,9885789905908",1,398;399;400;401;402;403;404;405;406;408;409;410;411;412;413;414;415,,"Bengo, Benguela, Bie, Cabinda, Cuando Cubango, Cuanza Sul, Cunene, Huambo, Huila, Luanda, Lunda Norte, Lunda Sul, Malanje, Moxico, Namibe, Uige, Zaire (Adm1). "
2015-0109-BDI,2015,109,LS-2015-000031,Natural,Hydrological,Landslide,Landslide,,,Burundi,BDI,Eastern Africa,Africa,"Rutunga river (Muhuta district, Bujumbura rural province)",Heavy rains,,,,,,,,,,,,,2015,3.0,29.0,2015,3.0,29.0,11.0,,,2870.0,2870.0,,,,,,,"80,9885789905908",2,,40586,Muhuta (Adm2). 
2015-0578-BDI,2015,578,,Natural,Hydrological,Flood,,,,Burundi,BDI,Eastern Africa,Africa,Mutimbuzi district (Bujumbura Rural province),El Nino,,,,,,,,Km2,,,,Rusizi river,2015,11.0,,2016,2.0,1.0,52.0,,4179.0,,4179.0,,,,,13000.0,16052.0,"80,9885789905908",2,,40589,Mutimbuzi (Adm2). 
2015-9307-BWA,2015,9307,,Natural,Climatological,Drought,Drought,,,Botswana,BWA,Southern Africa,Africa,All country,"Lack of rain, heat wave",,,,,Yes,,,Km2,,,,,2015,7.0,,2015,12.0,,,,,,,,,,,44000.0,54329.0,"80,9885789905908",1,654;655;656;657;658;659;660;661;662;663,,"Central, Chobe, Ghanzi, Kgalagadi, Kgatleng, Kweneng, Ngamiland, North East, South-East, Southern (Adm1). "
2015-0509-CMR,2015,509,EP-2015-000156,Natural,Biological,Epidemic,Viral disease,,Measles,Cameroon,CMR,Middle Africa,Africa,Mokolo district (Mayo-Tsanaga Division),,,,,,,,,Vaccinated,,,,,2015,1.0,1.0,2015,11.0,,,858.0,,,858.0,,,,,,,"80,9885789905908",2,,12486,Mayo-Tsanaga (Adm2). 
2015-0287-CMR,2015,287,FL-2015-000076,Natural,Hydrological,Flood,,,,Cameroon,CMR,Middle Africa,Africa,"Douala V area (Douala city, Wouril district, Littoral province)",,,,,,,,4726.0,Km2,3.94741,9.88,,,2015,6.0,22.0,2015,6.0,29.0,4.0,,30000.0,,30000.0,,,,,,,"80,9885789905908",2,,12490,Wouril (Adm2). 
2015-0473-CPV,2015,473,,Natural,Meteorological,Storm,Tropical cyclone,,Hurricane 'Fred',Cabo Verde,CPV,Western Africa,Africa,"Boa Vista, Brava, Cima, Fogo, Ilheu Branco, Ilheu Raso, Maio, Rombo, Sal, Santa Luzia, Santiago, Santo Antao, Sao Nicolau, Sao Vicente provinces",,,,,,,,140.0,Kph,,,,,2015,8.0,31.0,2015,8.0,31.0,9.0,,,,,,,,,1100.0,1358.0,"80,9885789905908",1,838;839;840;841;842;843;844;845;846;847;848;849;850;851,,"Boa Vista, Brava, Cima, Fogo, Ilheu Branco, Ilheu Raso, Maio, Rombo, Sal, Santa Luzia, Santiago, Santo Antao, Sao Nicolau, Sao Vicente (Adm1). "
2015-0437-DZA,2015,437,,Natural,Hydrological,Flood,Flash flood,,,Algeria,DZA,Northern Africa,Africa,"Adherdhi, Amsel villages (Tamanrasset district, Tamanrasset province)",Torrential rains,,,,,,,,Km2,,,,Oued Amsel,2015,9.0,16.0,2015,9.0,17.0,12.0,,,,,,,,,,,"80,9885789905908",2,,38927,Tamanrasset (Adm2). 
2015-0482-DZA,2015,482,FL-2015-000146,Natural,Hydrological,Flood,,,,Algeria,DZA,Northern Africa,Africa,Tindouf province,Heavy rains,,,,,,,,Km2,28.334,-6.955,,,2015,10.0,16.0,2015,10.0,28.0,,,35000.0,,35000.0,,,,,,,"80,9885789905908",1,383,,Tindouf (Adm1). 
2015-0342-EGY,2015,342,,Natural,Meteorological,Extreme temperature ,Heat wave,,,Egypt,EGY,Northern Africa,Africa,"Cairo, Qena provinces ; Marsa Matruh district (Matrouh province)",,,,,,,,47.0,°C,,,,,2015,8.0,9.0,2015,8.0,9.0,110.0,66.0,,,66.0,,,,,,,"80,9885789905908",1;2,61515;61531,65838,"Cairo, Qena (Adm1). Marsa Matruh (Adm2). "
2015-0548-ETH,2015,548,,Natural,Hydrological,Flood,,,,Ethiopia,ETH,Eastern Africa,Africa,Shabelle district (Somali province),,,,,,,,,Km2,,,,"Wabishabelle, Genale/Dawa, and Omo River",2015,11.0,,2015,11.0,,,,210600.0,,210600.0,,,,,,,"80,9885789905908",2,,40844,Shabelle (Adm2). 
2015-0580-GHA,2015,580,EP-2016-000015,Natural,Biological,Epidemic,Viral disease,,Meningitis,Ghana,GHA,Western Africa,Africa,,,,,,,,,,Vaccinated,,,,,2015,12.0,,2016,2.0,10.0,85.0,465.0,,,465.0,,,,,,,"80,9885789905908",,,,
2015-0217-GHA,2015,217,FL-2015-000065,Natural,Hydrological,Flood,,,,Ghana,GHA,Western Africa,Africa,"Accra Metropolis, Ledzokuku / Krowor, La Nkwantanang Madina, La Dade Kotopon, Shai Osu Doku, Kpone Katamanso, Ningo Prampram, Ada West, Ada East districts (Greater Accra province)",Torrential rain,,,,,,,266950.0,Km2,7.38005,-0.55,,,2015,6.0,2.0,2015,6.0,15.0,25.0,,,5000.0,5000.0,,,,,12000.0,14817.0,"80,9885789905908",2,,190540;190631;190632;190633;190634;190635;190653;190655;190724,"Accra Metropolis, Ada East, Ada West, Kpone Katamanso, La Dade Kotopon, La Nkwantanang Madina, Ledzokuku / Krowor, Ningo Prampram, Shai Osu Doku (Adm2). "
2015-0428-GIN,2015,428,,Natural,Hydrological,Landslide,Landslide,,,Guinea,GIN,Western Africa,Africa,"Kolon Kola area (Boffa district, Boke province)",Heavy rains,,,,,,,,,,,,,2015,9.0,6.0,2015,9.0,7.0,7.0,12.0,480.0,,492.0,,,,,,,"80,9885789905908",2,,40708,Boffa (Adm2). 
2015-0480-GIN,2015,480,FL-2015-000105,Natural,Hydrological,Flood,,,,Guinea,GIN,Western Africa,Africa,"Coyah, Macenta districts (Nzerekore province), Siguiri district (Kankan province), Telemele, Forecariah, Beyla districts (Kindia province), Conakry province",Heavy rains,,,,,,,,Km2,,,,,2015,7.0,24.0,2015,8.0,3.0,9.0,29.0,29599.0,,29628.0,,,,,,,"80,9885789905908",1;2,40701,40725;40726;40728;40731;40740;40743,"Conakry (Adm1). Beyla, Coyah, Forecariah, Macenta, Siguiri, Telemele (Adm2). "
2016-0101-ETH,2016,101,FL-2016-000045,Natural,Hydrological,Flood,Flash flood,,,Ethiopia,ETH,Eastern Africa,Africa,"Jijiga city (Fafan district, Somali province), Wolayita district (SNNPR province), Afar, Amhara, Tigray, Oromia provinces","Torrential rains, El Nino","Slide (land, mud, snow, rock)",,,,,,2440002.0,Km2,9.268,41.691,,Fafen river,2016,4.0,2.0,2016,4.0,7.0,28.0,80.0,2000.0,1000.0,3080.0,,,,,,,"82,010330903136",1;2,1228;1229;1237;47678,40845;47706,"Afar, Amhara, Oromia, Tigray (Adm1). Fafan, Wolayita (Adm2). "
2016-0186-ETH,2016,186,,Natural,Hydrological,Flood,Flash flood,,,Ethiopia,ETH,Eastern Africa,Africa,"Wolayita district (SNNPR province), Bale district (Oromia province)",Torrential rains,"Slide (land, mud, snow, rock)",,,,,,,Km2,,,,Shabelle river,2016,5.0,9.0,2016,5.0,20.0,100.0,,490000.0,,490000.0,,,,,,,"82,010330903136",2,,47706;149288,"Bale, Wolayita (Adm2). "
2016-0056-AGO,2016,56,,Natural,Hydrological,Flood,Flash flood,,,Angola,AGO,Middle Africa,Africa,"Lubango city (Lubango district, Huila province)",,,,,,,,,Km2,,,,"Capitao, Caculuvar rivers",2016,2.0,29.0,2016,3.0,1.0,54.0,,,,,,,,,,,"82,010330903136",2,,4284,Lubango (Adm2). 
2016-0088-AGO,2016,88,,Natural,Hydrological,Flood,Flash flood,,,Angola,AGO,Middle Africa,Africa,"Sumbe district (Cuanza Sul province), Cacolo, Dala, Saurimo districts (Lunda Sul province)",Extreme rainfall,,,,,,,,Km2,,,,,2016,3.0,3.0,2016,3.0,6.0,6.0,,,2755.0,2755.0,,,,,,,"82,010330903136",2,,4255;4310;4311;4313,"Cacolo, Dala, Saurimo, Sumbe (Adm2). "
2016-0131-AGO,2016,131,,Natural,Hydrological,Flood,Flash flood,,,Angola,AGO,Middle Africa,Africa,"Viana, Cacuaco, Belas (Viana), Cazenga and urban districts of Ingombota, Kilamba Kiaxi, Rangel, Maianga (Luanda), Ceramina, Mateba, Paraiso, Augusto Ngangula municiplalities",Torrential rains,,,,,,,59746.0,Km2,-8.321,13.978,,,2016,4.0,16.0,2016,4.0,22.0,23.0,,3200.0,2400.0,5600.0,,,,,,,"82,010330903136",2,,4298;4299;4300,"Cacuaco, Luanda, Viana (Adm2). "
2016-0247-AGO,2016,247,,Natural,Hydrological,Flood,,,,Angola,AGO,Middle Africa,Africa,"Cuanza Sul, Lunda Sul provinces",Heavy rains,,,,,,,277015.0,Km2,-11.594,16.056,,,2016,3.0,1.0,2016,3.0,10.0,30.0,,1544.0,,1544.0,,,,,,,"82,010330903136",1,403;410,,"Cuanza Sul, Lunda Sul (Adm1). "
2016-0287-BFA,2016,287,,Natural,Hydrological,Flood,Riverine flood,,,Burkina Faso,BFA,Western Africa,Africa,"Arr.3 (Zogo, Watinoma, sector 12 and 13), Arr. 4, Arr. 7 (Sondogo), Arr.8 (Bissighin), Arr. 10, Tanghlin Dassouri Arr. (Ouagadougou city, Kadiogo district, Centre province), Boucle du Mouhoun, Cascades, Centre-nord, Centre-ouest, Est, Hauts-bassins, Nord, Sahel provinces",Heavy rains,,,,,,,,Km2,,,,,2016,6.0,21.0,2016,7.0,16.0,15.0,35.0,27826.0,7032.0,34893.0,,,,,,,"82,010330903136",1,40276;40277;40278;40280;40281;40283;40284;40285;40287,,"Boucle Du Mouhoun, Cascades, Centre, Centre-nord, Centre-ouest, Est, Hauts-bassins, Nord, Sahel (Adm1). "
2016-0300-CAF,2016,300,EP-2016-000082,Natural,Biological,Epidemic,Bacterial disease,,Cholera,Central African Republic,CAF,Middle Africa,Africa,"Mourou-Fleuve village (NDjoukou district, Kemo province); Zawara, Danga, Massamba (Damara district); Bangui ",,,,,,Yes,,,Vaccinated,,,,,2016,7.0,5.0,2016,9.0,20.0,21.0,266.0,,,266.0,,,,,,,"82,010330903136",2,,12880;67155,"Bangui, Damara (Adm2). "
2016-0212-GHA,2016,212,,Natural,Hydrological,Flood,,,,Ghana,GHA,Western Africa,Africa,"Kwame Nkrumah Circle, Airport Residential area, Dzorwulu, Tse Addo (Accra Metropolis district, Greater Accra province), Tema Metropolis district (Greater Accra province)",Torrential rain,,,,,,,47506.0,Km2,6.414,-1.165,,Odaw,2016,6.0,10.0,2016,6.0,14.0,10.0,,,,,,,,,,,"82,010330903136",2,,190655;190722,"Accra Metropolis, Tema Metropolis (Adm2). "
2014-9231-SOM,2014,9231,,Natural,Climatological,Drought,Drought,,,Somalia,SOM,Eastern Africa,Africa,"Mogasdischio city (Banadir district, Banadir province), Bakool, Gedo, Juba Dhexe, Hiraan, Shabelle Hoose; Puntland, Bari, Karkaar, Sanaag Sool",Short and poorrainy season,Food shortage,Famine,,,,,,Km2,,,,,2014,7.0,,2017,,,,,535624.0,,535624.0,,,,,,,"80,8926237222027",1;2,2689;2694;2695;2697;2698,25672,"Bakool, Gedo, Hiraan, Juba Dhexe, Shabelle Hoose (Adm1). Banadir (Adm2). "
2014-0058-SYC,2014,58,FL-2014-000014,Natural,Hydrological,Flood,Riverine flood,,,Seychelles,SYC,Eastern Africa,Africa,"Baie Ste Anne, Marie Jeanne Estate areas (Praslin province), La Passe area (La Digue province), Belombre province",Heavy rains and strong winds,"Slide (land, mud, snow, rock)",,,,,,,Km2,,,,,2014,1.0,24.0,2014,1.0,24.0,,,4435.0,,4435.0,,,,,,,"80,8926237222027",1,61148;61178;61193,,"Belombre, La Digue, Praslin (Adm1). "
2014-0425-MOZ,2014,425,,Natural,Hydrological,Flood,Riverine flood,,,Mozambique,MOZ,Eastern Africa,Africa,"Nhamatanda, Buzi, Chibabava, Cidade da Beira districts (Sofala province), Sussundenga district (Manica province), Cabo Delgado, Nampula provinces",,Storm,,,,,,,Km2,,,,"Licungo, Zambezi, Lucite, Buzi, Save, Pungue",2014,1.0,,2014,5.0,,17.0,76.0,75910.0,,75986.0,,,,,,,"80,8926237222027",1;2,2112;2118,21879;21922;21926;21933;65263,"Cabo Delgado, Nampula (Adm1). Buzi, Chibabava, Cidade da Beira, Nhamatanda, Sussundenga (Adm2). "
2014-0289-NER,2014,289,,Natural,Hydrological,Flood,Riverine flood,,,Niger (the),NER,Western Africa,Africa,"Niamey, Tillaberi, Dosso, Maradi, Zinder, Tahoua, Agadez provinces",Heavy rains,Epidemic,,,,,,,Km2,,,,,2014,6.0,,2014,10.0,3.0,36.0,,165578.0,,165578.0,,,,,2000.0,2472.0,"80,8926237222027",1,2202;2204;2205;2206;2207;2208;2209,,"Agadez, Dosso, Maradi, Niamey, Tahoua, Tillaberi, Zinder (Adm1). "
2014-0463-MAR,2014,463,FL-2014-000159,Natural,Meteorological,Storm,Convective storm,Severe storm,,Morocco,MAR,Northern Africa,Africa,"Guelmim - Es-Semara, Souss - Massa - Draâ, Tanger-Tétouan provinces",Violents orages et impressionnantes crues d'oueds,Flood,,,,,,,Kph,,,,,2014,11.0,21.0,2014,11.0,24.0,49.0,,117000.0,,117000.0,,,,,300000.0,370862.0,"80,8926237222027",1,147331;147335;147337,,"Guelmim - Es-Semara, Souss - Massa - Draâ, Tanger-Tétouan (Adm1). "
2014-9573-SEN,2014,9573,,Natural,Climatological,Drought,Drought,,,Senegal,SEN,Western Africa,Africa,"Kanel district (Matam province), Podor district (Saint Louis province), Fatick district (Fatick province), Goudomp district (Sedhiou province)",Rainfall deficit,Food shortage,,Yes,,,,,Km2,,,,,2014,9.0,,2015,4.0,,,,639702.0,,639702.0,,,,,,,"80,8926237222027",2,,1394;25325;47593;47598,"Fatick, Goudomp, Kanel, Podor (Adm2). "
2014-9533-MDG,2014,9533,,Natural,Climatological,Drought,Drought,,,Madagascar,MDG,Eastern Africa,Africa,"Androy, Anosy provinces; Atsimo Andrefana, Menabe provinces (South-West regions)",,Famine,,,,,,,Km2,,,,,2014,11.0,,2015,2.0,,,,20000.0,,20000.0,,,,,,,"80,8926237222027",1,41754;41755;41756;41767,,"Androy, Anosy, Atsimo Andrefana, Menabe (Adm1). "
2014-0582-KEN,2014,582,EP-2015-000013,Natural,Biological,Epidemic,Bacterial disease,,Cholera,Kenya,KEN,Eastern Africa,Africa,"Homa Bay, Migori, Bomet, Embu, Kiambu, Kirinyaga, Mombasa, Muranga, Nakuru, Nairobi, Kisii; Mandera county",,,,,,,,,Vaccinated,,,,,2014,12.0,26.0,2016,5.0,,72.0,3459.0,,,3459.0,,,,,,,"80,8926237222027",,,,
2014-9404-KEN,2014,9404,,Natural,Climatological,Drought,Drought,,,Kenya,KEN,Eastern Africa,Africa,"Mandera, Wajir districts (North Eastern province) Turkana, Baringo, Samburu districts (Rift Valley province), Marsabit district (Eastern province) ",,,,,,,,,Km2,,,,,2014,1.0,,2015,5.0,,,,1600000.0,,1600000.0,,,,,,,"80,8926237222027",2,,51352;51363;51364;51377;51389;51392,"Baringo, Mandera, Marsabit, Samburu, Turkana, Wajir (Adm2). "
2014-0090-LBR,2014,90,EP-2014-000039,Natural,Biological,Epidemic,Viral disease,,Ebola,Liberia,LBR,Western Africa,Africa,"Montserrado, Lofa, Margibi, Nimba, Bong, Bomi",,,,Yes,,,,,Vaccinated,,,,,2014,3.0,21.0,2016,1.0,14.0,4810.0,10682.0,,,10682.0,,,,,,,"80,8926237222027",,,,
2014-0438-LSO,2014,438,,Natural,Meteorological,Storm,Convective storm,Severe storm,,Lesotho,LSO,Southern Africa,Africa,"Leribe, Maseru provinces",,,,,,,,,Kph,,,,,2014,10.0,11.0,2014,10.0,11.0,,,,2600.0,2600.0,,,,,,,"80,8926237222027",1,1805;1807,,"Leribe, Maseru (Adm1). "
2014-0490-MAR,2014,490,,Natural,Hydrological,Flood,Riverine flood,,,Morocco,MAR,Northern Africa,Africa,"Guelmim town (Guelmim district, Guelmim - Es-Semara province), Azilal town (Azilal district, Tadla - Azilal province), Imintanoute town (Chichaoua district, Marrakech - Tensift - Al Haouz province), Figuig town (Figuig district, Oriental province)",Heavy rains,,,,,,,,Km2,,,,,2014,11.0,28.0,2014,11.0,30.0,11.0,,,,,,,,,,,"80,8926237222027",2,,21799;21818;147346;147348,"Azilal, Chichaoua, Figuig, Guelmim (Adm2). "
2014-0092-MDG,2014,92,EC-2014-000046,Natural,Meteorological,Storm,Tropical cyclone,,Cyclone Helen,Madagascar,MDG,Eastern Africa,Africa,"Betsiboka, Boeny, Diana, Melaky, Sofia provinces",,,,,,,,240.0,Kph,,,,,2014,3.0,29.0,2014,4.0,1.0,17.0,,,1736.0,1736.0,,,,,,,"80,8926237222027",1,41759;41760;41762;41766;41769,,"Betsiboka, Boeny, Diana, Melaky, Sofia (Adm1). "
2014-0090-MLI,2014,90,EP-2014-000039,Natural,Biological,Epidemic,Viral disease,,Ebola,Mali,MLI,Western Africa,Africa,"Bamako, Kayes, Koulikoro, Sikasso",,,,Yes,,,,,Vaccinated,,,,,2014,10.0,24.0,2015,1.0,18.0,6.0,7.0,,,7.0,,,,,,,"80,8926237222027",1,1926;1928;1930;1933,,"Bamako, Kayes, Koulikoro, Sikasso (Adm1). "
2014-0518-MOZ,2014,518,,Natural,Hydrological,Flood,Flash flood,,,Mozambique,MOZ,Eastern Africa,Africa,"Cidade de Maputo, Cidade de Matola districts (Maputo province) Cidade de Xai-Xai district (Gaza province)",Torrential rain,,,,,,,,Km2,,,,,2014,12.0,16.0,2014,12.0,18.0,5.0,,300.0,,300.0,,,,,,,"80,8926237222027",2,,41374;65248;65252,"Cidade da Matola, Cidade de Maputo, Cidade de Xai-Xai (Adm2). "
2014-0530-MOZ,2014,530,,Natural,Biological,Epidemic,Bacterial disease,,Cholera,Mozambique,MOZ,Eastern Africa,Africa,"Tete (city),Moatize, Mutarara, Caia, Quelimane (city), Cuamba, Lalaua, Mecuburi, Nampula (city), Murrupula, Meconta, Memba, Lichinga (city), Lago.",,,,,No,No,,,Vaccinated,,,,,2014,12.0,25.0,2015,3.0,2.0,43.0,5118.0,,,5118.0,,,,,,,"80,8926237222027",2,,21891;21893;21894;21895;21902;21907;21908;21909;21923;21942;21943;65259;65264;65266,"Caia, Cidade de Nampula, Cidade de Quelimane, Cidade de Tete, Cuamba, Lago, Lalaua, Lichinga, Meconta, Mecuburi, Memba, Moatize, Murrupula, Mutarara (Adm2). "
2014-0530-MWI,2014,530,,Natural,Biological,Epidemic,Bacterial disease,,Cholera,Malawi,MWI,Eastern Africa,Africa,"8 districts (Nsanje, Chikwawa, Mwanza, Blantyre, Dedza)",,,,,No,No,,,Vaccinated,,,,,2015,2.0,,2015,6.0,,11.0,693.0,,,693.0,,,,,,,"80,8926237222027",,,,
2014-0515-NER,2014,515,EP-2014-000151,Natural,Biological,Epidemic,Bacterial disease,,Cholera,Niger (the),NER,Western Africa,Africa,Chetimari (Diffa region),,,,,Yes,Yes,,,Vaccinated,,,,,2014,12.0,12.0,2014,12.0,20.0,8.0,183.0,,,183.0,,,,,,,"80,8926237222027",,,,
2014-0573-NER,2014,573,EP-2015-000200,Natural,Biological,Epidemic,Viral disease,,Meningitis,Niger (the),NER,Western Africa,Africa,"Niamey I, Niamey II, Niamey III (Niamey and Doutchi district); Gaya (Dosso district);",,,,,,,,,Vaccinated,,,,,2014,12.0,31.0,2015,5.0,2.0,145.0,1456.0,,,1456.0,,,,,,,"80,8926237222027",2,,22560;22568;22569;22570,"Commune 1, Commune 2, Commune 3, Gaya (Adm2). "
2014-0461-NER,2014,461,,Natural,Biological,Animal accident,,,,Niger (the),NER,Western Africa,Africa,Near Niamey,,,,,No,No,,,,,,,,2014,11.0,17.0,2014,11.0,17.0,12.0,,5.0,,5.0,,,,,,,"80,8926237222027",,,,
2014-0211-NGA,2014,211,,Natural,Hydrological,Flood,Riverine flood,,,Nigeria,NGA,Western Africa,Africa,"Ibadan North, Ibadan North-East, Ibadan North-West, Ibadan South-East, Ibadan South-West districts (Oyo province)",Torrential rains,,,,,,,,Km2,,,,Olodo river,2014,6.0,28.0,2014,6.0,28.0,15.0,,10000.0,,10000.0,,,,,,,"80,8926237222027",2,,191233;191235;191238;191242;191244,"Ibadan North, Ibadan North-East, Ibadan North-West, Ibadan South-East, Ibadan South-West (Adm2). "
2014-0439-NGA,2014,439,EP-2014-000055,Natural,Biological,Epidemic,Bacterial disease,,Cholera,Nigeria,NGA,Western Africa,Africa,"Bauchi state, Bauhci Metropolis, Tafawa alewa Local Government Area (LGA)",,,,,No,No,,,Vaccinated,,,,,2014,4.0,,2014,12.0,,755.0,,35996.0,,35996.0,,,,,,,"80,8926237222027",,,,
2014-0090-NGA,2014,90,EP-2014-000039,Natural,Biological,Epidemic,Viral disease,,Ebola,Nigeria,NGA,Western Africa,Africa,,,,,,No,No,,,Vaccinated,,,,,2014,3.0,,2015,4.0,20.0,8.0,21.0,,,21.0,,,,,,,"80,8926237222027",,,,
2014-0264-SDN,2014,264,FL-2014-000098,Natural,Hydrological,Flood,Riverine flood,,,Sudan (the),SDN,Northern Africa,Africa,"Khartoum, Northern Kordofan, Al Jazeera, Blue Nile, Gadaref, Kassala, Northern, Northern Darfur, Nile, Sennar, Southern Kordofan, Western Darfur, White Nile provinces",Seasonal rains,,,,,,,,Km2,,,,,2014,7.0,25.0,2014,9.0,,39.0,204.0,266000.0,,266204.0,,,,,,,"80,8926237222027",1,2745;2749;2753;2755;2757;2761;2762;2769;2770;4150;68783;68784;68805,,"Al Jazeera, Blue Nile, Gadaref, Kassala, Khartoum, Nile, Northern, Northern Darfur, Northern Kordofan, Sennar, Southern Kordofan, Western Darfur, White Nile (Adm1). "
2014-0090-SEN,2014,90,EP-2014-000039,Natural,Biological,Epidemic,Viral disease,,Ebola,Senegal,SEN,Western Africa,Africa,"KÃÂ©dougou, Kolda, SÃÂ©dhiou, Tambacounda, Ziguinchor",,,,,,,,,Vaccinated,,,,,2014,3.0,8.0,2014,10.0,13.0,,1.0,,,1.0,,,,,,,"80,8926237222027",,,,
2014-0090-SLE,2014,90,EP-2014-000039,Natural,Biological,Epidemic,Viral disease,,Ebola,Sierra Leone,SLE,Western Africa,Africa,Kailahun; Buedu (Kono district),,,,Yes,No,No,,,Vaccinated,,,,,2014,3.0,10.0,2015,8.0,,3956.0,14124.0,,,14124.0,,,,,,,"80,8926237222027",,,,
2014-0456-SOM,2014,456,,Natural,Hydrological,Flood,Riverine flood,,,Somalia,SOM,Eastern Africa,Africa,"Jilib district (Juba Dhexe province), Jamaame district (Juba Hoose province), Xudur (Bakool province), Belet Weyne district (Hiraan province), Doolow district (Gedo province), Bay, Shabelle Dhexe provinces",Heay rain,,,,,,,42635.0,Km2,,,,"Shabelle, Juba rivers",2014,10.0,24.0,2014,11.0,16.0,,,90000.0,,90000.0,,,,,,,"80,8926237222027",1;2,2691;2699,25661;25681;25684;25689;25699,"Bay, Shabelle Dhexe (Adm1). Belet Weyne, Doolow, Jamaame, Jilib, Xudur (Adm2). "
2014-0518-SWZ,2014,518,,Natural,Hydrological,Flood,Flash flood,,,Eswatini,SWZ,Southern Africa,Africa,"Hhohho, Lubombo, Manzini, Shiselweni provinces",Torrential rains,,,,,,,,Km2,,,,,2014,12.0,16.0,2014,12.0,18.0,11.0,,400.0,,400.0,,,,,,,"80,8926237222027",1,2782;2783;2784;2785,,"Hhohho, Lubombo, Manzini, Shiselweni (Adm1). "
2015-0016-MDG,2015,16,,Natural,Meteorological,Storm,Tropical cyclone,,Tropical storm 'Chedza' ,Madagascar,MDG,Eastern Africa,Africa,"Ambatondrazaka district (Alaotra Mangoro province), Ambatofinandrahana district (Amoron I Mania province), Ambohidratrimo, Andramasina, Ankazobe, Antananarivo Avaradrano, Antananarivo Atsimondrano, Antananarivo I, Antananarivo II, Antananarivo III, Antananarivo IV, Antananarivo V; Antananarivo VI districts (Analamanga province), Maevatanana district (Betsiboka province), Ambato Boeni, Mahajanga II districts (Boeny province), Tsiroanomandidy district (Bongolava province), Ambanja district (Diana province), Ambalavao, Ambohimahasoa, Fianarantsoa I, Vohibato, Lalangina districts (Haute Matsiatra province), Soavinandriana district (Itasy province), Besalampy district (Melaky province), Belo Sur Tsiribihina, Mahabo, Miandrivazo, Morondava districts (Menabe province), Mampikony district (Sofia province) Farafangana, Vangaindrano, Vondrozo districts (Atsimo Atsinanana province), Antanifotsy distrcit (Vakinankaratra province), Ikongo, Manakara Atsimo, Mananjary, Nosy-Varika, Vohipeno districts (Vatovavy Fitovianny)",,Flood,"Slide (land, mud, snow, rock)",,,,,,Kph,,,,,2015,1.0,16.0,2015,1.0,17.0,89.0,37.0,,173970.0,174007.0,,,,,36000.0,44451.0,"80,9885789905908",2,,123866;123867;123870;123871;123872;123873;123874;123875;154509;154514;154518;154519;154521;154522;154523;154548;154550;154551;154560;154562;154564;154569;154570;154575;154576;154577;154584;154587;154590;154591;154593;154594;154607;154612;154613;154614;154615;154616,"Ambalavao, Ambanja, Ambato Boeni, Ambatofinandrahana, Ambatondrazaka, Ambohidratrimo, Ambohimahasoa, Andramasina, Ankazobe, Antananarivo Atsimondrano, Antananarivo Avaradrano, Antananarivo I, Antananarivo II, Antananarivo III, Antananarivo IV, Antananarivo V, Antananarivo VI, Antanifotsy, Belo Sur Tsiribihina, Besalampy, Farafangana, Fianarantsoa I, Ikongo, Lalangina, Maevatanana, Mahabo, Mahajanga II, Manakara Atsimo, Mananjary, Miandrivazo, Morondava, Nosy-Varika, Soavinandriana, Tsiroanomandidy, Vangaindrano, Vohibato, Vohipeno, Vondrozo (Adm2). "
2015-0011-MWI,2015,11,FL-2015-000006,Natural,Hydrological,Flood,Riverine flood,,,Malawi,MWI,Eastern Africa,Africa,"Nsanje, Chikwawa, Phalombe, Blantyre, Zomba, Thyolo, Mulanje, Chiradzulu, Machinga, Mangochi, Balaka districts (Southern Region province), Ntcheu, Salima, Lilongwe districts (Central Region province), Karonga, Rumphi districts (Northern Region province)",Torrential rains,Crop failure,Epidemic,Yes,Yes,Yes,52916.0,485939.0,Km2,-18.795,35.36,,,2015,1.0,1.0,2015,1.0,21.0,278.0,645.0,638000.0,,638645.0,,,,,390000.0,481549.0,"80,9885789905908",2,,19310;19313;19315;19317;19320;19321;19322;19323;19325;19328;19329;19330;42174;42175;42176;42177,"Balaka, Blantyre, Chikwawa, Chiradzulu, Karonga, Lilongwe, Machinga, Mangochi, Mulanje, Nsanje, Ntcheu, Phalombe, Rumphi, Salima, Thyolo, Zomba (Adm2). "
2015-0153-RWA,2015,153,,Natural,Hydrological,Flood,Riverine flood,,,Rwanda,RWA,Eastern Africa,Africa,"Nyamasheke, Rubavu districts (West/Iburengerazuba province)",,"Slide (land, mud, snow, rock)",,,,,,,Km2,,,,,2015,4.0,3.0,2015,4.0,3.0,2.0,6.0,3425.0,,3431.0,,,,,,,"80,9885789905908",2,,21994;21998,"Nyamasheke, Rubavu (Adm2). "
2015-0030-MWI,2015,30,,Natural,Meteorological,Storm,Convective storm,Lightning/Thunderstorms,,Malawi,MWI,Eastern Africa,Africa,"Central Region, Northern Region, Southern Region provinces",,Flood,,,,,,,Kph,,,,,2015,1.0,2.0,2015,1.0,4.0,5.0,,,350.0,350.0,,,,,,,"80,9885789905908",1,1888;1889;1890,,"Central Region, Northern Region, Southern Region (Adm1). "
2015-0494-SOM,2015,494,,Natural,Meteorological,Storm,Tropical cyclone,,Cyclone Megh,Somalia,SOM,Eastern Africa,Africa,Bari province ,,Flood,,,,,,,Kph,,,,,2015,11.0,8.0,2015,11.0,8.0,,,,,,,,,,,,"80,9885789905908",1,2690,,Bari (Adm1). 
2015-9444-MWI,2015,9444,DR-2015-000136,Natural,Climatological,Drought,Drought,,,Malawi,MWI,Eastern Africa,Africa,23-25 districts affected (almost all the country): All provinces have been selected ,"Late and erratic start to the rainy season, El Nino",Food shortage,,Yes,,Yes,,,Km2,,,,,2015,10.0,,2017,12.0,,,,6700000.0,,6700000.0,,,,,,,"80,9885789905908",1,1888;1889;1890;65268,,"Area under National Administration, Central Region, Northern Region, Southern Region (Adm1). "
2015-9505-NAM,2015,9505,DR-2015-000130,Natural,Climatological,Drought,Drought,,,Namibia,NAM,Southern Africa,Africa,"Erongo, Hardap, Karas, Kunene provinces (South and Western part of the country)",Low rainfall,Food shortage,,,,,,,Km2,,,,,2015,1.0,,2016,3.0,,,,580000.0,,580000.0,,,,,60000.0,74085.0,"80,9885789905908",1,2138;2139;2140;2143,,"Erongo, Hardap, Karas, Kunene (Adm1). "
2015-9166-NER,2015,9166,,Natural,Climatological,Drought,Drought,,,Niger (the),NER,Western Africa,Africa,"NO DATA: all provinces have been selected: Maradi, Niamey, Tahoua, Tillaberi, Zinder provinces",Climatic conditions and refugees,Food shortage,,,,,,,Km2,,,,,2015,4.0,,2017,3.0,,,,2588128.0,,2588128.0,,,,,,,"80,9885789905908",1,2205;2206;2207;2208;2209,,"Maradi, Niamey, Tahoua, Tillaberi, Zinder (Adm1). "
2015-9373-SDN,2015,9373,,Natural,Climatological,Drought,Drought,,,Sudan (the),SDN,Northern Africa,Africa,"Southern Kordofan, Blue Nile provinces",,Food shortage,,,,,,,Km2,,,,,2015,8.0,,2015,8.0,,,,800000.0,,800000.0,,,,,,,"80,9885789905908",1,2749;4150,,"Blue Nile, Southern Kordofan (Adm1). "
2015-9616-SOM,2015,9616,DR-2015-000134,Natural,Climatological,Drought,Drought,,,Somalia,SOM,Eastern Africa,Africa,"Sanaag, Sool, Togdheer, Woqooyi Galbeed, Awdal provinces (Somaliland region), Bari, Nugaal provinces (Puntland region); Karkaar",El Nino,Food shortage,,Yes,,Yes,,,Km2,,,,,2015,8.0,,2017,5.0,,,,6700000.0,,6700000.0,,,,,,,"80,9885789905908",1,2688;2690;2701;2702;2703;2704;2705,,"Awdal, Bari, Nugaal, Sanaag, Sool, Togdheer, Woqooyi Galbeed (Adm1). "
2015-0158-KEN,2015,158,,Natural,Hydrological,Flood,Flash flood,,,Kenya,KEN,Eastern Africa,Africa,Homa Bay district (Nyanza province),Torrential rain,,,,,,,,Km2,,,,,2015,4.0,4.0,2015,4.0,10.0,13.0,,1500.0,,1500.0,,,,,,,"80,9885789905908",2,,51368,Homa Bay (Adm2). 
2015-0159-KEN,2015,159,FL-2015-000049,Natural,Hydrological,Flood,Riverine flood,,,Kenya,KEN,Eastern Africa,Africa,"Narok district (Rift Valley province), Kisumu, Central Kisii, Homa Bay districts (Nyanza province), Nairobi district (Nairobi province)",Heavy rains,,,,,,,20432.0,Km2,-0.795,36.25,,,2015,4.0,27.0,2015,5.0,2.0,13.0,,3000.0,,3000.0,,,,,,,"80,9885789905908",2,,51360;51366;51368;51369;51388,"Central Kisii, Homa Bay, Kisumu, Nairobi, Narok (Adm2). "
2015-0564-KEN,2015,564,FL-2015-000169,Natural,Hydrological,Flood,Riverine flood,,,Kenya,KEN,Eastern Africa,Africa,"Mt Elgon, Busia, Bungoma districts (Western province), Kirinyaga district (Central province), Kisumu district (Nyanza province), Tana River district (Coast province), Marsabit, Isiolo, Machakos districts (Eastern province), Mandera, Wajir districts (North Eastern province), Narok, Nandi North, Nandi South, Trans Nzoia districts (Rift Valley province)",Heavy rains,,,,,,,103770.0,Km2,-2.036,39.513,,"Garissa, Tana, Nyando, Kilifi, Nzoia rivers",2015,12.0,1.0,2016,1.0,6.0,112.0,73.0,240726.0,,240799.0,,,,,,,"80,9885789905908",2,,51334;51346;51348;51350;51352;51363;51364;51369;51388;51391;51395;51396;51400;68769;68770,"Bungoma, Busia, Isiolo, Kirinyaga, Kisumu, Machakos, Mandera, Marsabit, Mt Elgon, Nandi North, Nandi South, Narok, Tana River, Trans Nzoia, Wajir (Adm2). "
2015-0057-MDG,2015,57,,Natural,Hydrological,Flood,Flash flood,,,Madagascar,MDG,Eastern Africa,Africa,"Antananarivo I, Antananarivo II, Antananarivo III, Antananarivo IV, Antananarivo V, Antananarivo VI, Antananarivo Atsimondrano, Antananarivo Avaradrano districts (Analamanga province)",Torrential rains,,,,,,,,Km2,,,,"Ikopa, Sisaony, Mamba",2015,2.0,27.0,2015,2.0,27.0,26.0,,,24000.0,24000.0,,,,,,,"80,9885789905908",2,,123870;123871;123872;123873;123874;123875;154522;154523,"Antananarivo Atsimondrano, Antananarivo Avaradrano, Antananarivo I, Antananarivo II, Antananarivo III, Antananarivo IV, Antananarivo V, Antananarivo VI (Adm2). "
2015-0074-MDG,2015,74,,Natural,Meteorological,Storm,Tropical cyclone,,Tropical storm 'Fundi',Madagascar,MDG,Eastern Africa,Africa,"Androy, Anosy, Atsimo Andrefana, Menabe provinces",,,,,,,,,Kph,,,,,2015,2.0,7.0,2015,2.0,8.0,6.0,,,8430.0,8430.0,,,,,10000.0,12347.0,"80,9885789905908",1,41754;41755;41756;41767,,"Androy, Anosy, Atsimo Andrefana, Menabe (Adm1). "
2015-0337-MLI,2015,337,,Natural,Hydrological,Flood,,,,Mali,MLI,Western Africa,Africa,Menaka district (Gao province),Heavy rains,,,,,,,,Km2,,,,,2015,8.0,8.0,2015,8.0,9.0,5.0,,2000.0,,2000.0,,,,,,,"80,9885789905908",2,,19375,Menaka (Adm2). 
2015-0011-MOZ,2015,11,FL-2015-000006,Natural,Hydrological,Flood,Riverine flood,,,Mozambique,MOZ,Eastern Africa,Africa,"Zambezia, Nampula, Maputo, Gaza, Cabo Delgado provinces",Torrential rains,,,Yes,,Yes,,,Km2,,,,Licungo river,2015,1.0,1.0,2015,2.0,9.0,160.0,,177645.0,,177645.0,,,,,,,"80,9885789905908",1,2112;2113;2118;2122;41373,,"Cabo Delgado, Gaza, Maputo, Nampula, Zambezia (Adm1). "
2015-0368-NER,2015,368,,Natural,Hydrological,Flood,Riverine flood,,,Niger (the),NER,Western Africa,Africa,"Agadez, Dosso, Maradi, Niamey, Tahoua, Tillaberi, Zinder provinces",Heavy rains,,,,,,,,Km2,14.8417,2.5,,686734.8,2015,7.0,25.0,2015,10.0,,27.0,,87037.0,,87037.0,,,,,,,"80,9885789905908",1,2202;2204;2205;2206;2207;2208;2209,,"Agadez, Dosso, Maradi, Niamey, Tahoua, Tillaberi, Zinder (Adm1). "
2015-0200-NER,2015,200,EP-2015-000043,Natural,Biological,Epidemic,Viral disease,,Measles,Niger (the),NER,Western Africa,Africa,"Agadez, Maradi, Zinder",,,,,,,,,Vaccinated,,,,,2015,4.0,,2015,4.0,,6.0,3370.0,,,3370.0,,,,,,,"80,9885789905908",1,2202;2205;2209,,"Agadez, Maradi, Zinder (Adm1). "
2015-0448-NGA,2015,448,,Natural,Hydrological,Flood,Riverine flood,,,Nigeria,NGA,Western Africa,Africa,"Kano, Katsina, Sokoto, Kebbi, Zamfara, Kaduna, Jigawa, Adamawa, Yobe, Gombe, Bauchi, Anambra, Benue, Delta, Niger, Ondo, Taraba provinces",,,,,,,,186816.0,Km2,9.953,11.528,,,2015,9.0,5.0,2015,9.0,24.0,53.0,,100420.0,,100420.0,,,,,25000.0,30869.0,"80,9885789905908",1,2211;2213;2215;2218;2223;2224;2225;2226;2227;2231;2239;2240;65699;65704;65706;65709;65710,,"Adamawa, Anambra, Bauchi, Benue, Delta, Gombe, Jigawa, Kaduna, Kano, Katsina, Kebbi, Niger, Ondo, Sokoto, Taraba, Yobe, Zamfara (Adm1). "
2015-0225-NGA,2015,225,,Natural,Biological,Epidemic,Bacterial disease,,Cholera,Nigeria,NGA,Western Africa,Africa,"Anambra, Kano, Rivers, Ebonyi states",,,,,No,No,,,Vaccinated,,,,,2015,1.0,,2015,4.0,,97.0,,2108.0,,2108.0,,,,,,,"80,9885789905908",1,2213;2225;65701;65708,,"Anambra, Ebonyi, Kano, Rivers (Adm1). "
2015-0392-SDN,2015,392,,Natural,Hydrological,Flood,Riverine flood,,,Sudan (the),SDN,Northern Africa,Africa,"Gadaref, Nile, Western Darfur provinces",Heavy rains,,,,,,,,Km2,,,,,2015,8.0,8.0,2015,8.0,9.0,20.0,,,,,,,,,,,"80,9885789905908",1,2761;2769;68805,,"Gadaref, Nile, Western Darfur (Adm1). "
2015-0393-SDN,2015,393,,Natural,Meteorological,Extreme temperature ,Heat wave,,,Sudan (the),SDN,Northern Africa,Africa,Wadi Halfa district (Northern province),,,,,,,,47.0,°C,,,,,2015,8.0,13.0,2015,8.0,15.0,16.0,,,,,,,,,,,"80,9885789905908",2,,37093,Wadi Halfa (Adm2). 
2015-0436-SLE,2015,436,FL-2015-000131,Natural,Hydrological,Flood,,,,Sierra Leone,SLE,Western Africa,Africa,"Freetown district (Western Area province), Bo, Bonthe, Pujehun districts (Southern province), Port Loko district (Northern province)",Torrential rain,,,,,,,,Km2,,,,,2015,9.0,5.0,2015,9.0,6.0,10.0,,24303.0,,24303.0,,,,,,,"80,9885789905908",2,,25412;25414;25415;25417;111381,"Bo, Bonthe, Port Loko, Pujehun, Western Area Urb (Adm2). "
2015-0484-SOM,2015,484,,Natural,Meteorological,Storm,Tropical cyclone,,Cyclone Chapala,Somalia,SOM,Eastern Africa,Africa,"Baargsaal, Bander, Bareeda, Butiyaal, Caluula, Murcanyo, Qandalla, Xaabo villages (Bossaso district, Bari province), Biycad, Bulahar, Ceelsheik, Shacable villages (Berbera district, Woqooyi Galbeed province)",,,,,,,,,Kph,,,,,2015,11.0,2.0,2015,11.0,2.0,,,4000.0,,4000.0,,,,,,,"80,9885789905908",2,,25663;25724,"Berbera, Bossaso (Adm2). "
2015-0477-SOM,2015,477,,Natural,Hydrological,Flood,,,,Somalia,SOM,Eastern Africa,Africa,"Galgaduud, Mudug, Nugal provinces",El NIno,,,,,,,,Km2,,,,"Juba, Shabelle rivers",2015,10.0,27.0,2015,10.0,27.0,,,900000.0,,900000.0,,,,,,,"80,9885789905908",1,2693;2700;2701,,"Galgaduud, Mudug, Nugaal (Adm1). "
2015-0544-SOM,2015,544,,Natural,Hydrological,Flood,,,,Somalia,SOM,Eastern Africa,Africa,"Bay, Mudug, Shabelle Hoose, Shabelle Dhexe provinces",Seasonal Gu rains,,,,,,,,Km2,,,,,2015,3.0,,2015,4.0,,,,16296.0,,16296.0,,,,,,,"80,9885789905908",1,2691;2697;2699;2700,,"Bay, Mudug, Shabelle Dhexe, Shabelle Hoose (Adm1). "
2015-0580-TGO,2015,580,EP-2016-000015,Natural,Biological,Epidemic,Viral disease,,Meningitis,Togo,TGO,Western Africa,Africa,"Centrale; Assoli, Bassar, Binah, Dankpen, Doufelgou, Keran, Kozah distrcits (Kara); Savannas",,,,,,,,,Vaccinated,,,,,2015,12.0,,2016,2.0,,24.0,324.0,,,324.0,,,,,,,"80,9885789905908",1;2,2970;2974,27388;27390;27391;27392;27393;65274;65276,"Centrale, Savanes (Adm1). Assoli, Bassar, Binah, Dankpen, Doufelgou, Keran, Kozah (Adm2). "
2016-0061-MAR,2016,61,CW-2016-000016,Natural,Meteorological,Extreme temperature ,Cold wave,,,Morocco,MAR,Northern Africa,Africa,"Figuig district (Oriental province), Azilal district (Tadla - Azilal province, north of the High Atlas region), Taza, Guercif cities (Taza district, Taza - Al Hoceima - Taounate province), Rif region (Al Hoceima district, Taza - Al Hoceima - Taounate province), Boulemane, Sefrou districts (Fès - Boulemane province, Middle Atlas region) ",Polar air mass flow,Storm,Snow/ice,,,,,,°C,,,,,2016,2.0,27.0,2016,2.0,27.0,,,750000.0,,750000.0,,,,,,,"82,010330903136",2,,21787;21788;21791;21799;21818;147341,"Al Hoceima, Azilal, Boulemane, Figuig, Sefrou, Taza (Adm2). "
2016-0149-RWA,2016,149,,Natural,Hydrological,Flood,,,,Rwanda,RWA,Eastern Africa,Africa,"Gakenke, Muhanga, Rubavu, Ngororero",Heavy rains,"Slide (land, mud, snow, rock)",,,,,,,Km2,,,,,2016,1.0,,2016,4.0,,67.0,,,,,,,,,,,"82,010330903136",2,,21976;21987;21990;21998,"Gakenke, Muhanga, Ngororero, Rubavu (Adm2). "
2016-0161-KEN,2016,161,,Natural,Hydrological,Flood,,,,Kenya,KEN,Eastern Africa,Africa,"Nairobi district (Nairobi province); Turkana, Wajir, Marsabit",,Collapse,,,,,,,Km2,,,,"Kolotum, Mutoine, Garissa, Tana rivers",2016,4.0,29.0,2016,5.0,2.0,39.0,,10000.0,,10000.0,,,,,,,"82,010330903136",2,,51352;51360;51364;51392,"Marsabit, Nairobi, Turkana, Wajir (Adm2). "
2016-9050-LSO,2016,9050,OT-2016-000005,Natural,Climatological,Drought,Drought,,,Lesotho,LSO,Southern Africa,Africa,"Qachas Nek, Mokhotlong, Thaba Tseka, Quthing, Mafeteng, Butha Bothe, Berea, Leribe, Maseru, Mohale's Hoek provinces","Lack of rains, El NIno",Food shortage,,Yes,,,,,Km2,,,,,2016,2.0,,2017,1.0,,,,709000.0,,709000.0,,,,,,,"82,010330903136",1,1803;1804;1805;1806;1807;1808;1809;1810;1811;1812,,"Berea, Butha Buthe, Leribe, Mafeteng, Maseru, Mohale's Hoek, Mokhotlong, Qacha's Nek, Quthing, Thaba Tseka (Adm1). "
2016-9020-MDG,2016,9020,,Natural,Climatological,Drought,Drought,,,Madagascar,MDG,Eastern Africa,Africa,"Ambovombe-Androy, Bekily, Beloha, Tsihombe districts (Androy province), Amboasary-Atsimo, Taolagnaro districts (Anosy province), Ampanihy Ouest, Betioky Atsimo districts (Atsimo Andrefana province)",El Nino,Food shortage,,Yes,,Yes,,,Km2,,,,,2016,1.0,,2017,1.0,,,,1140000.0,,1140000.0,,,,,,,"82,010330903136",2,,154531;154532;154533;154534;154535;154537;154538;154542,"Amboasary-Atsimo, Ambovombe-Androy, Ampanihy Ouest, Bekily, Beloha, Betioky Atsimo, Taolagnaro, Tsihombe (Adm2). "
2016-9122-MOZ,2016,9122,,Natural,Climatological,Drought,Drought,,,Mozambique,MOZ,Eastern Africa,Africa,"Magude, Manhiça districts (Maputo province), Massingir, Chibuto, Mabalane districts (Gaza province), Funhaloro, Panda, Govuro districts (Inhambane province), Sofala, Tete",,Food shortage,,Yes,,,,,Km2,,,,,2016,1.0,,2017,1.0,,,,2300000.0,,2300000.0,,,,,,,"82,010330903136",1;2,2120;2121,21850;21855;21858;21860;21861;21869;21883;41375,"Sofala, Tete (Adm1). Chibuto, Funhalouro, Govuro, Mabalane, Magude, Manhica, Massingir, Panda (Adm2). "
2016-0089-KEN,2016,89,,Natural,Hydrological,Flood,Riverine flood,,,Kenya,KEN,Eastern Africa,Africa,"Lodwar city, Napetet, Soweto, Kalifonia, Nakerekei villages (Turkana district, Rift Valley province)",Heavy rains,,,,,,,,Km2,,,,"Turkwel, Kawalase rivers",2016,3.0,10.0,2016,3.0,10.0,3.0,,,1000.0,1000.0,,,,,,,"82,010330903136",2,,51392,Turkana (Adm2). 
2016-0301-LBR,2016,301,,Natural,Hydrological,Flood,,,,Liberia,LBR,Western Africa,Africa,"Unification Town, Dolo Town, Mambahn Kaba, Borborville, Dennisville, Zoekwelin, Kokoville, Larkpor, Peter Town, World Bank, Kissi (Lower and Upper Margibi)",Torrential rains,,,,,,,,Km2,,,,"Du, Benla Creek",2016,6.0,29.0,2016,7.0,12.0,,,15431.0,,15431.0,,,,,,,"82,010330903136",2,,147231,Mambah Kaba (Adm2). 
2016-0272-MLI,2016,272,,Natural,Hydrological,Flood,Flash flood,,,Mali,MLI,Western Africa,Africa,"Gao, Mopti, Segou, Sikasso, Bamako, Koulikoro provinces",Heavy rains,,,,,,,,Km2,,,,,2016,7.0,11.0,2016,7.0,23.0,13.0,,9500.0,,9500.0,,,,,,,"82,010330903136",1,1926;1927;1930;1931;1932;1933,,"Bamako, Gao, Koulikoro, Mopti, Segou, Sikasso (Adm1). "
2016-0248-MOZ,2016,248,,Natural,Hydrological,Flood,,,,Mozambique,MOZ,Eastern Africa,Africa,Cabo Delgado province,Heavy rains,,,,,,,80572.0,Km2,-12.351,39.464,,,2016,1.0,5.0,2016,1.0,29.0,16.0,,6600.0,,6600.0,,,,,,,"82,010330903136",1,2112,,Cabo Delgado (Adm1). 
2016-0129-MWI,2016,129,,Natural,Hydrological,Flood,Flash flood,,,Malawi,MWI,Eastern Africa,Africa,"Mzuzu city (Mzimba district, Northern Region province), Karango district (Northern Region province)",Heavy rains,,,,,,,,Km2,,,,,2016,4.0,6.0,2016,4.0,11.0,12.0,,,2800.0,2800.0,,,,,,,"82,010330903136",2,,19317;19318,"Karonga, Mzimba (Adm2). "
2016-0269-NER,2016,269,,Natural,Hydrological,Flood,Flash flood,,,Niger (the),NER,Western Africa,Africa,"Tahoua, Agadez, Maradi provinces",Heavy rains,,,,,,,,Km2,,,,,2016,6.0,1.0,2016,9.0,7.0,11.0,,,3000.0,3000.0,,,,,,,"82,010330903136",1,2202;2205;2207,,"Agadez, Maradi, Tahoua (Adm1). "
2016-0219-NER,2016,219,,Natural,Hydrological,Flood,,,,Niger (the),NER,Western Africa,Africa,"Bazagor city (Tchin Tabaradene district, Tahoua province), Ingal city (Tchighozerine district, Agadez province), Maradi, Zinder, Dosso, Tillaberi, Diffa, Niamey province",Torrential rains,,,,,,,,Km2,,,,,2016,6.0,20.0,2016,10.0,,50.0,27.0,123239.0,,123266.0,,,,,,,"82,010330903136",1;2,2203;2204;2205;2206;2208;2209,22553;22577,"Diffa, Dosso, Maradi, Niamey, Tillaberi, Zinder (Adm1). Tchighozerine, Tchin Tabaradene (Adm2). "
2016-0164-RWA,2016,164,,Natural,Hydrological,Landslide,Landslide,,,Rwanda,RWA,Eastern Africa,Africa,"Gakenke district (North/Amajyaruguru province), Muhanga district (South/Amajyepfo province), Rubavu district (West/Iburengerazuba province), Ngororero districts (West/Iburengerazuba province)",Heavy rains,,,,,,,18269.0,,-2.057,30.012,,,2016,5.0,7.0,2016,5.0,8.0,50.0,30.0,30000.0,,30030.0,,,,,,,"82,010330903136",2,,21976;21987;21990;21998,"Gakenke, Muhanga, Ngororero, Rubavu (Adm2). "
2016-0274-SDN,2016,274,FL-2016-000072,Natural,Hydrological,Flood,Flash flood,,,Sudan (the),SDN,Northern Africa,Africa,"Al Gezira, Blue Nile, Gedaref, Kassala, Sennar, South Kordofan, West Kordofan, North Kordofan, North Darfur, East Darfur, Karthoum, Northern Darfur (Shamal Darfur), Southern Darfur, Western Darfur, River Nile, White Nile, Red Sea",Torrential rains,,,,,,,,Km2,,,,,2016,6.0,,2016,9.0,8.0,171.0,4.0,90000.0,110000.0,200004.0,,,,,,,"82,010330903136",1,2745;2749;2753;2755;2757;2761;2762;2764;2769;2770;4150;40772;68783;68784;68805,,"Al Jazeera, Blue Nile, Gadaref, Kassala, Khartoum, Nile, Northern, Northern Darfur, Northern Kordofan, Red Sea, Sennar, Southern Darfur, Southern Kordofan, Western Darfur, White Nile (Adm1). "
2016-0129-SOM,2016,129,,Natural,Hydrological,Flood,Flash flood,,,Somalia,SOM,Eastern Africa,Africa,"Awdal, Gedo provinces",Heavy rains,,,,,,,,Km2,,,,,2016,4.0,6.0,2016,4.0,11.0,9.0,,,,,,,,,,,"82,010330903136",1,2688;2694,,"Awdal, Gedo (Adm1). "
2016-9291-SWZ,2016,9291,,Natural,Climatological,Drought,Drought,,,Eswatini,SWZ,Southern Africa,Africa,"Whole country: Hhohho, Lubombo, Manzini, Shiselweni provinces",El Nino,,,Yes,,Yes,,,Km2,,,,,2016,2.0,,2017,2.0,,,,492000.0,,492000.0,,,,,,,"82,010330903136",1,2782;2783;2784;2785,,"Hhohho, Lubombo, Manzini, Shiselweni (Adm1). "
2016-0302-SYC,2016,302,EP-2016-000057,Natural,Biological,Epidemic,Viral disease,,Dengue,Seychelles,SYC,Eastern Africa,Africa,"English river, Anse Royal, Anse Etoile, Beau Vallon, Point La Rue",,,,,,,,,Vaccinated,,,,,2016,1.0,,2016,7.0,12.0,,253.0,,,253.0,,,,,,,"82,010330903136",1,61139;61140;61146;61164;61190,,"Anse Etoile, Anse Royale, Beau Vallon, English River, Pointe Larue (Adm1). "
2013-9478-ZWE,2013,9478,OT-2013-000150,Natural,Climatological,Drought,Drought,,,Zimbabwe,ZWE,Eastern Africa,Africa,"Manicaland, Masvingo, Matabeleland North, Matabeleland South, Mashonaland Central, Midlands provinces","Slow onset of rainy season followed by severe flooding and then long dry spell, El Nino",Food shortage,Water shortage,Yes,,Yes,,,Km2,,,,,2013,1.0,,2017,1.0,,,,4300000.0,,4300000.0,,,,,500000.0,628130.0,"79,6013094233451",1,3437;3438;3441;3443;3444;69549;69550,,"Manicaland, Mashonaland Central, Mashonaland East, Masvingo, Matabeleland North, Matabeleland South, Midlands (Adm1). "
2014-0432-COD,2014,432,,Natural,Hydrological,Flood,Flash flood,,,Congo (the Democratic Republic of the),COD,Middle Africa,Africa,"Bushushu, Kalehe towns (Kalehe area, Sud-Kivu district, Sud-Kivu province)",Heavy rains,"Slide (land, mud, snow, rock)",Lightening,,,,,,Km2,,,,,2014,10.0,25.0,2014,10.0,28.0,154.0,1000.0,,3750.0,4750.0,,,,,15000.0,18543.0,"80,8926237222027",2,,14995,Sud-Kivu (Adm2). 
2014-0099-ZAF,2014,99,FL-2014-000038,Natural,Hydrological,Flood,Riverine flood,,,South Africa,ZAF,Southern Africa,Africa,"Gauteng, KwaZulu-Natal, Limpopo, Mpumalanga, North West provinces ",Heavy and extented rainfall,"Slide (land, mud, snow, rock)",,,,,,1037639.0,Km2,-21.5153,25.61,,,2014,3.0,1.0,2014,3.0,18.0,32.0,,7185.0,,7185.0,,,,,85000.0,105078.0,"80,8926237222027",1,2708;77311;77312;77313;77314,,"Gauteng, KwaZulu-Natal, Limpopo, Mpumalanga, North West (Adm1). "
2014-0066-ZWE,2014,66,FF-2014-000015,Natural,Hydrological,Flood,Flash flood,,,Zimbabwe,ZWE,Eastern Africa,Africa,"Domboshawa area (Shamva district, Mashonaland Central province), Chiredzi, Gutu, Chivi, Masvingo, Mwenezi districts (Masvingo province), Tsholotsho, Binga districts (Matabeleland North province), Gokwe South district (Midlands province), Makonde district (Mashonaland West province), Bulawayo district (Bulawayo province), Harare district (Harare province), Mangwe, Gwanda districts (Matabeleland South province)",Heavy rrains,"Slide (land, mud, snow, rock)",,,,Yes,,,Km2,,,,Tokwe river,2014,1.0,20.0,2014,2.0,10.0,3.0,2.0,1000.0,,1002.0,,,,,20000.0,24724.0,"80,8926237222027",2,,33051;33066;33079;33082;33083;33084;33085;33086;33088;33093;33097;40751;68809;68810,"Binga, Bulawayo, Chiredzi, Chivi, Gokwe South, Gutu, Gwanda, Harare, Makonde, Mangwe, Masvingo, Mwenezi, Shamva, Tsholotsho (Adm2). "
2014-0042-TZA,2014,42,FF-2014-000009,Natural,Hydrological,Flood,Flash flood,,,"Tanzania, United Republic of",TZA,Eastern Africa,Africa,"Kilosa, Mvomero, Gairo, Morogoro, Morogoro Urban districts (Morogoro province)",Heavy rains,,,,,,,,Km2,,,,Mkundi river,2014,1.0,22.0,2014,1.0,23.0,3.0,,20000.0,,20000.0,,,,,2000.0,2472.0,"80,8926237222027",2,,48446;115090;115113;115114;115115,"Gairo, Kilosa, Morogoro, Morogoro Urban, Mvomero (Adm2). "
2014-0119-TZA,2014,119,,Natural,Hydrological,Flood,Riverine flood,,,"Tanzania, United Republic of",TZA,Eastern Africa,Africa,"Kyela district (Mbeya region), Pwani, Morogoro, Dar-es-salaam provinces",Heavy rainfall,,,,,,,18498.0,Km2,7.19301,38.97,,,2014,4.0,18.0,2014,5.0,1.0,28.0,,20000.0,,20000.0,,,,,,,"80,8926237222027",1;2,48358;48368;48373,48437,"Dar-es-salaam, Morogoro, Pwani (Adm1). Kyela (Adm2). "
2014-0311-ZAF,2014,311,,Natural,Geophysical,Earthquake,Ground movement,,,South Africa,ZAF,Southern Africa,Africa,"Orkney city (Dr Kenneth Kaunda District Municipality district, North West province)",,,,,,,,5.0,Richter,-26.9899,26.7048,12:23,,2014,8.0,5.0,2014,8.0,5.0,1.0,2.0,2000.0,,2002.0,,,,,,,"80,8926237222027",2,,77350,Dr Kenneth Kaunda District Municipality (Adm2). 
2014-0526-COD,2014,526,,Natural,Biological,Epidemic,Viral disease,,Ebola,Congo (the Democratic Republic of the),COD,Middle Africa,Africa,"HGR Boende, Lokolia, Watsi-Kengo, Boende moke, Lokula, Mondombe, Ikanamongo Village (Equateur province,Djera region).",,,,,No,No,7920.0,,Vaccinated,,,,,2014,8.0,11.0,2014,11.0,5.0,49.0,17.0,,,17.0,,,,,,,"80,8926237222027",,,,
2014-0426-ZMB,2014,426,,Natural,Hydrological,Flood,Riverine flood,,,Zambia,ZMB,Eastern Africa,Africa,Mazabuka district (Southern province),Heavy rains,,,,,,,,Km2,,,,,2014,,,2014,5.0,,,,,20000.0,20000.0,,,,,,,"80,8926237222027",2,,65234,Mazabuka (Adm2). 
2014-0514-ZWE,2014,514,FL-2015-000001,Natural,Hydrological,Flood,Riverine flood,,,Zimbabwe,ZWE,Eastern Africa,Africa,"Manicaland, Mashonaland Central, Mashonaland East, Mashonaland West, Midlands provinces",Heavy rains,,,,,,,,Km2,,,,,2014,12.0,,2015,1.0,,11.0,,1500.0,,1500.0,,,,,,,"80,8926237222027",1,3437;3438;3440;3444;69550,,"Manicaland, Mashonaland Central, Mashonaland East, Mashonaland West, Midlands (Adm1). "
2014-0530-ZWE,2014,530,,Natural,Biological,Epidemic,Bacterial disease,,Cholera,Zimbabwe,ZWE,Eastern Africa,Africa,"Chiredzi, Mudzi, Beitbridge districts",,,,,No,No,,,Vaccinated,,,,,2015,2.0,,2015,2.0,,,11.0,,,11.0,,,,,,,"80,8926237222027",2,,33070;33082;33095,"Beitbridge, Chiredzi, Mudzi (Adm2). "
2014-0191-SSD,2014,191,,Natural,Biological,Epidemic,Bacterial disease,,,South Sudan,SSD,Northern Africa,Africa,"Juba, Jonglei, Upper Nile",,,,,No,No,,,Vaccinated,,,,,2014,4.0,29.0,2014,6.0,3.0,22.0,586.0,,,586.0,,,,,,,"80,8926237222027",,,,
2014-0235-SSD,2014,235,OT-2014-000001,Natural,Biological,Epidemic,Bacterial disease,,Cholera,South Sudan,SSD,Northern Africa,Africa,"Juba, Torit",,,,,No,No,,,Vaccinated,,,,,2014,4.0,23.0,2014,8.0,17.0,127.0,,5900.0,,5900.0,,,,,,,"80,8926237222027",,,,
2015-0535-COD,2015,535,,Natural,Hydrological,Flood,,,,Congo (the Democratic Republic of the),COD,Middle Africa,Africa,Bukavu district (Sud-Kivu province),,"Slide (land, mud, snow, rock)",,,,,,,Km2,,,,,2015,12.0,11.0,2015,12.0,12.0,18.0,,,,,,,,,,,"80,9885789905908",2,,74354,Bukavu (Adm2). 
2015-9500-ZAF,2015,9500,,Natural,Climatological,Drought,Drought,,,South Africa,ZAF,Southern Africa,Africa,"KwaZulu-Natal, Free state, Limpopo, Mpumalanga, North-West, Western Cape provinces",El Nino,Heat wave,,,,Yes,,,Km2,,,,,2015,1.0,,2017,5.0,,,,2700000.0,,2700000.0,,,,,250000.0,308685.0,"80,9885789905908",1,2707;2714;77311;77312;77313;77314,,"Free State, KwaZulu-Natal, Limpopo, Mpumalanga, North West, Western Cape (Adm1). "
2015-0069-TZA,2015,69,,Natural,Meteorological,Storm,Convective storm,Hail,,"Tanzania, United Republic of",TZA,Eastern Africa,Africa,"Mwakata, Magung'unhwa, Nhumbi villages (Msalala area, Kahama district, Shinyanga province)",,Flood,,,,,,40007.0,Kph,-4.31417,33.75,,,2015,3.0,3.0,2015,3.0,4.0,47.0,112.0,5000.0,,5112.0,,,,,,,"80,9885789905908",2,,115067,Kahama (Adm2). 
2015-0030-ZWE,2015,30,,Natural,Meteorological,Storm,Convective storm,Lightning/Thunderstorms,,Zimbabwe,ZWE,Eastern Africa,Africa,"Mashonaland Central, Mashonaland East, Mashonaland West, Midlands, Harare provinces",,Flood,,,,,,,Kph,,,,,2015,1.0,2.0,2015,1.0,4.0,10.0,,,475.0,475.0,,,,,,,"80,9885789905908",1,3436;3438;3440;3444;69550,,"Harare, Mashonaland Central, Mashonaland East, Mashonaland West, Midlands (Adm1). "
2015-0540-TZA,2015,540,EP-2015-000058,Natural,Biological,Epidemic,Bacterial disease,,Cholera,"Tanzania, United Republic of",TZA,Eastern Africa,Africa,"Dar es Salaam (Kinondoni district); Morogoro, Kigoma, Dodoma, Geita, Mwanza, Mara, Arusha, Tabora; Tanga, Shinyanga, Singida, Cost and Zanzibar",,,,,,,,,Vaccinated,,,,,2015,8.0,15.0,2018,1.0,7.0,542.0,32879.0,,,32879.0,,,,,,,"80,9885789905908",,,,
2015-0541-TZA,2015,541,,Natural,Biological,Epidemic,Bacterial disease,,Cholera,"Tanzania, United Republic of",TZA,Eastern Africa,Africa,"Nyarugusu refugee camp (Border with Burundi); Dar es Salaam, Mwanza, Arusha, Tanga",,,,,,,,,Vaccinated,,,,,2015,5.0,,2015,11.0,,40.0,4833.0,,,4833.0,,,,,,,"80,9885789905908",,,,
2015-0205-TZA,2015,205,,Natural,Hydrological,Flood,,,,"Tanzania, United Republic of",TZA,Eastern Africa,Africa,"Dar-es-salaam, Arusha, Kilimanjaro, Tanga, Kagera provinces",Heavy rains,,,,,,,194128.0,Km2,-5.06017,36.89,,,2015,5.0,7.0,2015,5.0,21.0,12.0,,,5000.0,5000.0,,,,,,,"80,9885789905908",1,48357;48358;48363;48381;115004,,"Arusha, Dar-es-salaam, Kagera, Kilimanjaro, Tanga (Adm1). "
2015-0336-COD,2015,336,,Natural,Geophysical,Earthquake,Ground movement,,,Congo (the Democratic Republic of the),COD,Middle Africa,Africa,"Kabare, Bukavu (South Kivu)",,,,,No,No,,6.0,Richter,-2.091,28.952,,,2015,8.0,6.0,2015,8.0,7.0,3.0,30.0,260.0,100.0,390.0,,,,,,,"80,9885789905908",2,,74354,Bukavu (Adm2). 
2015-0385-COD,2015,385,,Natural,Climatological,Wildfire,"Land fire (Brush, Bush, Pasture)",,,Congo (the Democratic Republic of the),COD,Middle Africa,Africa,"Katanga, Maniema provinces",,,,,,,,,Km2,,,,,2015,8.0,24.0,2015,8.0,28.0,3.0,,57003.0,,57003.0,,,,,,,"80,9885789905908",1,1071;1073,,"Katanga, Maniema (Adm1). "
2015-0536-COD,2015,536,,Natural,Hydrological,Flood,,,,Congo (the Democratic Republic of the),COD,Middle Africa,Africa,"Debonhome, Ndanu, Kingabua, Pécheur, Salongo boroughs (Kinshasa district, Kinshasa province)",Heavy rain,,,,,,,,Km2,,,,"Ndiji, Matete rivers",2015,11.0,19.0,2015,12.0,17.0,31.0,,10560.0,,10560.0,,,,,,,"80,9885789905908",2,,14987,Kinshasa (Adm2). 
2015-0549-COD,2015,549,,Natural,Hydrological,Flood,,,,Congo (the Democratic Republic of the),COD,Middle Africa,Africa,"Tshopo, Haut-Uele districts (Orientale province) ",,,,,,,,,Km2,,,,,2015,11.0,7.0,2015,11.0,23.0,,,180000.0,,180000.0,,,,,,,"80,9885789905908",2,,14991;14994,"Haut-Uele, Tshopo (Adm2). "
2015-0301-SSD,2015,301,EP-2015-000073,Natural,Biological,Epidemic,Bacterial disease,,Cholera,South Sudan,SSD,Northern Africa,Africa,Juba county (Central Equatoria); Bor (Jonglei state),,,,,,Yes,,,Vaccinated,,,,,2015,5.0,28.0,2015,9.0,5.0,47.0,,1818.0,,1818.0,,,,,,,"80,9885789905908",1;2,2748,37053,Central Equatoria (Adm1). Bor (Adm2). 
2016-0359-EGY,2016,359,FL-2016-000114,Natural,Meteorological,Storm,Convective storm,Lightning/Thunderstorms,,Egypt,EGY,Northern Africa,Africa,"South Sinai, Red Sea, Ismailia, Beni Suef, Qena, Assiut, Suhag provinces",,Flood,,Yes,,,,,Kph,,,,,2016,10.0,27.0,2016,10.0,29.0,26.0,72.0,32500.0,,32572.0,,,,,25000.0,30484.0,"82,010330903136",1,61511;61514;61521;61531;61532;61534;61536,,"Assiut, Beni Suef, Ismailia, Qena, Red Sea, South Sinai, Suhag (Adm1). "
2016-9065-SSD,2016,9065,,Natural,Climatological,Drought,Drought,,,South Sudan,SSD,Northern Africa,Africa,"Western Bahr El Ghazal, Northern Bahr El Ghazal, Warab, Unity, Upper Nile, Jonglei, El Buheyrat, Western Equatoria, Central Equatoria, Eastern Equatoria provinces",,Famine,,,,,,,Km2,,,,,2016,2.0,,2016,11.0,,,,3600000.0,,3600000.0,,,,,,,"82,010330903136",1,2746;2747;2748;2750;2751;2754;2765;2766;2768;37021,,"Central Equatoria, Eastern Equatoria, El Buheyrat, Jonglei, Northern Bahr El Ghazal, Unity, Upper Nile, Warab, Western Bahr El Ghazal, Western Equatoria (Adm1). "
2016-0060-TZA,2016,60,,Natural,Hydrological,Flood,Flash flood,,,"Tanzania, United Republic of",TZA,Eastern Africa,Africa,"Chemichemi, Chumbi, Ikwiriri, Kiongoloni, Kipugira, Maparoni, Mgomba, Mkongo, Msala, Mtunda, Mwaseni, Muhoro, Ngorongo, Umwe, Utete wards (Rufiji district, Pwani province)",,,,,,,,,Km2,,,,,2016,2.0,10.0,2016,2.0,15.0,,,53446.0,,53446.0,,,,,,,"82,010330903136",2,,48471,Rufiji (Adm2). 
2016-0028-TZA,2016,28,FL-2016-000011,Natural,Hydrological,Flood,,,,"Tanzania, United Republic of",TZA,Eastern Africa,Africa,"Dodoma, Mwanza, Rufiji provinces ",Heavy rains,,,,,,,182022.0,Km2,-4.762,35.505,,,2016,1.0,17.0,2016,1.0,18.0,3.0,,58896.0,,58896.0,,,,,,,"82,010330903136",1;2,48359;115006,48471,"Dodoma, Mwanza (Adm1). Rufiji (Adm2). "
2016-0244-TZA,2016,244,,Natural,Hydrological,Flood,,,,"Tanzania, United Republic of",TZA,Eastern Africa,Africa,"Kilosa, Kilombero, Malinyi (Morogoro province)",Reammnants of cyclone Fantala,,,,,,,84215.0,Km2,-6.894,36,,,2016,4.0,22.0,2016,4.0,24.0,13.0,,14000.0,13933.0,27933.0,,,,,,,"82,010330903136",2,,48443;115114,"Kilombero, Kilosa (Adm2). "
2016-0130-UGA,2016,130,,Natural,Hydrological,Flood,Riverine flood,,,Uganda,UGA,Eastern Africa,Africa,"Kyebando, Bwaise, Mulago, Kalerwe suburbs (Kawempe district, Kampala province), Kamwokya suburb (Central Kampala district, Kampala province), Kanamba, Kabaka parishes (Karusandara sub-county, Busongora district, Kasese province)",Heavy rains,,,,,,,,Km2,,,,Mubuka river,2016,4.0,13.0,2016,4.0,18.0,,,10000.0,,10000.0,,,,,2700.0,3292.0,"82,010330903136",2,,42202;42207;42213,"Busongora, Central Kampala, Kawempe (Adm2). "
2016-0148-UGA,2016,148,,Natural,Hydrological,Landslide,Landslide,,,Uganda,UGA,Eastern Africa,Africa,"Bubukwanga, Bukhonzo, Humya, and Bumadu village in Bundibugyo town council (Bundinbugyo district)",Torrential rains,,,,,,,,,,,,,2016,5.0,10.0,2016,5.0,10.0,15.0,,,1000.0,1000.0,,,,,,,"82,010330903136",2,,28395,Bwamba (Adm2). 
2016-0036-ZAF,2016,36,,Natural,Meteorological,Extreme temperature ,Heat wave,,,South Africa,ZAF,Southern Africa,Africa,Ngaka Modiri Molema (North West province),,,,,,,,45.0,°C,,,,,2016,1.0,1.0,2016,1.0,10.0,11.0,20.0,,,20.0,,,,,,,"82,010330903136",2,,77347,Ngaka Modiri Molema District Municipality (Adm2). 
2016-0305-ZAF,2016,305,,Natural,Hydrological,Flood,,,,South Africa,ZAF,Southern Africa,Africa,"Western Cape (Cape Town, Phillipi, Khayelitsha), Kwazulu Natal (Durban, Cato Manor, Amanzimtoti, Inanda, Ntuzuma, KwaMashu, uMlazi, Yellow Wood Park, Chatsworth -eThekwini Metropolitan Municipality, Ugu district)",Heavy rains,,,,,,,,Km2,,,,,2016,7.0,25.0,2016,8.0,3.0,7.0,,6900.0,,6900.0,,,146000.0,178026.0,180000.0,219485.0,"82,010330903136",2,,77317;77329;77363,"City of Cape Town Metropolitan Municipality, eThekwini Metropolitan Municipality, Ugu District Municipality (Adm2). "
2016-0289-SSD,2016,289,EP-2016-000074,Natural,Biological,Epidemic,Bacterial disease,,Cholera,South Sudan,SSD,Northern Africa,Africa,"Imatong Torit, Pageri (Imatong), Awerial (Eastern Lakes), Juba (Jubek), Terekeka (Terekeda), Duk (Jonglei), Fangak (Western Bieh), Rubkona (Northern Liech), Leer (Southern Liech), Pigi (Eastern Nile)",,,,,,,,,Vaccinated,,,,,2016,1.0,,2017,1.0,20.0,68.0,3826.0,,,3826.0,,,,,,,"82,010330903136",1,2748,,Central Equatoria (Adm1). 
2016-0460-BDI,2016,460,,Natural,Biological,Epidemic,Bacterial disease,,Cholera,Burundi,BDI,Eastern Africa,Africa,"Bujumbura Rural, Kabezi District, Cibitoke",,,,,,Yes,,,Vaccinated,,,,,2016,8.0,3.0,2016,9.0,8.0,1.0,193.0,,,193.0,,,,,,,"82,010330903136",,,,
2016-0448-BEN,2016,448,,Natural,Biological,Epidemic,Bacterial disease,,Cholera,Benin,BEN,Western Africa,Africa,"Cotonou, Savalou, So-Ava, Abomey-Calavi, Dassa, Abomey-Zou, Parakou, Ze",,,,,,,,,Vaccinated,,,,,2016,8.0,16.0,2016,9.0,3.0,13.0,678.0,,,678.0,,,,,,,"82,010330903136",,,,
2016-0352-CIV,2016,352,,Natural,Hydrological,Flood,,,,Côte dIvoire,CIV,Western Africa,Africa,"Danané region (Tonkpi district, Montagnes province)",Heavy rains,,,,,,,,Km2,,,,Cavally,2016,9.0,28.0,2016,9.0,28.0,20.0,,,,,,,,,,,"82,010330903136",2,,16867,Tonkpi (Adm2). 
2016-0394-GHA,2016,394,,Natural,Biological,Epidemic,Bacterial disease,,Cholera,Ghana,GHA,Western Africa,Africa,"Cape Coast Municipal, Abura Asebu Kwamankese, Komenda Edina Eguafo Abrem, Twifo Hermang, Asekuma Odoben Brakwa, Mfantseman districts",,,,,,,,,Vaccinated,,,,,2016,10.0,21.0,2016,11.0,,,172.0,,,172.0,,,,,,,"82,010330903136",,,,
2017-0184-CIV,2017,184,,Natural,Hydrological,Flood,Riverine flood,,,Côte dIvoire,CIV,Western Africa,Africa,"Abidjan (Abobo, Koumassi, Yopougon), San Pedro, Pont-Brimé village",,Storm,"Slide (land, mud, snow, rock)",,,,,,Km2,,,,,2017,6.0,10.0,2017,6.0,21.0,15.0,25.0,200.0,,225.0,,,,,,,"83,7572545519631",2,,14911;16865,"Abidjan, San-pedro (Adm2). "
2017-0080-BDI,2017,80,,Natural,Hydrological,Landslide,Landslide,,,Burundi,BDI,Eastern Africa,Africa,"Mabayi district (Cibitoke province);Bujumbura mairie (Butere, Kinama,...); Kiganda district (Muramvya province), Mutimbuzi district (Bujumbura Rural province)",Torrential rains,Flood,,,,,,,,,,,,2017,3.0,16.0,2017,3.0,22.0,6.0,,,810.0,810.0,,,,,,,"83,7572545519631",1;2,40543,40589;40607;40653,"Bujumbura Mairie (Adm1). Kiganda, Mabayi, Mutimbuzi (Adm2). "
2017-9207-AGO,2017,9207,,Natural,Climatological,Drought,Drought,,,Angola,AGO,Middle Africa,Africa,"Seven provinces in the South (Cunene, Huila, Namibe, Benguela, Cuando Cubango, Cuanza Sul and Huambo)",,Food shortage,,,,,,,Km2,,,,,2017,5.0,,2017,6.0,,,,1420000.0,,1420000.0,,,,,,,"83,7572545519631",1,399;402;403;404;405;406;413,,"Benguela, Cuando Cubango, Cuanza Sul, Cunene, Huambo, Huila, Namibe (Adm1). "
2017-0033-DZA,2017,33,CL-2017-000011,Natural,Meteorological,Extreme temperature ,Cold wave,,,Algeria,DZA,Northern Africa,Africa,"Eastern, Central, high plateau regions. Municipalities of Batna, Biskra, Tizi-Ouzou, Sétif, Souk-Ahras, Laghouat, Jijel, Constantine, Médéa, Djelfa, Tissemsilt, Khenchla, Mila, Oum el Bouaghi, Tébéssa, Bouira, Bordj Bou Arreridj, El Taref, El Bayad, Bejaia, Saida and Gueulma.",,Snow/ice,,,,,,,°C,,,,,2017,1.0,16.0,2017,1.0,20.0,,,125000.0,,125000.0,,,,,,,"83,7572545519631",1,346;348;349;351;352;355;356;357;359;361;363;364;365;367;368;374;376;377;380;382;386;387,,"Batna, Bejaia, Biskra, Bordj Bou Arrer, Bouira, Constantine, Djelfa, El Bayadh, El-Tarf, Guelma, Jijel, Khenchela, Laghouat, Medea, Mila, Oum El Bouaghi, Saida, Setif, Souk-Ahras, Tebessa, Tissemsilt, Tizi Ouzou (Adm1). "
2017-0109-AGO,2017,109,,Natural,Hydrological,Flood,Flash flood,,,Angola,AGO,Middle Africa,Africa,Luanda province,Heavy rains,,,,,,,24003.0,Km2,-8.718,13.656,,,2017,3.0,21.0,2017,4.0,8.0,11.0,,26500.0,3750.0,30250.0,,,,,2000.0,2388.0,"83,7572545519631",1,408,,Luanda (Adm1). 
2017-0480-BFA,2017,480,,Natural,Biological,Epidemic,Viral disease,,Dengue,Burkina Faso,BFA,Western Africa,Africa,All country,,,,,,,,,Vaccinated,,,,,2017,,,2017,11.0,11.0,18.0,9029.0,,,9029.0,,,,,,,"83,7572545519631",,,,
2017-0368-BFA,2017,368,,Natural,Hydrological,Flood,,,,Burkina Faso,BFA,Western Africa,Africa,Oudalan province (Tin-Akoff commune),Heavy rain,,,,,,,,Km2,,,,,2017,7.0,,2017,7.0,,2.0,,882.0,,882.0,,,,,,,"83,7572545519631",2,,154479,Oudalan (Adm2). 
2017-0079-BWA,2017,79,,Natural,Hydrological,Flood,,,,Botswana,BWA,Southern Africa,Africa,"Kavimba, Lesoma, Paragarungu, Kasane, Kachikau (Chobe distrcit); Maun, Komana, Nxaraga (Okavango); Dukwi, Nata, Gweta, Mannoxai, Tsokotshaa (Central); Mabule, Good Hope, Letlhakane (Goodhope); Mohembo, Etsha 6, Etsha 13 (Ngamiland)",,,,,,,,,Km2,,,,,2017,2.0,18.0,2017,2.0,23.0,,,3250.0,,3250.0,,,,,,,"83,7572545519631",1,654;655;660;663,,"Central, Chobe, Ngamiland, Southern (Adm1). "
2017-0094-CAF,2017,94,VW-2017-000029,Natural,Meteorological,Storm,Convective storm,Severe storm,,Central African Republic,CAF,Middle Africa,Africa,"Kabo, Maka,Bozoum, Bossangoa, Mingala, Mbaïki,Ndolobo (Mbaiki), Ndjoh, La mbi (Bossembele), Bossembelé (Bossembele) cities",,,,,,,,,Kph,,,,,2017,1.0,,2017,4.0,3.0,,,3690.0,,3690.0,,,,,,,"83,7572545519631",2,,12856;12879,"Bossemb??l??, Mbaïki (Adm2). "
2017-0384-CAF,2017,384,FL-2017-000134,Natural,Hydrological,Flood,,,,Central African Republic,CAF,Middle Africa,Africa,Kouango city,,,,,,,,70470.0,Km2,7.223,17.145,,,2017,8.0,23.0,2017,8.0,31.0,,,3500.0,,3500.0,,,,,,,"83,7572545519631",2,,12886,Kouango (Adm2). 
2017-0560-CIV,2017,560,,Natural,Biological,Epidemic,Viral disease,,Dengue,Côte dIvoire,CIV,Western Africa,Africa,Abidjan,,,,,,Yes,,,Vaccinated,,,,,2017,4.0,22.0,2017,7.0,11.0,2.0,621.0,,,621.0,,,,,,,"83,7572545519631",,,,
2017-0367-CMR,2017,367,FF-2017-000122,Natural,Hydrological,Flood,Flash flood,,,Cameroon,CMR,Middle Africa,Africa,"Santchou, Bebong, Fondo Nera, Echiok, Nden-Ofoungouo, Fosso Ouasen Menoua Division",Heavy rains,,,,,,,,Km2,,,,,2017,8.0,4.0,2017,8.0,29.0,3.0,,12890.0,,12890.0,,,,,,,"83,7572545519631",2,,12494,Menchum (Adm2). 
2017-0083-GHA,2017,83,,Natural,Meteorological,Storm,Convective storm,,,Ghana,GHA,Western Africa,Africa,Brong Ahafo province,,,,,,,,,Kph,,,,,2017,3.0,19.0,2017,3.0,19.0,20.0,12.0,,,12.0,,,,,,,"83,7572545519631",1,1325,,Brong Ahafo (Adm1). 
2017-0306-GHA,2017,306,,Natural,Hydrological,Flood,,,,Ghana,GHA,Western Africa,Africa,"Greater Accra (Weija, Tetegu - Ga South municipality), Central Region (New Tufoe, Old Praso, Kookoase, Twansukoda, Arab Area, Bankyease - Twifo Praso), Western region (Samreboi, Wassa Dunkwa, Aboi Nkwanta Samreboi communities -Wassa Amenfi West District), Eastern region (Ahiatroga community- Birim central)",,,,,,Yes,,,Km2,,,," Densu River, Tano",2017,4.0,1.0,2017,7.0,21.0,,,1000000.0,,1000000.0,,,,,,,"83,7572545519631",2,,190598;190645;190650;190656,"Birim Municipal, Ga South, Twifo Ati-Morkwa, Wassa Amenfi West (Adm2). "
2017-0053-GIN,2017,53,EP-2017-000022,Natural,Biological,Epidemic,Viral disease,,Measles,Guinea,GIN,Western Africa,Africa,"Nzérékoré, Gueckedou, Matoto, Ratoma, Fria, Dubreka, Kindia, Coyah, Kaloum, Dixinn, Forécariah, Matam",,,,,,,,,Vaccinated,,,,,2017,1.0,,2017,3.0,,,122.0,,,122.0,,,,,,,"83,7572545519631",,,,
2017-0304-GIN,2017,304,FL-2017-000083,Natural,Hydrological,Flood,,,,Guinea,GIN,Western Africa,Africa,"Quartier commercial, Kwitiapolou, Wessoua, Dorota 1, Horaya, Gbanghana, Belle-Vue, Nyeh (Nzerekore prefecture)",Heavy rain,,,,,,,,Km2,,,,,2017,7.0,4.0,2017,7.0,4.0,,13.0,3274.0,,3287.0,,,,,,,"83,7572545519631",2,,40744,Nzerekore (Adm2). 
2018-0368-GHA,2018,368,FL-2018-000154,Natural,Hydrological,Flood,,,,Ghana,GHA,Western Africa,Africa,"Bakwu West, Talensi Districts",Heavy rains,Broken Dam/Burst bank,,,,,,83998.0,Km2,9.538,-1.066,,,2018,8.0,31.0,2018,10.0,2.0,34.0,,100000.0,,100000.0,,,,,,,"85,8030260572654",2,,16640;190689,"Bawku West, Talensi (Adm2). "
2018-0145-DJI,2018,145,,Natural,Meteorological,Storm,Tropical cyclone,,Cyclone 'Sagar',Djibouti,DJI,Eastern Africa,Africa,,,Flood,,,,,,,Kph,,,,,2018,5.0,20.0,2018,5.0,21.0,2.0,,25000.0,,25000.0,,,,,,,"85,8030260572654",1,1095,,Djibouti (Adm1). 
2018-0104-AGO,2018,104,FL-2018-000029,Natural,Hydrological,Flood,Flash flood,,,Angola,AGO,Middle Africa,Africa,"Luanda, Cuando Cubango, Cuanza Norte",Heavy rains,,,,,,,462991.0,Km2,-11.247,16.007,,,2018,2.0,22.0,2018,3.0,3.0,8.0,,3000.0,,3000.0,,,,,,,"85,8030260572654",1,402;407;408,,"Cuando Cubango, Kuanza Norte, Luanda (Adm1). "
2018-0436-AGO,2018,436,,Natural,Biological,Epidemic,Bacterial disease,,Cholera,Angola,AGO,Middle Africa,Africa,Papelao (Uige province),,,,,,,,,Vaccinated,,,,,2018,10.0,9.0,2018,11.0,12.0,2.0,,139.0,,139.0,,,,,,,"85,8030260572654",,,,
2018-0065-BDI,2018,65,,Natural,Hydrological,Flood,Flash flood,,,Burundi,BDI,Eastern Africa,Africa,"Rugombo, Mpinga-Kayove, Bujumbura Mairie, Bujumbura Rural, Bururi, Ruyigi provinces",Heavy rains,,,,,,,18675.0,Km2,-3.47,29.987,,,2018,1.0,14.0,2018,1.0,24.0,,,12000.0,,12000.0,,,,,,,"85,8030260572654",1,40543;40544;40545;40547;40557;40558,,"Bujumbura Mairie, Bujumbura Rural, Bururi, Cibitoke, Rutana, Ruyigi (Adm1). "
2018-0163-BDI,2018,163,,Natural,Hydrological,Flood,,,,Burundi,BDI,Eastern Africa,Africa,"Bujumbura Mairie, Bujumbura Rural, Makamba provinces.",Torrential Rain,,,Yes,,,,8959.0,Km2,-4.015,29.641,,,2018,4.0,28.0,2018,5.0,1.0,,,23000.0,,23000.0,,,,,,,"85,8030260572654",1,40543;40544;40552,,"Bujumbura Mairie, Bujumbura Rural, Makamba (Adm1). "
2018-0479-BDI,2018,479,FL-2018-000054,Natural,Hydrological,Flood,,,,Burundi,BDI,Eastern Africa,Africa,"Gaharawe, Mushasha I, Mushasha II, Muyange I, Muyange II, Kinyinya I, Kinyinya II, Warubondo, Vugizo (Gatumba)",Intense rain,,,,,,,,Km2,,,,,2018,5.0,4.0,2018,5.0,9.0,,,12956.0,,12956.0,,,,,,,"85,8030260572654",2,,40589,Mutimbuzi (Adm2). 
2018-0103-BWA,2018,103,FL-2018-000028,Natural,Hydrological,Flood,,,,Botswana,BWA,Southern Africa,Africa,"Gweta, Zoroga, Tsookotshaa vilalges (Central district, Mashonaland Central province)",Heavy rain,,,,,,,,Km2,,,,,2018,2.0,23.0,2018,3.0,22.0,,,4225.0,,4225.0,,,,,,,"85,8030260572654",1,654,,Central (Adm1). 
2018-0437-CAF,2018,437,,Natural,Biological,Epidemic,Viral disease,,Hepatitis E,Central African Republic,CAF,Middle Africa,Africa,Bokarangue-Koui district,,,,,,,,,Vaccinated,,,,,2018,9.0,10.0,2018,11.0,18.0,1.0,119.0,,,119.0,,,,,,,"85,8030260572654",,,,
2018-0185-CIV,2018,185,FL-2018-000077,Natural,Hydrological,Flood,,,,Côte dIvoire,CIV,Western Africa,Africa,"Abobo, Adjamé, Attécoubé, Cocody, Kumasi, Yopougon districts (Abidjan); Tiassalé, Toulepleu, San Pedro",Torrential rains,,,,,,,,Km2,,,,,2018,6.0,18.0,2018,6.0,19.0,20.0,,25000.0,,25000.0,,,,,,,"85,8030260572654",1,16838,,District autonome de Abidjan (Adm1). 
2018-0435-CMR,2018,435,,Natural,Biological,Epidemic,Bacterial disease,,Cholera,Cameroon,CMR,Middle Africa,Africa,"North, Far North, Central, Littoral region",,,,,,,,,Vaccinated,,,,,2018,5.0,18.0,2018,11.0,23.0,57.0,942.0,,,942.0,,,,,,,"85,8030260572654",,,,
2018-0162-DZA,2018,162,,Natural,Hydrological,Flood,Flash flood,,,Algeria,DZA,Northern Africa,Africa,"Tiaret, El-Bayadh",Torrential Rain,,,,,,,132889.0,Km2,33.907,3.215,,,2018,4.0,24.0,2018,4.0,28.0,6.0,,200.0,,200.0,,,,,,,"85,8030260572654",1,357;384,,"El Bayadh, Tiaret (Adm1). "
2018-0180-ETH,2018,180,,Natural,Hydrological,Landslide,Landslide,,,Ethiopia,ETH,Eastern Africa,Africa,Gamo Gofa; Sidama,Heavy rains,,,,,,,,,,,,,2018,5.0,20.0,2018,5.0,26.0,32.0,17.0,,,17.0,,,,,,,"85,8030260572654",2,,40838;47699,"Gamo Gofa, Sidama (Adm2). "
2018-0328-ETH,2018,328,,Natural,Hydrological,Landslide,Landslide,,,Ethiopia,ETH,Eastern Africa,Africa,"Isara district in Région des nations, des nationalités et des peuples du Sud (SNNP); Kaffa province",Heavy rains,,,,,,,,,,,,,2018,9.0,4.0,2018,9.0,4.0,12.0,4.0,,,4.0,,,,,36.0,42.0,"85,8030260572654",2,,47698,Dawro (Adm2). 
2018-0487-ETH,2018,487,,Natural,Biological,Epidemic,Viral disease,,Measles,Ethiopia,ETH,Eastern Africa,Africa,"Oromia, Somali, Amhara regions",,,,,,,,,Vaccinated,,,,,2018,10.0,,2019,4.0,,,4000.0,,,4000.0,,,,,,,"85,8030260572654",,,,
2018-0191-GNB,2018,191,ST-2018-000083,Natural,Meteorological,Storm,Convective storm,,,Guinea-Bissau,GNB,Western Africa,Africa,"Antula, Militar, Bor, Bairro Reno, Cuntum, Praca districts (Bissau), Bubaque, Bolama, Biombo, Oio, Sao Domingos regions",,,,,,,,120.0,Kph,,,,,2018,6.0,27.0,2018,6.0,27.0,3.0,,11541.0,,11541.0,,,,,,,"85,8030260572654",1;2,1386;1390;1392,17077;17078;17086,"Biombo, Oio, Sector Autonomo De Bissau (Adm1). Bolama, Bubaque, Sao Domingos (Adm2). "
2019-0165-COM,2019,165,,Natural,Meteorological,Storm,Tropical cyclone,,Cyclone 'Kenneth',Comoros (the),COM,Eastern Africa,Africa,"Grande Comore, Moheli, Anjouan islands ",,Flood,,Yes,Yes,,,185.0,Kph,,,,,2019,4.0,24.0,2019,4.0,25.0,8.0,180.0,345131.0,,345311.0,,,,,,,"87,3580067738847",1,967;968;969,,"Anjouan, Moheli, Ngazidja (Adm1). "
2019-0044-DZA,2019,44,CW-2019-000010,Natural,Meteorological,Extreme temperature ,Cold wave,,,Algeria,DZA,Northern Africa,Africa,"Tizi Ouzou, Medea, Setif, Bourdj Bouriridj, Batna, Bejaia Bouira, Boumerdes, Jijel (northern governorates); Oum El Bouaghi, El Bayedh, Khanchela (high plateau North-East); Naama governortae (West)",,Snow/ice,,,,,,,°C,,,,,2019,1.0,11.0,2019,3.0,22.0,8.0,25.0,125000.0,,125025.0,,,,,,,"87,3580067738847",1,346;348;351;352;353;357;363;364;367;371;374;377;387,,"Batna, Bejaia, Bordj Bou Arrer, Bouira, Boumerdes, El Bayadh, Jijel, Khenchela, Medea, Naama, Oum El Bouaghi, Setif, Tizi Ouzou (Adm1). "
2019-0070-AGO,2019,70,,Natural,Hydrological,Flood,Flash flood,,,Angola,AGO,Middle Africa,Africa,"Cangadala, Cambundi-Catembo, Quirima (Malanje province); Luanda province",Heavy rains,,,,,,,,Km2,,,,,2019,2.0,20.0,2019,2.0,28.0,11.0,,,4255.0,4255.0,,,,,,,"87,3580067738847",2,,4299;4316;4317;4327,"Cambundi-catembo, Cangandala, Luanda, Quirima (Adm2). "
2019-0123-AGO,2019,123,,Natural,Hydrological,Flood,,,,Angola,AGO,Middle Africa,Africa,"Benguela, Luanda, Huíla, Zaire Provinces",Heavy rains,,,,,,,,Km2,,,,,2019,3.0,16.0,2019,3.0,22.0,19.0,,795.0,280.0,1075.0,,,,,,,"87,3580067738847",1,399;406;408;415,,"Benguela, Huila, Luanda, Zaire (Adm1). "
2019-0049-BDI,2019,49,,Natural,Hydrological,Flood,,,,Burundi,BDI,Eastern Africa,Africa,"Nyakabiga, Musaga, Kanyosha, Buterere,Kinama",Heavy rains,,,,,,,,Km2,,,,,2019,1.0,17.0,2019,1.0,21.0,10.0,,,,,,,,,,,"87,3580067738847",2,,40565;40571;40572;40574;40576,"Buterere, Kanyosha, Kinama, Musaga, Nyakabiga (Adm2). "
2019-0211-COG,2019,211,,Natural,Biological,Epidemic,Bacterial disease,,Cholera,Congo (the),COG,Middle Africa,Africa,"Haut-Katanga, South Kivu, Tanganyika, Haut-Lomami, North Kivu ",,,,,,,,350000.0,Vaccinated,,,,,2019,1.0,,2019,6.0,,260.0,12000.0,,,12000.0,,,,,,,"87,3580067738847",,,,
2019-0079-COG,2019,79,,Natural,Biological,Epidemic,Viral disease,,Measles,Congo (the),COG,Middle Africa,Africa,"Haut Lomami, Lualaba, Thsopo, Kasai, Tanganyika",,,,,,,,,Vaccinated,,,,,2019,1.0,,2019,2.0,,,,16246.0,,16246.0,,,,,,,"87,3580067738847",,,,
2019-0212-COG,2019,212,,Natural,Biological,Epidemic,Viral disease,,Measles,Congo (the),COG,Middle Africa,Africa,North Kivu and Ituri provinces,,,,,,Yes,,,Vaccinated,,,,,2019,1.0,,2019,9.0,,3559.0,180000.0,,,180000.0,,,,,,,"87,3580067738847",,,,
2019-0228-GHA,2019,228,,Natural,Hydrological,Flood,Flash flood,,,Ghana,GHA,Western Africa,Africa,"Ngyeresia (Sekondi Takoradi Metropolitan District, Western Region); Accra",Heavy rains,,,,,,,,Km2,,,,,2019,6.0,4.0,2019,6.0,4.0,13.0,,,,,,,,,,,"87,3580067738847",2,,190595;190655,"Accra Metropolis, Sekondi Takoradi (Adm2). "
2016-0336-NGA,2016,336,,Natural,Meteorological,Storm,Convective storm,Lightning/Thunderstorms,,Nigeria,NGA,Western Africa,Africa,"Akwa Ibom, Bauchi, Benue, Borno, Cross River, Delta, Kaduna, Kwara, nawarawa, Yobe, Zamfara states",,Flood,"Slide (land, mud, snow, rock)",,,,,,Kph,,,,,2016,8.0,14.0,2016,9.0,7.0,28.0,,1000.0,,1000.0,,,,,,,"82,010330903136",1,2212,,Akwa Ibom (Adm1). 
2016-0529-MOZ,2016,529,,Natural,Hydrological,Flood,,,,Mozambique,MOZ,Eastern Africa,Africa,"South of the country and capital, Maputo, Gaza, Inhambane, Nampula,Tete, Sofala",Heavy rains,"Slide (land, mud, snow, rock)",,,,,,,Km2,,,,,2016,10.0,,2017,1.0,,47.0,,165000.0,,165000.0,,,,,,,"82,010330903136",1,2113;2114;2118;2120;2121;41373,,"Gaza, Inhambane, Maputo, Nampula, Sofala, Tete (Adm1). "
2016-0546-MOZ,2016,546,,Natural,Meteorological,Storm,Convective storm,Lightning/Thunderstorms,,Mozambique,MOZ,Eastern Africa,Africa,Maputo,,Hail,,,,,,,Kph,,,,,2016,10.0,24.0,2016,10.0,24.0,12.0,200.0,,1500.0,1700.0,,,,,1500.0,1829.0,"82,010330903136",2,,41374,Cidade de Maputo (Adm2). 
2016-9452-KEN,2016,9452,DR-2016-000118,Natural,Climatological,Drought,Drought,,,Kenya,KEN,Eastern Africa,Africa,"Kilifi, Kwale, Tana River, Taita Taveta districts (Coast province), Wajir, Mandera districts (North Eastern province), Marsabit, Makueni, Kitui districts (Eastern province), Samburu district (Rift Valley province), Lamu, Baringo, West Poko, Garissa, Tana river, Isiolo, Laikipia, Turkana, Taita Tavetan Makueni, Narok, Embu (Mbeere), Meru, Tharaka Nithi, Nyeri",Poor performance in the long-rain time period,Food shortage,,,,Yes,,,Km2,,,,,2016,6.0,,2018,1.0,,,,3400000.0,,3400000.0,,,,,,,"82,010330903136",2,,51340;51341;51345;51346;51349;51351;51352;51363;51364;51389,"Kilifi, Kitui, Kwale, Makueni, Mandera, Marsabit, Samburu, Taita Taveta, Tana River, Wajir (Adm2). "
2016-0447-NER,2016,447,EP-2016-000105,Natural,Biological,Epidemic,Viral disease,,Rift Valley,Niger (the),NER,Western Africa,Africa,"Tahoua, Tassara, Tilia, Madaoua,Tchintabaraden, Abalak, Keita",,,,,,,,,Vaccinated,,,,,2016,8.0,,2016,11.0,21.0,23.0,78.0,,,78.0,,,,,,,"82,010330903136",,,,
2016-0337-NGA,2016,337,,Natural,Hydrological,Flood,Riverine flood,,,Nigeria,NGA,Western Africa,Africa,"Gwaram, Dutse, Jahun, Ringim, Hadejia, Babura, Gumel, Malammadori, Birninkudu districts (Jigawa province) ",Heavy rains,,,,,,,,Km2,,,,,2016,9.0,1.0,2016,9.0,20.0,18.0,,,12000.0,12000.0,,,,,,,"82,010330903136",2,,22800;22803;22806;22813;190991;191004;191018;191025;191060,"Babura, Birnin Kudu, Dutse, Gumel, Gwaram, Hadejia, Jahun, Malam Maduri, Ringim (Adm2). "
2016-0547-NGA,2016,547,EP-2017-000030,Natural,Biological,Epidemic,Viral disease,,Meningitis,Nigeria,NGA,Western Africa,Africa,"Zamfara, Sokoto, Katsina, Kebbi, Niger, Kano, Yobe, Jigawa, Plateau, Kogi, Adamawa, Delta, FCT, Nassarawa, Gombe, Taraba, Cross River, Osun, Lagos, Oyo, Benue",,,,,,,,,Vaccinated,,,,,2016,11.0,,2017,7.0,17.0,1166.0,14518.0,,,14518.0,,,,,,,"82,010330903136",,,,
2016-0576-NGA,2016,576,,Natural,Biological,Epidemic,Viral disease,,Lassa fever,Nigeria,NGA,Western Africa,Africa,"Ondo, Edo, Lagos, Plateau, Bauchi, Ogun, Ebonyi, Taraba, Nasarawa, Rivers, Kaduna, Gombe, Cross-River, Borno, Kano, Kogi, Enugu, Anambra, Lagos, Kwara ",,,,,,,,,Vaccinated,,,,,2016,12.0,4.0,2017,11.0,10.0,121.0,914.0,,,914.0,,,,,,,"82,010330903136",,,,
2017-0075-MDG,2017,75,TEC-2017-000023,Natural,Meteorological,Storm,Tropical cyclone,,Cyclone 'Enawo',Madagascar,MDG,Eastern Africa,Africa,"Antalaha district (Sava province), Analanjirofo, Alaotra Mangoro, Atsinanana, Analamanga, Vakinankaratra, Bongolava, Itasy, Ihorombe, Amoron I Mania, Haute Matsiatra, Vatovavy Fitovinany provinces",,Flood,,Yes,,Yes,,300.0,Kph,,,,,2017,3.0,7.0,2017,3.0,10.0,81.0,253.0,434000.0,,434253.0,,,,,20000.0,23879.0,"83,7572545519631",1,41750;41751;41752;41753;41758;41761;41763;41764;41765;41768;41770;41771,,"Alaotra Mangoro, Amoron I Mania, Analamanga, Analanjirofo, Atsinanana, Bongolava, Haute Matsiatra, Ihorombe, Itasy, Sava, Vakinankaratra, Vatovavy Fitovinany (Adm1). "
2017-0051-MOZ,2017,51,FL-2017-000012,Natural,Meteorological,Storm,Tropical cyclone,,Cyclone 'Dineo',Mozambique,MOZ,Eastern Africa,Africa,"Vilankulo, Massinga, Maxixe, Jangamo, Morrumbene Inhambane City, Funhalouro, Homoine, Jangamo, Inharrime, Panda, Zavala (Inhambane province); Chibuto, Guja, Chokwe distrcits (Gaza province)",,Flood,,Yes,,,,100.0,Kph,,,,,2017,2.0,15.0,2017,2.0,15.0,7.0,102.0,750000.0,,750102.0,,,,,17000.0,20297.0,"83,7572545519631",2,,21865;21867;21868;21870;65250,"Jangamo, Massinga, Maxixe, Morrumbene, Vilankulo (Adm2). "
2017-0380-MRT,2017,380,,Natural,Meteorological,Storm,Convective storm,Severe storm,,Mauritania,MRT,Western Africa,Africa,"Boghé, Brakna region, Kiffa, Assaba region",,Flood,,,,,,,Kph,,,,,2017,9.0,4.0,2017,9.0,4.0,18.0,40.0,2000.0,,2040.0,,,,,,,"83,7572545519631",2,,19498;19501,"Boghe, Kiffa (Adm2). "
2017-0415-RWA,2017,415,ST-2017-000143,Natural,Meteorological,Storm,Convective storm,,,Rwanda,RWA,Eastern Africa,Africa,"Rusizi, Nyamasheke, Huye, Bugesera, Gicumbi, Ngoma, Kirehe, Rubavu, Nyabihu",,Flood,,Yes,,,,,Kph,,,,,2017,9.0,17.0,2017,9.0,17.0,3.0,24.0,5850.0,,5874.0,,,,,,,"83,7572545519631",2,,21974;21979;21981;21986;21989;21991;21994;21998;22001,"Bugesera, Gicumbi, Huye, Kirehe, Ngoma, Nyabihu, Nyamasheke, Rubavu, Rusizi (Adm2). "
2017-9468-MDG,2017,9468,,Natural,Climatological,Drought,Drought,,,Madagascar,MDG,Eastern Africa,Africa,"South, South East",,Food shortage,,Yes,,,,,Km2,,,,,2017,1.0,,2018,12.0,,,,1260000.0,,1260000.0,,,,,,,"83,7572545519631",1,41751;41754;41755;41756;41757;41758;41763;41764;41767;41771,,"Amoron I Mania, Androy, Anosy, Atsimo Andrefana, Atsimo Atsinanana, Atsinanana, Haute Matsiatra, Ihorombe, Menabe, Vatovavy Fitovinany (Adm1). "
2017-9343-MRT,2017,9343,OT-2017-000112,Natural,Climatological,Drought,Drought,,,Mauritania,MRT,Western Africa,Africa,"Brakna, Gorgol, Guidimakha",Lack of rain,Food shortage,,Yes,,,,,Km2,,,,,2017,4.0,,2017,8.0,,,,3893774.0,,3893774.0,,,,,,,"83,7572545519631",1,2006;2008;2009,,"Brakna, Gorgol, Guidimakha (Adm1). "
2017-9208-NER,2017,9208,OT-2017-000117,Natural,Climatological,Drought,Drought,,,Niger (the),NER,Western Africa,Africa,"Bosso, Diffa, Goudoumaria, Mainé-Soroa, NGourti, Loga, Ouallam, Bani-Bangou, Abala, Mayahi, Guidan-Roumji, Tanout, Kaniche",,Food shortage,,,,,,,Km2,,,,,2017,5.0,,2017,6.0,,,,1131300.0,,1131300.0,,,,,,,"83,7572545519631",2,,22554;22555;22556;22561;22564;22566;22578;22580;22586;22588,"Diffa, Filingue, Guidan Roumji, Loga, Maine-soroa, Matamey, Mayahi, N'guigmi, Ouallam, Tanout (Adm2). "
2017-0205-KEN,2017,205,,Natural,Hydrological,Flood,Riverine flood,,,Kenya,KEN,Eastern Africa,Africa,"Coastal, Central, Northeastern, Western regions; Mombasa, Kwale, Taveta, Dadaab camp",Heavy rainfall,,,,,,,55028.0,Km2,-2.879,37.88,,,2017,5.0,8.0,2017,5.0,16.0,26.0,,25000.0,,25000.0,194000.0,231622.0,,,,,"83,7572545519631",1,51325;51326;51329;51332,,"Central, Coast, North Eastern, Western (Adm1). "
2017-0557-KEN,2017,557,,Natural,Biological,Epidemic,Bacterial disease,,Cholera,Kenya,KEN,Eastern Africa,Africa,"Embu, Garissa, Kirinyaga, Mombasa, Nairobi, Turkana, Wajir",,,,,,,,,Vaccinated,,,,,2017,1.0,1.0,2017,11.0,29.0,76.0,3967.0,,,3967.0,,,,,,,"83,7572545519631",,,,
2017-0447-KEN,2017,447,EP-2017-000157,Natural,Biological,Epidemic,Viral disease,,Marburg,Kenya,KEN,Eastern Africa,Africa,Trans Nzoia County,,,,,,,,,Vaccinated,,,,,2017,10.0,29.0,2017,11.0,,,1.0,,,1.0,,,,,,,"83,7572545519631",,,,
2017-0552-KEN,2017,552,,Natural,Biological,Epidemic,Viral disease,,Chikungunya,Kenya,KEN,Eastern Africa,Africa,Mombasa,,,,,,,,,Vaccinated,,,,,2017,12.0,15.0,2018,2.0,3.0,,453.0,,,453.0,,,,,,,"83,7572545519631",,,,
2017-0032-MAR,2017,32,CW-2017-000008,Natural,Meteorological,Extreme temperature ,Cold wave,,,Morocco,MAR,Northern Africa,Africa,"Oriental,Taza-Al Hoceima-Tounate, Tanger-Tétouan, Fes Boulame provinces",,,,,,,,-13.0,°C,,,,,2017,1.0,15.0,2017,2.0,26.0,,,900000.0,,900000.0,,,,,,,"83,7572545519631",1,2109;147328;147337;147338,,"Fès-Boulemane, Oriental, Tanger-Tétouan, Taza - Al Hoceima - Taounate (Adm1). "
2017-0054-MAR,2017,54,CW-2016-000016,Natural,Meteorological,Extreme temperature ,Cold wave,,,Morocco,MAR,Northern Africa,Africa,"Figuig district (Oriental province), Taza district (Taza - Al Hoceima - Taounate province), Azilal district (Tadla - Azilal province), Chichaoua district (Marrakech - Tensift - Al Haouz province), Guercif (Taza)",Polar air mass flow,,,,,,,,°C,,,,,2017,2.0,27.0,2017,2.0,27.0,,,750000.0,,750000.0,,,,,,,"83,7572545519631",2,,21791;21799;21818;147348,"Azilal, Chichaoua, Figuig, Taza (Adm2). "
2017-0411-MDG,2017,411,EP-2017-000144,Natural,Biological,Epidemic,Viral disease,,Plague,Madagascar,MDG,Eastern Africa,Africa,"Mangoro Alaotra, Amoron'i Mania, Analamanga, Atsinanana, Betsiboka, Boeny, Bongolava, Haute Matsiatra, Itasy, Sava, Vakinakaratra",,,,,,,,,Vaccinated,,,,,2017,8.0,19.0,2017,11.0,26.0,207.0,2384.0,,,2384.0,,,,,,,"83,7572545519631",,,,
2017-0553-MOZ,2017,553,,Natural,Biological,Epidemic,Bacterial disease,,Cholera,Mozambique,MOZ,Eastern Africa,Africa,"Nampula, Cabo Delgado",,,,,,Yes,,,Vaccinated,,,,,2017,8.0,14.0,2018,2.0,11.0,1.0,1799.0,,,1799.0,,,,,,,"83,7572545519631",,,,
2017-0549-MWI,2017,549,,Natural,Biological,Epidemic,Bacterial disease,,Cholera,Malawi,MWI,Eastern Africa,Africa,"Lilongwe, Karonga, Salima, Rumphi, Dowa, Likoma, and Blantyre",,,,,,,,,Vaccinated,,,,,2017,11.0,24.0,2018,2.0,11.0,6.0,,450.0,,450.0,,,,,,,"83,7572545519631",,,,
2017-0123-MWI,2017,123,FL-2017-000090,Natural,Hydrological,Flood,,,,Malawi,MWI,Eastern Africa,Africa,"Kyungu, Kilipula, Mwakoboko (Karonga district)",,,,,,,,,Km2,,,,,2017,4.0,19.0,2017,5.0,3.0,,,55921.0,,55921.0,,,,,,,"83,7572545519631",2,,19317,Karonga (Adm2). 
2017-0106-NAM,2017,106,FL-2017-000027,Natural,Hydrological,Flood,,,,Namibia,NAM,Southern Africa,Africa,"Oshana, Omusati, Ohangwena, Zambezi regions",heavy rains,,,,,,,,Km2,,,,,2017,1.0,,2017,3.0,,,,2502.0,,2502.0,,,,,,,"83,7572545519631",1,2137;2144;2146;2147,,"Caprivi, Ohangwena, Omusati, Oshana (Adm1). "
2017-0186-NER,2017,186,,Natural,Hydrological,Flood,Riverine flood,,,Niger (the),NER,Western Africa,Africa,"Tillabéri, Niamey, Maradi, Zinder",West African Monsoon,,,,,,,,Km2,,,,,2017,6.0,13.0,2017,6.0,19.0,16.0,,3000.0,,3000.0,,,,,,,"83,7572545519631",1,2205;2206;2208;2209,,"Maradi, Niamey, Tillaberi, Zinder (Adm1). "
2017-0118-NER,2017,118,EP-2017-000037,Natural,Biological,Epidemic,Viral disease,,Meningitis,Niger (the),NER,Western Africa,Africa,"Agadez, Diffa, Dosso, Maradi, Niamey, Tahoua, Tillabery, Zinder",,,,,,,,,Vaccinated,,,,,2017,1.0,1.0,2017,3.0,31.0,84.0,1294.0,,,1294.0,,,,,,,"83,7572545519631",,,,
2017-0305-NER,2017,305,,Natural,Biological,Epidemic,Viral disease,,Hepatitis E Virus,Niger (the),NER,Western Africa,Africa,"Bosso, Diffa, Goudoumaria, Maine Soroa, N'Guigmi districts",,,,,,,,,Vaccinated,,,,,2017,6.0,29.0,2017,6.0,29.0,34.0,1096.0,,,1096.0,,,,,,,"83,7572545519631",,,,
2017-0370-NER,2017,370,FL-2017-000078,Natural,Hydrological,Flood,,,,Niger (the),NER,Western Africa,Africa,"Agadez, Diffa, Dosso, Maradi, Niamey, Tahoua, Tillabery,Zinder",Torrential rains,,,Yes,,,,184437.0,Km2,14.617,4.402,,,2017,8.0,26.0,2017,9.0,15.0,56.0,,206513.0,,206513.0,,,,,10000.0,11939.0,"83,7572545519631",1,2202;2203;2204;2205;2206;2207;2208;2209,,"Agadez, Diffa, Dosso, Maradi, Niamey, Tahoua, Tillaberi, Zinder (Adm1). "
2017-0318-NGA,2017,318,,Natural,Biological,Epidemic,Bacterial disease,,Cholera,Nigeria,NGA,Western Africa,Africa,"Asa, Ilorin East, Ilorin South, Ilorin West, Moro (Kwara state)",,,,,,,,,Vaccinated,,,,,2017,6.0,7.0,2017,8.0,3.0,11.0,1558.0,,,1558.0,,,,,,,"83,7572545519631",,,,
2017-0315-NGA,2017,315,,Natural,Biological,Epidemic,Viral disease,,Hepatitis E,Nigeria,NGA,Western Africa,Africa,"Ngala, Mobbar, Monguno",,,,,,,,,Vaccinated,,,,,2017,5.0,3.0,2017,7.0,2.0,,146.0,,,146.0,,,,,,,"83,7572545519631",,,,
2017-0272-NGA,2017,272,,Natural,Hydrological,Flood,,,,Nigeria,NGA,Western Africa,Africa,"Ekiti, Osun, Akwa Ibom, Kebbi, Niger (Suleja, Tafa), Kwara, Ebonyi, Enugu, Abia, Oyo (Ibadan), Lagos (Victoria Island, Lekki, Oniru), Plateau, Sokoto, Edo, Bayelsa",,,,,,,,,Km2,,,,,2017,7.0,8.0,2017,7.0,9.0,20.0,,,500.0,500.0,5100.0,6089.0,,,,,"83,7572545519631",1,2212;2219;2227;2229;2230;2231;2234;2235;65698;65700;65701;65702;65703;65707;65709,,"Abia, Akwa Ibom, Bayelsa, Ebonyi, Edo, Ekiti, Enugu, Kebbi, Kwara, Lagos, Niger, Osun, Oyo, Plateau, Sokoto (Adm1). "
2017-0378-NGA,2017,378,FL-2017-000126,Natural,Hydrological,Flood,,,,Nigeria,NGA,Western Africa,Africa,"Benue (Makurdi), Kogi (Lokoja, Sarkin Noma suburbs, Ibaji, Igalamela-Odolu, Ajaokuta, Bassa, Koton-Karfe ) states",Heavy rains,,,,,,,86947.0,Km2,8.169,9.45,,"Benue, Niger",2017,8.0,15.0,2017,9.0,19.0,,,10000.0,,10000.0,,,,,,,"83,7572545519631",1;2,2215,22902;22906;22907;191205;191251;191265,"Benue (Adm1). Ajaokuta, Bassa, Ibaji, Igalamela-Odolu, Koton-Karfe, Lokoja (Adm2). "
2017-0087-RWA,2017,87,ST-2017-000035,Natural,Meteorological,Storm,Convective storm,Severe storm,,Rwanda,RWA,Eastern Africa,Africa,Gatsibo district (Eastern Province),,,,,,,,,Kph,,,,,2017,4.0,1.0,2017,4.0,1.0,,4.0,675.0,,679.0,,,,,,,"83,7572545519631",2,,21978,Gatsibo (Adm2). 
2018-0008-MDG,2018,8,TC-2018-000001,Natural,Meteorological,Storm,Tropical cyclone,,Cyclone 'Ava',Madagascar,MDG,Eastern Africa,Africa,"Antananarivo Atsimondrano, Antananarivo Avaradrano, Antananarivo Renivohitra (Analamanga); Fenerive Eet, Manama, Maroantsetra, Sainte Marie, Soanierana Ivongo (Analanjirofo), Befotaka, Faraganga, Vaingaindrano (Astimo Atsinanana); Antanamabo Manampotsy, Brickaville, Mahanoro, Toasmasina I et II, Vatomandry (Atsinanana); Mahanja (Boeny); Miandrivazo (Menabe); Ambohimahaso (Haute Matsiatra); Antalaha, Sambava, Andapa, Vohemar (SAVA); Mampikony (Sofia); Ifanadiana, Manakara, Mananjary, Nosy Varika, Vohipeno (Vatovavy Fitovanmay)",,Flood,"Slide (land, mud, snow, rock)",,,,,165.0,Kph,,,,,2018,1.0,5.0,2018,1.0,8.0,73.0,,161318.0,,161318.0,,,,,,,"85,8030260572654",1;2,41752,154553;154554;154556;154557;154558;154614;154615,"Analamanga (Adm1). Brickaville, Mahanoro, Mananjary, Nosy-Varika, Toamasina I, Toamasina II, Vatomandry (Adm2). "
2018-0104-RWA,2018,104,FL-2018-000029,Natural,Hydrological,Flood,Flash flood,,,Rwanda,RWA,Eastern Africa,Africa,"Nyundo, Nyakiliba, Rugerero, Kanama (Rubavu District, Western Province)",Heavy rains,"Slide (land, mud, snow, rock)",,,,,,,Km2,,,,Sebeya River,2018,3.0,3.0,2018,3.0,5.0,24.0,51.0,26000.0,,26051.0,,,,,22000.0,25640.0,"85,8030260572654",2,,21998,Rubavu (Adm2). 
2018-0208-RWA,2018,208,,Natural,Hydrological,Landslide,Landslide,,,Rwanda,RWA,Eastern Africa,Africa,Rwankuba (Karongi district),,"Slide (land, mud, snow, rock)",,,,,,,,,,,,2018,5.0,6.0,2018,5.0,6.0,18.0,12.0,,,12.0,,,,,28000.0,32633.0,"85,8030260572654",2,,21983,Karongi (Adm2). 
2018-0148-KEN,2018,148,,Natural,Hydrological,Flood,,,,Kenya,KEN,Eastern Africa,Africa,"Near Nakuru, Rongai region",,Broken Dam/Burst bank,,,,,,,Km2,,,,,2018,5.0,9.0,2018,5.0,10.0,47.0,,,,,,,,,,,"85,8030260572654",2,,51386,Nakuru (Adm2). 
2018-0086-MDG,2018,86,,Natural,Meteorological,Storm,Tropical cyclone,,Tropical storm 'Eliakim',Madagascar,MDG,Eastern Africa,Africa,"Mandritsara, Soanierana Ivongo, Masoala, SAVA, Analanjirofo, Sofia,Alaotra Mangoro, Antsinana, Diana, Vatovavy Fitovinany regions",,Flood,,,,,,105.0,Kph,,,,,2018,3.0,14.0,2018,3.0,20.0,21.0,,50872.0,,50872.0,,,,,,,"85,8030260572654",1,41750;41753;41762;41768;41769;41771,,"Alaotra Mangoro, Analanjirofo, Diana, Sava, Sofia, Vatovavy Fitovinany (Adm1). "
2018-0029-MUS,2018,29,TC-2018-000007,Natural,Meteorological,Storm,Tropical cyclone,,Tropical storm 'Berguitta',Mauritius,MUS,Eastern Africa,Africa,"Rodrigues island, Rivière du Rempart, Pamplemousse, Port Louis, Flacq, Plaines Wilhems, Black River",,Flood,,,,,,120.0,Kph,,,,,2018,1.0,15.0,2018,1.0,21.0,,,30000.0,,30000.0,,,,,,,"85,8030260572654",1,2017;2018;2019;2022;2023;2024;2025,,"Administrative unit not available, Black River, Flacq, Pamplemousses, Plaines Wilhems, Port Louis, Riviere Du Rempart (Adm1). "
2018-0029-REU,2018,29,TC-2018-000007,Natural,Meteorological,Storm,Tropical cyclone,,Tropical storm 'Berguitta',Réunion,REU,Eastern Africa,Africa,Saint-Pierre,,Flood,,,,,,,Kph,,,,River DAbord,2018,1.0,18.0,2018,1.0,18.0,,,200.0,,200.0,,,,,,,"85,8030260572654",1,2591,,Arrondissement souse le vent (Adm1). 
2018-9191-NAM,2018,9191,,Natural,Climatological,Drought,Drought,,,Namibia,NAM,Southern Africa,Africa,"Hardap, Kavango East, Khomas, Kunene, Ohangewna, Omusati, Omaheke, Zambezi ",,Food shortage,,Yes,Yes,Yes,,,Km2,,,,,2018,10.0,,2020,12.0,,,,556000.0,,556000.0,,,,,,,"85,8030260572654",1,2137;2139;2141;2142;2143;2144;2145;2146,,"Caprivi, Hardap, Kavango, Khomas, Kunene, Ohangwena, Omaheke, Omusati (Adm1). "
2018-0030-MAR,2018,30,CW-2018-000008,Natural,Meteorological,Extreme temperature ,Cold wave,,,Morocco,MAR,Northern Africa,Africa,"Chefchaouen, Midelt, Agadir, Ouarzazate, Guercif, Zagora, Taroudant",,Snow/ice,,,,,,-5.0,°C,,,,,2018,1.0,5.0,2018,1.0,9.0,,,70000.0,,70000.0,,,,,,,"85,8030260572654",2,,21791;21794;21808;21826;147356;147359;147360,"Agadir-Ida ou Tanane, Chefchaouen, Kh??nifra, Ouarzazate, Taroudannt, Taza, Zagora (Adm2). "
2018-0116-KEN,2018,116,,Natural,Hydrological,Flood,,,,Kenya,KEN,Eastern Africa,Africa,Nairobi,Heavy rains,,,,,,,,Km2,,,,"Ngong, Athi rivers",2018,3.0,14.0,2018,3.0,20.0,15.0,,,,,,,,,,,"85,8030260572654",1,51328,,Nairobi (Adm1). 
2018-0132-KEN,2018,132,,Natural,Hydrological,Flood,,,,Kenya,KEN,Eastern Africa,Africa,"Tana river, Garissa, Kisumu, Mandera, Samburu, Tarkana, Isiolo, WAjir",Heavy rains,,,,,,,,Km2,,,,,2018,3.0,14.0,2018,5.0,31.0,72.0,33.0,211155.0,,211188.0,,,,,350000.0,407911.0,"85,8030260572654",2,,51346;51348;51361;51363;51364;51369;51389;51392,"Garissa, Isiolo, Kisumu, Mandera, Samburu, Tana River, Turkana, Wajir (Adm2). "
2018-0433-MDG,2018,433,EP-2018-000417,Natural,Biological,Epidemic,Viral disease,,Measles,Madagascar,MDG,Eastern Africa,Africa,"Antananarivo-Renivohitra district; Tanà South, Tanà North, Ambohidratrimo districts (Analamanga region)",,,,,,Yes,,,Vaccinated,,,,,2018,10.0,4.0,2019,1.0,7.0,,98415.0,,,98415.0,,,,,,,"85,8030260572654",,,,
2018-0441-MLI,2018,441,FL-2018-000140,Natural,Hydrological,Flood,,,,Mali,MLI,Western Africa,Africa,"Kayes city, Goumera village, Kita city (Kayes); Kolokani town, Kénèkoun, Toubakoro, Sandia (Koulikoro), Sikasso town, Biramabougou, Koutiala, Koury, Sona, Zegoua (Sikasso), Timbuktu, Diré, Niafunké (Timbuktu), Gao, Bourem, Ansongo (Gao), Aguelhok, Tessalit, Intachdayte, Essouk (Kidal)",Heavy rains,,,,,,,,Km2,,,,,2018,8.0,7.0,2018,8.0,19.0,,,13150.0,,13150.0,,,,,,,"85,8030260572654",1;2,1929;1930;1933,19372;19373;19374;19378;19380;19416;19419;19420,"Kidal, Koulikoro, Sikasso (Adm1). Ansongo, Bourem, Dire, Gao, Kayes, Kita, Niafunke, Tombouctou (Adm2). "
2018-0039-MOZ,2018,39,FL-2018-000018,Natural,Hydrological,Landslide,,,,Mozambique,MOZ,Eastern Africa,Africa,Hulene (Maputo),Heavy rains,,,,,,,,,,,,,2018,2.0,18.0,2018,2.0,19.0,17.0,,300.0,,300.0,,,,,,,"85,8030260572654",2,,41374,Cidade de Maputo (Adm2). 
2018-0048-MOZ,2018,48,,Natural,Hydrological,Flood,,,,Mozambique,MOZ,Eastern Africa,Africa,"Nampula, Niassa, Cabo Delgado, Mozambique Isl.",Heavy rains,,,,,,,,Km2,,,,,2018,1.0,16.0,2018,1.0,22.0,11.0,,,77150.0,77150.0,,,,,5100.0,5944.0,"85,8030260572654",1,2112;2118;2119,,"Cabo Delgado, Nampula, Niassa (Adm1). "
2018-9469-MRT,2018,9469,DR-2018-000063,Natural,Climatological,Drought,Drought,,,Mauritania,MRT,Western Africa,Africa,,Irregular seasonal rainfall in 2017,,,Yes,,,,,Km2,,,,,2018,3.0,,2019,12.0,,,,350600.0,,350600.0,,,,,,,"85,8030260572654",2,,19494;19503;19508,"Barkeol, Maghta Lahjar, Monguel (Adm2). "
2018-0104-MWI,2018,104,FL-2018-000029,Natural,Hydrological,Flood,Flash flood,,,Malawi,MWI,Eastern Africa,Africa,"Chikwawa District; Ntandire Township, Lilongwe",Heavy rain,,,,,,,60622.0,Km2,-14.926,34.367,,,2018,2.0,22.0,2018,3.0,7.0,,,200.0,,200.0,,,,,,,"85,8030260572654",2,,19310;19322,"Chikwawa, Lilongwe (Adm2). "
2018-0064-MWI,2018,64,,Natural,Hydrological,Flood,,,,Malawi,MWI,Eastern Africa,Africa,"Karonga, Kyungu, Salima, Lilongwe district, Phalombe",Heavy rains,,,,,,,25660.0,Km2,-10.351,33.847,,North Rukuru River,2018,2.0,1.0,2018,2.0,14.0,1.0,,300.0,,300.0,,,,,,,"85,8030260572654",2,,19317,Karonga (Adm2). 
2018-0164-MWI,2018,164,,Natural,Hydrological,Flood,,,,Malawi,MWI,Eastern Africa,Africa,"Bundi, Chankholombe (Karonga District); Salima and Nkhotakota districts",Heavy Rain,,,,,,,37320.0,Km2,-11.158,34.02,,"Rukuru, Rufilya, Kibwe, Changwima, Kyungu, Iponga and Songwe Rivers",2018,4.0,11.0,2018,4.0,17.0,4.0,,9113.0,,9113.0,,,,,,,"85,8030260572654",2,,19312;19315;19317,"Karonga, Nkhotakota, Salima (Adm2). "
2018-0298-NER,2018,298,EP-2018-000132,Natural,Biological,Epidemic,Bacterial disease,,Cholera,Niger (the),NER,Western Africa,Africa,"Madarounfa, Maradi Commune, Guidan Roumdji, Dakoro, Aguié (Maradi region), Gaya (Dosso region), Damagaran Takaya, Mirriah (Zinder region), Birni NKonni, Malbaza, Keita and Madaoua (Tahoua region).",,,,,,,,,Vaccinated,,,,,2018,7.0,5.0,2018,10.0,1.0,78.0,3824.0,,,3824.0,,,,,,,"85,8030260572654",,,,
2018-0232-NER,2018,232,,Natural,Hydrological,Flood,,,,Niger (the),NER,Western Africa,Africa,"Maradi, Agadez, Diffa , Zinder",,,,,,,,,Km2,,,,,2018,6.0,,2018,8.0,31.0,36.0,,130468.0,,130468.0,,,,,,,"85,8030260572654",1,2202;2203;2205;2209,,"Agadez, Diffa, Maradi, Zinder (Adm1). "
2018-0077-NGA,2018,77,EP-2018-000022,Natural,Biological,Epidemic,Viral disease,,Lassa fever,Nigeria,NGA,Western Africa,Africa,"Anambra, Bauchi, Benue, Delta, Ebonyi, Edo, Ekite, Federal Capital Territory, Gombe, Imo, Kogi, Lagos, Nasarawa, Ondo, Osun, Plateau, Rivers, Taraba",,,,,,,,,Vaccinated,,,,,2018,1.0,1.0,2018,7.0,8.0,90.0,1081.0,,,1081.0,,,,,,,"85,8030260572654",,,,
2018-0238-NGA,2018,238,FL-2018-000120,Natural,Hydrological,Flood,,,,Nigeria,NGA,Western Africa,Africa,"Jibia district; Yobe, Edo, Ogun, Katsina, Ondo, Baucho, Niger, Abuja states",Torrential rains,,,,,,,,Km2,,,,,2018,7.0,13.0,2018,7.0,16.0,101.0,171.0,15701.0,,15872.0,,,,,,,"85,8030260572654",1,2219;2221;2226;2231;2232;2240;65699;65706,,"Abuja, Bauchi, Edo, Katsina, Niger, Ogun, Ondo, Yobe (Adm1). "
2018-0365-NGA,2018,365,,Natural,Hydrological,Flood,,,,Nigeria,NGA,Western Africa,Africa,"Kogi, Delta, Anambra, Niger",Heavy rains,,,,,Yes,,257477.0,Km2,10.475,8.238,,,2018,9.0,20.0,2018,10.0,2.0,199.0,1306.0,1921026.0,,1922332.0,,,,,275000.0,320502.0,"85,8030260572654",1,2213;2218;2228;2231,,"Anambra, Delta, Kogi, Niger (Adm1). "
2019-0020-MDG,2019,20,,Natural,Hydrological,Flood,,,,Madagascar,MDG,Eastern Africa,Africa,Antananarivo,Heavy rains,Collapse,"Slide (land, mud, snow, rock)",,,,,,Km2,,,,,2019,1.0,19.0,2019,1.0,20.0,9.0,,,,,,,,,,,"87,3580067738847",2,,123870;123871;123872;123873;123874;123875;154522;154523,"Antananarivo Atsimondrano, Antananarivo Avaradrano, Antananarivo I, Antananarivo II, Antananarivo III, Antananarivo IV, Antananarivo V, Antananarivo VI (Adm2). "
2019-0110-MOZ,2019,110,TC-2019-000021,Natural,Meteorological,Storm,Tropical cyclone,,Cyclone 'Idai',Mozambique,MOZ,Eastern Africa,Africa,"Beira (Sofala province); Zambezia, Manica and Inhambane provinces",,"Slide (land, mud, snow, rock)",,Yes,,Yes,,140.0,Kph,,,,,2019,3.0,14.0,2019,3.0,15.0,603.0,1500.0,1500000.0,,1501500.0,,,150000.0,171707.0,2000000.0,2289430.0,"87,3580067738847",1;2,2114;2115;2122,65263,"Inhambane, Manica, Zambezia (Adm1). Cidade da Beira (Adm2). "
2019-9145-KEN,2019,9145,DR-2019-000024,Natural,Climatological,Drought,Drought,,,Kenya,KEN,Eastern Africa,Africa,"West Pokot, Tharaka Nithi, Samburu, Nyeri (Kieni), Marsabit, Mandera, Lamu, Laikipia, Kitui, Kilifi, Isiolo, Garissa, Embu, Baringo, Turkana, Wajir",Two consecutive poor rainy seasons,Food shortage,,Yes,,,,,Km2,,,,,2019,1.0,,2019,9.0,,,,2600000.0,,2600000.0,,,,,,,"87,3580067738847",2,,51338;51340;51342;51347;51348;51349;51352;51359;51361;51363;51364;51377;51384;51389;51392;51394,"Baringo, Embu, Garissa, Isiolo, Kilifi, Kitui, Laikipia, Lamu, Mandera, Marsabit, Nyeri, Samburu, Tharaka, Turkana, Wajir, West Pokot (Adm2). "
2019-0192-KEN,2019,192,,Natural,Biological,Epidemic,Bacterial disease,,Cholera,Kenya,KEN,Eastern Africa,Africa,"Narok, Kajiado, Nairobi, Garissa, Machakos counties",,,,,,,,,Vaccinated,,,,,2019,1.0,,2019,5.0,2.0,26.0,3847.0,,,3847.0,,,,,,,"87,3580067738847",2,,51350;51360;51361;51380;51388,"Garissa, Kajiado, Machakos, Nairobi, Narok (Adm2). "
2019-0224-LBY,2019,224,,Natural,Hydrological,Flood,,,,Libya,LBY,Northern Africa,Africa,Ghat municipality,,,,,,,,151027.0,Km2,24.555,12.691,,,2019,5.0,28.0,2019,6.0,5.0,4.0,30.0,20000.0,,20030.0,,,,,7100.0,8127.0,"87,3580067738847",1,1837,,Awbari (ubari) (Adm1). 
2019-0110-MDG,2019,110,TC-2019-000021,Natural,Meteorological,Storm,Tropical cyclone,,Cyclone 'Idai',Madagascar,MDG,Eastern Africa,Africa,Besalampy (Melaky),,,,,,,,,Kph,,,,,2019,3.0,15.0,2019,3.0,15.0,3.0,,1100.0,,1100.0,,,,,,,"87,3580067738847",2,,154587,Besalampy (Adm2). 
2019-0200-MLI,2019,200,,Natural,Hydrological,Flood,,,,Mali,MLI,Western Africa,Africa,Bamako,Heavy rains,,,,,,,,Km2,,,,,2019,5.0,16.0,2019,5.0,16.0,15.0,2.0,505.0,,507.0,,,,,,,"87,3580067738847",1,1926,,Bamako (Adm1). 
2019-0165-MOZ,2019,165,,Natural,Meteorological,Storm,Tropical cyclone,,Cyclone 'Kenneth',Mozambique,MOZ,Eastern Africa,Africa,Cabo Delgado,,,,Yes,,,,300.0,Kph,,,,,2019,4.0,25.0,2019,4.0,25.0,45.0,94.0,400000.0,,400094.0,,,,,230000.0,263284.0,"87,3580067738847",1,2112,,Cabo Delgado (Adm1). 
2019-0131-MOZ,2019,131,,Natural,Biological,Epidemic,Bacterial disease,,Cholera and AWD,Mozambique,MOZ,Eastern Africa,Africa,"Beira, Buzi, Dondo, Nhamatanda districts (Sofala Province)",,,,,,,,745609.0,Vaccinated,,,,,2019,3.0,,2019,4.0,18.0,,3577.0,,,3577.0,,,,,,,"87,3580067738847",,,,
2019-0048-MOZ,2019,48,,Natural,Hydrological,Flood,,,,Mozambique,MOZ,Eastern Africa,Africa,Zambezia and Niassa provinces,Heavy seasonal rains,,,,,,,,Km2,,,,,2019,1.0,1.0,2019,1.0,31.0,18.0,,,,,,,,,,,"87,3580067738847",1,2119;2122,,"Niassa, Zambezia (Adm1). "
2019-0099-MOZ,2019,99,,Natural,Hydrological,Flood,,,,Mozambique,MOZ,Eastern Africa,Africa,"Tete, Zambeze provinces",Heavy rains,,,,,,,,Km2,,,,,2019,3.0,9.0,2019,3.0,11.0,10.0,,63000.0,,63000.0,,,,,,,"87,3580067738847",1,2121;2122,,"Tete, Zambezia (Adm1). "
2019-0187-MWI,2019,187,,Natural,Hydrological,Landslide,Landslide,,,Malawi,MWI,Eastern Africa,Africa,Rumphi District ,Heavy rains,,,,,,,,,,,,,2019,4.0,20.0,2019,4.0,20.0,8.0,9.0,100.0,,109.0,,,,,,,"87,3580067738847",2,,19320,Rumphi (Adm2). 
2019-0048-MWI,2019,48,,Natural,Hydrological,Flood,,,,Malawi,MWI,Eastern Africa,Africa,"Makhuwira, Paramount Chief Lundu (Chikwawa)",,,,,,,,,Km2,,,,,2019,1.0,1.0,2019,1.0,31.0,,,15974.0,,15974.0,,,,,,,"87,3580067738847",2,,19322,Chikwawa (Adm2). 
2019-0101-MWI,2019,101,,Natural,Hydrological,Flood,,,,Malawi,MWI,Eastern Africa,Africa,"Balaka, Blantyre, Blantyre city, Chickwawa, Dedza, Machinga, Mangochi, Mulanje, Mwanza, Neno, Nsanje, Ntcheu, Phalombe, Thyiolo, Zomba city, Zomba, Chiradzulu","Torrential rains, Tropical Storm 'Idai'",,,Yes,,,,77813.0,Km2,-14.53,34.317,,,2019,3.0,4.0,2019,3.0,10.0,60.0,672.0,975000.0,,975672.0,,,,,,,"87,3580067738847",2,,19307;19313;19321;19322;19323;19325;19328;19329;19330;42174;42175;42176;42177;65270;65271,"Balaka, Blantyre, Chikwawa, Chiradzulu, Dedza, Machinga, Mangochi, Mulanje, Mwanza, Neno, Nsanje, Ntcheu, Phalombe, Thyolo, Zomba (Adm2). "
2019-0115-NGA,2019,115,,Natural,Biological,Epidemic,Viral disease,,Measles,Nigeria,NGA,Western Africa,Africa,Borno State,,,,,,,,,Vaccinated,,,,,2019,1.0,,2019,5.0,,72.0,22000.0,,,22000.0,,,,,,,"87,3580067738847",,,,
2016-0451-COD,2016,451,,Natural,Hydrological,Flood,Flash flood,,,Congo (the Democratic Republic of the),COD,Middle Africa,Africa,"Gemena city (Sud-Ubangi district, Equateur province)",Heavy rains,Storm,,,,,,,Km2,,,,"Mombonga, Sukia and Labo rivers",2016,11.0,9.0,2016,11.0,9.0,,7.0,2628.0,,2635.0,,,,,,,"82,010330903136",2,,14972,Sud-Ubangi (Adm2). 
2016-0523-ZWE,2016,523,,Natural,Meteorological,Storm,Convective storm,Lightning/Thunderstorms,,Zimbabwe,ZWE,Eastern Africa,Africa,"Mangwe, Bulilima, Guruve, Nkayi",,Flood,,,,,,,Kph,,,,,2016,12.0,9.0,2016,12.0,14.0,31.0,,2000.0,,2000.0,,,,,,,"82,010330903136",2,,33092;68806;68808;68810,"Bulilima, Guruve, Mangwe, Nkayi (Adm2). "
2016-0344-SDN,2016,344,,Natural,Biological,Epidemic,Bacterial disease,,,Sudan (the),SDN,Northern Africa,Africa,"Bue Nyle, Kassala",,,,,,,,,Vaccinated,,,,,2016,9.0,19.0,2016,9.0,19.0,19.0,632.0,,,632.0,,,,,,,"82,010330903136",,,,
2016-0449-SEN,2016,449,,Natural,Hydrological,Flood,,,,Senegal,SEN,Western Africa,Africa,"Mbane, Gaya, Gnith, Bokhol, Ronkh, Richard-Toll municipalities (Dagana district, Saint Louis province), Touba city (Kaolack district, Kaolack province), Kaffrine, Fatick provinces",Heavy rains,,,,,,,,Km2,,,,,2016,7.0,,2016,9.0,11.0,5.0,106.0,10540.0,,10646.0,,,,,,,"82,010330903136",1,1373;1378;47586;47589,,"Fatick, Kaffrine, Kaolack, Saint louis (Adm1). "
2016-0548-SOM,2016,548,,Natural,Biological,Epidemic,Bacterial disease,,Diarrhoea/Cholera,Somalia,SOM,Eastern Africa,Africa,,,,,,,,,,Vaccinated,,,,,2016,1.0,,2016,11.0,,497.0,14165.0,,,14165.0,,,,,,,"82,010330903136",,,,
2016-0329-TZA,2016,329,EQ-2016-000098,Natural,Geophysical,Earthquake,Ground movement,,,"Tanzania, United Republic of",TZA,Eastern Africa,Africa,"Bukoba, Karagwe, Missenyi district (Kagera province) ",,,,,,,,6.0,Richter,1.036,31.618,15.27,,2016,9.0,10.0,2016,9.0,10.0,17.0,440.0,139161.0,,139601.0,,,,,458000.0,558466.0,"82,010330903136",2,,48404;48405;115034;115102,"Bukoba Rural, Bukoba Urban, Karagwe, Missenyi (Adm2). "
2016-0329-UGA,2016,329,EQ-2016-000098,Natural,Geophysical,Earthquake,Ground movement,,,Uganda,UGA,Eastern Africa,Africa,"Minziro, Kanabulemu parish (Kakuuto district, Rakai province)",,,,,,,,6.0,Richter,-1.036,31.618,,,2016,9.0,10.0,2016,9.0,10.0,4.0,,,590.0,590.0,,,,,,,"82,010330903136",2,,28525,Kakuuto (Adm2). 
2016-0478-ZAF,2016,478,,Natural,Hydrological,Flood,Flash flood,,,South Africa,ZAF,Southern Africa,Africa,"Gauteng, KwaZulu Natal provinces",,,,,,,,,Km2,,,,Jukskei Rive,2016,11.0,9.0,2016,11.0,9.0,6.0,,600.0,,600.0,,,,,100000.0,121936.0,"82,010330903136",1,2708;77311,,"Gauteng, KwaZulu-Natal (Adm1). "
2016-0507-COD,2016,507,,Natural,Hydrological,Flood,Flash flood,,,Congo (the Democratic Republic of the),COD,Middle Africa,Africa,Boma district (Bas-Congo province),Torrential rains,,,,,,,,Km2,,,,Kalamu river,2016,12.0,27.0,2016,12.0,28.0,50.0,,,10000.0,10000.0,,,,,,,"82,010330903136",2,,74353,Boma (Adm2). 
2016-0419-COD,2016,419,,Natural,Biological,Epidemic,Viral disease,,Yellow fever,Congo (the Democratic Republic of the),COD,Middle Africa,Africa,"Kongo Central, Kinshasa provinces, Ndjili, Kinshasa; Matadi, Kongo (Central province)",,,,,,,,,Vaccinated,,,,,2016,1.0,,2016,5.0,11.0,,551.0,,,551.0,,,,,,,"82,010330903136",,,,
2016-0439-COD,2016,439,,Natural,Biological,Epidemic,Viral disease,,Measles,Congo (the Democratic Republic of the),COD,Middle Africa,Africa,Tanganyika province,,,,,,,,,Vaccinated,,,,,2016,,,2016,10.0,31.0,55.0,2087.0,,,2087.0,,,,,,,"82,010330903136",,,,
2016-0575-SSD,2016,575,,Natural,Biological,Epidemic,Bacterial disease,,Cholera,South Sudan,SSD,Northern Africa,Africa,Al Wahdah state,Flood #2016-0327,,,,,,,,Vaccinated,,,,,2016,8.0,15.0,2016,8.0,15.0,15.0,,,,,,,,,,,"82,010330903136",1,2747,,Unity (Adm1). 
2016-0327-SSD,2016,327,,Natural,Hydrological,Flood,,,,South Sudan,SSD,Northern Africa,Africa,"Al Wahdah state (RIak, Kuerbokni, Ruathnybol, Wangkei, Bieh, Mayom cities)",Heavy rains,,,,,,,,Km2,,,,,2016,7.0,1.0,2016,8.0,31.0,,,22000.0,,22000.0,,,,,,,"82,010330903136",1,2747,,Unity (Adm1). 
2017-0178-ZAF,2017,178,,Natural,Meteorological,Storm,Convective storm,Lightning/Thunderstorms,,South Africa,ZAF,Southern Africa,Africa,"Kraaifontein, Lavender Hill, Strand, Kalkfontein, Delft, Mfuleni, Mandalay, Hout Bay, Kraaifontein (Cape Town), Rheenendal, Welbedacht, Knysna, Pacaltsdorp, Mossel Bay, George to Plettenberg bay (Eden), Welbedacht (Cape Winelands)",,Fire,Flood,,,,,,Kph,,,,,2017,6.0,7.0,2017,6.0,8.0,9.0,,6918.0,,6918.0,,,145000.0,173119.0,283000.0,337881.0,"83,7572545519631",2,,77317;77327;77349,"Cape Winelands District Municipality, City of Cape Town Metropolitan Municipality, Eden District Municipality (Adm2). "
2017-0091-ZWE,2017,91,FL-2017-000020,Natural,Meteorological,Storm,Tropical cyclone,,Tropical depression 'Ex-Dineo',Zimbabwe,ZWE,Eastern Africa,Africa,"Chitungwiza (Harare), Makoni, Nyanga (Manicaland), Bindura, Centenary, Mazowe, Rushinga, Shamva, Mbire (Mashonaland Central), Goromonzi, Hwedza, Mudzi, Murehwa, Seke, Uzumba-Maramba-Pfungwe, Chikomba (Mashonaland East), Chegutu, Kadoma, Makonde, Kariba (Mashonaland West), Gutu, Zaka, Chiredzi, Mwenezi, Chivi (Masvingo), Tsholotsho, Bubi, Chipinge, Umguza (Matabeleland North), Matobo, Bulilima, Gwanda, Mangwe, Insiza (Matabeleland South), Chirumhanzu, Gweru, Kwekwe, Shurugwi, Zvishavane, Gokwe, Mberengwa (Midlands)",Torrential rains,"Slide (land, mud, snow, rock)",Flood,,Yes,Yes,,,Kph,,,,,2017,1.0,,2017,3.0,,251.0,128.0,100000.0,12895.0,113023.0,,,,,189000.0,225652.0,"83,7572545519631",2,,33055;33056;33059;33060;33061;33063;33065;33066;33067;33068;33070;33071;33073;33074;33075;33077;33078;33079;33082;33083;33084;33086;33087;33089;33093;33094;33097;33098;33099;33101;33103;33104;33105;33106;33107;40749;40750;40751;68806;68807;68810;68811,"Bindura, Bubi, Bulilima, Centenary, Chegutu, Chikomba, Chipinge, Chiredzi, Chirumhanzu, Chitungwiza, Chivi, Gokwe North, Gokwe South, Goromonzi, Gutu, Gwanda, Gweru, Hwedza, Insiza, Kadoma, Kariba, Kwekwe, Makonde, Makoni, Mangwe, Matobo, Mazowe, Mberengwa, Mbire, Mudzi, Murehwa, Mwenezi, Nyanga, Rushinga, Seke, Shamva, Shurugwi, Tsholotsho, Umguza, Uzumba-Maramba-Pfungwe, Zaka, Zvishavane (Adm2). "
2017-0343-SLE,2017,343,MS-2017-000109,Natural,Hydrological,Landslide,Mudslide,,,Sierra Leone,SLE,Western Africa,Africa,"Freetown, Regent neighbourhood, Juba/Kaningo, Malama/Kamayama",Torrential rains,"Slide (land, mud, snow, rock)",,Yes,Yes,,,,,,,,,2017,8.0,14.0,2017,8.0,14.0,1102.0,100.0,11816.0,,11916.0,,,,,30000.0,35818.0,"83,7572545519631",2,,111380;111381,"Western Area Rur, Western Area Urb (Adm2). "
2017-0481-TGO,2017,481,FL-2017-000149,Natural,Hydrological,Flood,,,,Togo,TGO,Western Africa,Africa,"Nangbeto (Ogou) Agbanakin, Atchamé, Togbavi, Togbagan, Azimé-Dossou, Adamé, Gbandi, Gbandidi, Agbetiko, Handivi villages",Torrential rains,Broken Dam/Burst bank,,,,,,,Km2,,,,Mono river,2017,8.0,,2017,9.0,,,,16060.0,,16060.0,,,,,,,"83,7572545519631",2,,65283,Ogou (Adm2). 
2017-0329-TUN,2017,329,,Natural,Climatological,Wildfire,Forest fire,,,Tunisia,TUN,Northern Africa,Africa,"Jendouba Governorate (Ain Draham, Fernana), Bizerte (Sejnane and Ghezala)",,Heat wave,,,,,,,Km2,,,,,2017,7.0,29.0,2017,8.0,7.0,,,2000.0,,2000.0,,,,,,,"83,7572545519631",2,,39268;39275;39299;39302,"Ain Draham, Fernana, Ghazala, Sejnane (Adm2). "
2017-0462-ZAF,2017,462,,Natural,Meteorological,Storm,Convective storm,Lightning/Thunderstorms,,South Africa,ZAF,Southern Africa,Africa,"Durban (Bluff, Jacobs, Montclair, Glenwood, Umlazi, Merebank, Isipingo), Johannesburg, Ekurhuleni (East Rand), West Rand District Municipality (Orient Hills, Krugersdorp), Nquthu (Umzinyathi)",,Flood,,,,,,,Kph,,,,,2017,10.0,9.0,2017,10.0,10.0,11.0,18.0,,500.0,518.0,,,140000.0,167150.0,320000.0,382056.0,"83,7572545519631",2,,77332;77356;77362;77363;77364,"City of Johannesburg Metropolitan Municipality, Ekurhuleni Metropolitan Municipality, eThekwini Metropolitan Municipality, Umzinyathi District Municipality, West Rand District Municipality (Adm2). "
2017-9342-TCD,2017,9342,OT-2017-000114,Natural,Climatological,Drought,Drought,,,Chad,TCD,Middle Africa,Africa,"Chari Baguimi, Guera, Lac, Kanem, Wadi Fira",,Food shortage,,,,,,,Km2,,,,,2017,3.0,,2017,5.0,,,,1886800.0,,1886800.0,,,,,,,"83,7572545519631",1,870;873;875;12910;12915,,"Baguirmi, Biltine, Guera, Kanem, Lac (Adm1). "
2017-9580-CPV,2017,9580,,Natural,Climatological,Drought,Drought,,,Cabo Verde,CPV,Western Africa,Africa,,Lack if rainfall,Food shortage,,Yes,,,,,Km2,,,,,2017,11.0,,2017,12.0,,,,70000.0,,70000.0,,,,,,,"83,7572545519631",,,,
2017-9088-ZWE,2017,9088,,Natural,Climatological,Drought,Drought,,,Zimbabwe,ZWE,Eastern Africa,Africa,,Erratic rainfall and prolonged drought conditions exacerbated by El Niño disrupted the 2015/2016,Famine,,Yes,,,,,Km2,,,,,2017,2.0,,2020,3.0,,,,6900000.0,,6900000.0,,,,,,,"83,7572545519631",,,,
2017-0573-SDN,2017,573,,Natural,Hydrological,Flood,Riverine flood,,,Sudan (the),SDN,Northern Africa,Africa,"Khartoum, Northern State (Delgo-Shargafab and Malaga), Sennar (Singa), Kassala, El Gezira (Um El Gura), White Nile, South Kordofan, West Darfur (Murnei camp-Al Geneina), North Darfur (Zamzam camp in the state capital of El Fasher), South Darfur (Kalma camp in Nyala), Northern Kordofan (El Gubba district in El Obeid-Sheikan)",,,,,,,,,Km2,,,,Blue Nile,2017,6.0,30.0,2017,8.0,14.0,25.0,112.0,29935.0,25600.0,55647.0,,,,,,,"83,7572545519631",1,2745;2753;2755;2757;2762;2764;2769;2770;4150;68783;68784,,"Al Jazeera, Kassala, Khartoum, Northern, Northern Darfur, Northern Kordofan, Sennar, Southern Darfur, Southern Kordofan, Western Darfur, White Nile (Adm1). "
2017-0379-SDN,2017,379,,Natural,Biological,Epidemic,Bacterial disease,,Acute Watery Diarrhoea,Sudan (the),SDN,Northern Africa,Africa,,,,,,,,,,Vaccinated,,,,,2017,9.0,18.0,2017,9.0,18.0,657.0,30762.0,,,30762.0,,,,,,,"83,7572545519631",,,,
2017-0093-SOM,2017,93,EP-2017-000036,Natural,Biological,Epidemic,Bacterial disease,,Cholera,Somalia,SOM,Eastern Africa,Africa,"Juba, Bakol regions",,,,,,,,,Vaccinated,,,,,2017,1.0,,2017,4.0,,302.0,13126.0,,,13126.0,,,,,,,"83,7572545519631",,,,
2017-0421-TCD,2017,421,EP-2017-000129,Natural,Biological,Epidemic,Bacterial disease,,Cholera,Chad,TCD,Middle Africa,Africa,"Salamat, Sila",,,,,,,,,Vaccinated,,,,,2017,8.0,14.0,2017,10.0,11.0,58.0,652.0,,,652.0,,,,,,,"83,7572545519631",,,,
2017-0205-TZA,2017,205,,Natural,Hydrological,Flood,Riverine flood,,,"Tanzania, United Republic of",TZA,Eastern Africa,Africa,Tanga,Heavy rainfall,,,,,,,,Km2,,,,,2017,5.0,8.0,2017,5.0,16.0,7.0,,,,,194000.0,231622.0,,,,,"83,7572545519631",1,48381,,Tanga (Adm1). 
2017-0395-UGA,2017,395,,Natural,Hydrological,Flood,Flash flood,,,Uganda,UGA,Eastern Africa,Africa,"Rubanda district, Nfasha, Rukungiri district",Torrential rains,,,,,,,,Km2,,,,,2017,9.0,20.0,2017,9.0,27.0,17.0,14.0,,,14.0,,,,,,,"83,7572545519631",1;2,42197,28420,Rukungiri (Adm1). Rubanda (Adm2). 
2017-0447-UGA,2017,447,EP-2017-000157,Natural,Biological,Epidemic,Viral disease,,Marburg,Uganda,UGA,Eastern Africa,Africa,"Kween, Kapachorwa, Bukwo districts",,,,,,Yes,,,Vaccinated,,,,,2017,9.0,16.0,2017,11.0,4.0,3.0,,,,,,,,,,,"83,7572545519631",,,,
2017-9211-ZAF,2017,9211,,Natural,Climatological,Drought,Drought,,,South Africa,ZAF,Southern Africa,Africa,"Cap town, Cap occidental, Cap oriental, North Cap.",,,,,,Yes,,,Km2,,,,,2017,5.0,,2018,6.0,,,,,,,,,,,1200000.0,1432712.0,"83,7572545519631",1,2714;77310;77315,,"Eastern Cape, Northern Cape, Western Cape (Adm1). "
2017-0217-ZAF,2017,217,,Natural,Hydrological,Flood,,,,South Africa,ZAF,Southern Africa,Africa,"KwaZulu-Natal, Nquthu (Umzinyathi District), Zinkwazi (Ilembe District), Mzingwenya (Uthungulu District), uMzumbe municipality, uMdoni, uMuziwabantu (Ugu)",,,,,,,,213687.0,Km2,-28.362,29.715,,,2017,5.0,14.0,2017,5.0,19.0,3.0,,200.0,,200.0,,,,,,,"83,7572545519631",2,,77329;77332;77336;77337,"iLembe District Municipality, Ugu District Municipality, Umzinyathi District Municipality, Uthungulu District Municipality (Adm2). "
2017-0547-ZAF,2017,547,,Natural,Climatological,Wildfire,,,Knysna fire,South Africa,ZAF,Southern Africa,Africa,Knysna (Eden),,,,,,,,,Km2,,,,,2017,6.0,7.0,2017,6.0,13.0,9.0,,,5500.0,5500.0,,,200000.0,238785.0,420000.0,501449.0,"83,7572545519631",2,,77349,Eden District Municipality (Adm2). 
2017-0340-COD,2017,340,,Natural,Hydrological,Landslide,Landslide,,,Congo (the Democratic Republic of the),COD,Middle Africa,Africa,Tora (Ituri),,,,,,,,,,,,,,2017,8.0,16.0,2017,8.0,16.0,174.0,10.0,,,10.0,,,,,,,"83,7572545519631",2,,14992,Ituri (Adm2). 
2017-0543-COD,2017,543,FL-2018-000004,Natural,Biological,Epidemic,Bacterial disease,,Cholera,Congo (the Democratic Republic of the),COD,Middle Africa,Africa,Kinshasa,,,,,,,,,Vaccinated,,,,,2017,11.0,25.0,2018,2.0,13.0,43.0,1022.0,,,1022.0,,,,,,,"83,7572545519631",,,,
2017-0391-COD,2017,391,,Natural,Hydrological,Flood,,,,Congo (the Democratic Republic of the),COD,Middle Africa,Africa,"Bihambwe, Matanda",Heavy rains,,,,,,,,Km2,,,,,2017,9.0,19.0,2017,9.0,20.0,105.0,,,500.0,500.0,,,,,,,"83,7572545519631",2,,115126,Nord-Kivu (Adm2). 
2017-0558-ZMB,2017,558,,Natural,Biological,Epidemic,Bacterial disease,,Cholera,Zambia,ZMB,Eastern Africa,Africa,"Matero, Chipata, Kanyama (Lusaka",,,,,,Yes,,,Vaccinated,,,,,2017,9.0,28.0,2018,2.0,27.0,89.0,4371.0,,,4371.0,,,,,,,"83,7572545519631",,,,
2018-0005-COD,2018,5,FL-2018-000004,Natural,Hydrological,Flood,,,,Congo (the Democratic Republic of the),COD,Middle Africa,Africa,"Galiema, Bandalungwa, Selembao, Masina, Limete, Kalamu, Bumbu, Kimbaseke Ndjili communes (Kinshasa)",Thunderstorm,"Slide (land, mud, snow, rock)",Broken Dam/Burst bank,,,,,5597.0,Km2,-4.355,15.116,,,2018,1.0,3.0,2018,1.0,7.0,51.0,17.0,,15743.0,15760.0,,,,,,,"85,8030260572654",2,,14987,Kinshasa (Adm2). 
2018-0135-RWA,2018,135,,Natural,Hydrological,Flood,,,,Rwanda,RWA,Eastern Africa,Africa,"Gasabo district (Kigali); Rulindo district (Northern province), Gatsibo (Eastern province);",Heavy rains,"Slide (land, mud, snow, rock)",,,,,,14768.0,Km2,-1.784,30.012,,,2018,4.0,23.0,2018,4.0,24.0,24.0,,360.0,,360.0,,,,,11000.0,12820.0,"85,8030260572654",2,,21977;21978;22000,"Gasabo, Gatsibo, Rulindo (Adm2). "
2018-0145-SOM,2018,145,,Natural,Meteorological,Storm,Tropical cyclone,,Cyclone 'Sagar',Somalia,SOM,Eastern Africa,Africa,"Somaliland, Puntland",,Flood,,,,,,,Kph,,,,,2018,5.0,21.0,2018,5.0,21.0,53.0,,228000.0,,228000.0,,,,,,,"85,8030260572654",1,2688;2690;2702;2703;2704,,"Awdal, Bari, Sanaag, Sool, Togdheer (Adm1). "
2018-0423-UGA,2018,423,,Natural,Hydrological,Landslide,Mudslide,,,Uganda,UGA,Eastern Africa,Africa,Bududa district,,Flood,,,,,,,,,,,,2018,10.0,11.0,2018,10.0,11.0,51.0,,,,,,,,,,,"85,8030260572654",1,1080,,Bududa (Adm1). 
2018-0477-RWA,2018,477,,Natural,Hydrological,Flood,,,,Rwanda,RWA,Eastern Africa,Africa,,,,,,,,,,Km2,,,,,2018,4.0,1.0,2018,4.0,16.0,10.0,,,,,,,,,11000.0,12820.0,"85,8030260572654",,,,
2018-0387-SDN,2018,387,,Natural,Hydrological,Flood,Flash flood,,,Sudan (the),SDN,Northern Africa,Africa,"Kassala, West Kordofan, Khartoum",,,,,,,,629242.0,Km2,13.487,31.942,,,2018,8.0,1.0,2018,9.0,4.0,23.0,60.0,70000.0,,70060.0,,,,,,,"85,8030260572654",1;2,2753;68783,4151;37146;37147;37148;37149,"Kassala, Khartoum (Adm1). Abyei, As Salam, En Nuhud, Ghebeish, Lagawa (Adm2). "
2018-0221-SDN,2018,221,,Natural,Hydrological,Flood,,,,Sudan (the),SDN,Northern Africa,Africa,Zalingei (Westenr Darfur); El Tadamon (Blue Nile State),Torrential rain,,,,,,,210194.0,Km2,10.763,27.364,,,2018,6.0,18.0,2018,6.0,27.0,,,350.0,2400.0,2750.0,,,,,,,"85,8030260572654",2,,37037;37140,"Ad Damazin, Zallingi (Adm2). "
2018-0292-SDN,2018,292,FL-2018-000128,Natural,Hydrological,Flood,,,,Sudan (the),SDN,Northern Africa,Africa,"West Kordofan, Kassala, Elgizira, Sennar, Northern states",,,,,,,,,Km2,,,,,2018,7.0,23.0,2018,7.0,30.0,23.0,61.0,45705.0,8900.0,54666.0,,,,,,,"85,8030260572654",1;2,2745;2755;2762;68783,4151;37146;37147;37148;37149,"Al Jazeera, Kassala, Northern, Sennar (Adm1). Abyei, As Salam, En Nuhud, Ghebeish, Lagawa (Adm2). "
2018-0133-SOM,2018,133,,Natural,Hydrological,Flood,Riverine flood,,,Somalia,SOM,Eastern Africa,Africa,"Gedo, Bakool, Bay, Hiraan, Horseed, Hirshabelle, South West, Jubaland, Galmudug states, Banadir region",Heavy rain,,,,,,,,Km2,,,,,2018,4.0,1.0,2018,5.0,31.0,5.0,,700000.0,,700000.0,,,,,80000.0,93237.0,"85,8030260572654",1,2689;2691;2692;2693;2694;2695,,"Bakool, Banadir, Bay, Galgaduud, Gedo, Hiraan (Adm1). "
2018-0438-TCD,2018,438,,Natural,Biological,Epidemic,Viral disease,,Measles,Chad,TCD,Middle Africa,Africa,"Abdi, Abeche, Abougudam,Adre, Am dam, Am Timan, Amzoer, Arada, Ati, Bahai, Bardai, Bokoro, Bol, Chadra, Fada,Gama, Goz Beida, Guereda , Haraze Mangueigne,Iriba, Karal, Kirdimi, Kouloudia, Mao,Massaguet, Massakory, Massenya, Matadjana,Mondo, Mongo, NDjamena East, NDjamena South, NGouri, Nokou, Oum Hadjer, Rig Rig,Salal, Tissue and Zouar",,,,,,,,,Vaccinated,,,,,2018,5.0,30.0,2019,4.0,12.0,90.0,4227.0,,,4227.0,,,,,,,"85,8030260572654",,,,
2018-0364-TUN,2018,364,FF-2018-000158,Natural,Hydrological,Flood,Flash flood,,,Tunisia,TUN,Northern Africa,Africa,governorates of Tunis and part of Nabeul,Torrential rain,,,,,,,,Km2,,,,,2018,9.0,21.0,2018,9.0,23.0,6.0,,30000.0,,30000.0,,,,,36000.0,41957.0,"85,8030260572654",1,3008;3015,,"Nabeul, Tunis (Adm1). "
2018-0388-TUN,2018,388,,Natural,Hydrological,Flood,Flash flood,,,Tunisia,TUN,Northern Africa,Africa,"Cap Bon, Kef, Grombalia, Sidi Bouzid, Kasserine, Zaghouan",Heavy rains,,,,,,,,Km2,,,,,2018,10.0,17.0,2018,10.0,18.0,7.0,,,,,,,,,,,"85,8030260572654",1;2,3001;3003;3010;3016,39395;39398,"Kasserine, Le Kef, Sidi Bouz, Zaghouan (Adm1). Grambalia, Haouaria (Adm2). "
2018-0125-TZA,2018,125,FL-2018-000043,Natural,Hydrological,Flood,,,,"Tanzania, United Republic of",TZA,Eastern Africa,Africa,"Dar es Salaam (Kinondoni, Ilala, Temeke and Kigamboni Municipals); Arusha (Arusha District Council, Meru, Longido, Monduli districts); Zanzibar; Kilimanjaro (Same, Hai, Mwanga districts); Tanga (Handeni, Lushoto districts); Manyara (Simanjiro, Kiteto, Babati districts); Tabora (Nzega and Kaliua districts); Pwani (Mafia and Rufiji districts); Mwanza, Morogoro, Dodoma, Mbeya, Rukwa, Mtwara, Shinyanga, Geita",Torrential rains,,,,,,,37320.0,Km2,-11.158,34.02,,,2018,4.0,14.0,2018,4.0,18.0,15.0,11.0,15862.0,,15873.0,,,,,,,"85,8030260572654",1,48357;48358;115004;115006;115009,,"Arusha, Dar-es-salaam, Kagera, Mwanza, Shinyanga (Adm1). "
2018-0076-UGA,2018,76,,Natural,Biological,Epidemic,Bacterial disease,,Cholera,Uganda,UGA,Eastern Africa,Africa,Kyangwali refugee camp (Hoima district),,,,,,,,,Vaccinated,,,,,2018,2.0,15.0,2018,2.0,28.0,31.0,,1000.0,,1000.0,,,,,,,"85,8030260572654",,,,
2018-0253-COD,2018,253,EP-2018-000049-COD,Natural,Biological,Epidemic,Viral disease,,Ebola,Congo (the Democratic Republic of the),COD,Middle Africa,Africa,"Bikoro, Iboko, Wangata (Equateur province)",,,,,,,,,Vaccinated,,,,,2018,5.0,8.0,2018,8.0,3.0,33.0,10.0,,,10.0,,,,,,,"85,8030260572654",,,,
2018-0363-COD,2018,363,,Natural,Biological,Epidemic,Viral disease,,Ebola,Congo (the Democratic Republic of the),COD,Middle Africa,Africa,"Beni, Mabalako, Katwa, Kalunguta, Butembo, Masereka, Oicha, Kyondo, Musienene, Vuhovi, Mutwanga (North Kivu Province); South Kivu province; Mandima, Tchomia, Komanda (Ituri Province); Goma",,,,Yes,,,,301779.0,Vaccinated,,,,,2018,8.0,1.0,2019,12.0,13.0,2287.0,3470.0,,,3470.0,,,,,,,"85,8030260572654",,,,
2018-0434-ZWE,2018,434,,Natural,Biological,Epidemic,Viral disease,,Typhoid fever,Zimbabwe,ZWE,Eastern Africa,Africa,"Mbare,Kuwadzana, Glen View, and Budiriro (Harare region); Gweru city (Midland Province)",,,,,,,,,Vaccinated,,,,,2018,8.0,7.0,2018,11.0,16.0,12.0,5164.0,,,5164.0,,,,,,,"85,8030260572654",,,,
2019-0227-UGA,2019,227,,Natural,Hydrological,Landslide,Landslide,,,Uganda,UGA,Eastern Africa,Africa,"Bududa, Bushenyi, Rukiga, Sironko, Mbale, Butaleja Districts ",Heavy rains,Flood,Lightening,,,,,,,,,,,2019,6.0,4.0,2019,6.0,8.0,61.0,25.0,129928.0,,129953.0,,,,,,,"87,3580067738847",1;2,755;785;1080;47071;47085,28421,"Bududa, Bushenyi, Butaleja, Mbale, Sironko (Adm1). Rukiga (Adm2). "
2019-0176-ZAF,2019,176,,Natural,Hydrological,Flood,,,,South Africa,ZAF,Southern Africa,Africa,"KwaZulu-Natal, Eastern Cape, Free state provinces",Heavy rains,"Slide (land, mud, snow, rock)",,,,,,,Km2,,,,,2019,4.0,21.0,2019,4.0,25.0,73.0,,1000.0,,1000.0,,,,,50000.0,57236.0,"87,3580067738847",1,2707;77310;77311,,"Eastern Cape, Free State, KwaZulu-Natal (Adm1). "
2019-0645-BDI,2019,645,,Natural,Hydrological,Flood,,,,Burundi,BDI,Eastern Africa,Africa,"Uwinterekwa, Buterere (Bujumba Mairie)",,"Slide (land, mud, snow, rock)",,,,,,,Km2,,,,,2019,12.0,21.0,2019,12.0,28.0,14.0,33.0,3740.0,,3773.0,,,,,,,"87,3580067738847",1,40543,,Bujumbura Mairie (Adm1). 
2019-0579-DJI,2019,579,FF-2019-000161,Natural,Hydrological,Flood,Flash flood,,,Djibouti,DJI,Eastern Africa,Africa,"Djibouti, Arta, Damerjog, Goubeto, Tadjourah, Day",Heavy rains,"Slide (land, mud, snow, rock)",,,,,,,Km2,,,,,2019,11.0,21.0,2019,11.0,28.0,11.0,,250000.0,,250000.0,,,,,,,"87,3580067738847",1,1093;1094;1095;1097,,"Ali Sabieh, Dikhil, Djibouti, Tadjourah (Adm1). "
2019-0106-ZAF,2019,106,,Natural,Hydrological,Flood,,,,South Africa,ZAF,Southern Africa,Africa,"Ntuzuma,Verusalam, Inanda and KwaMashu towns (north of Durban city, KwaZulu-Natal Province)",Heavy rains,Storm,,,,,,,Km2,,,,,2019,3.0,8.0,2019,3.0,12.0,10.0,,,,,,,,,,,"87,3580067738847",2,,77363,eThekwini Metropolitan Municipality (Adm2). 
2019-0514-CIV,2019,514,,Natural,Hydrological,Flood,,,FL-2019-000131,Côte dIvoire,CIV,Western Africa,Africa,"Aboisso, Alépé, Grand Bassam, Ayamé, Man, Bonoua, Agboville, Ono and Adiaké (Abidjan)",,Storm,,,,,,,Km2,,,,,2019,10.0,11.0,2019,10.0,13.0,12.0,32.0,14002.0,612.0,14646.0,,,,,,,"87,3580067738847",1,16838,,District autonome de Abidjan (Adm1). 
2019-0110-ZWE,2019,110,TC-2019-000021,Natural,Meteorological,Storm,Tropical cyclone,,Cyclone 'Idai',Zimbabwe,ZWE,Eastern Africa,Africa,"Chikomba, Mudzi, Mutoko, UMP districts (Mash East pronvince); Chipinge, Chimanimani, Buhera, Mutare (Manicaland); Gutu, Bikita, Zaka, Masvingo (Masvingo); Murambinda, Nyanga, Mutasa, Checheche, Biriwiri, Chibuwe, Chakohwa, Nyanyadzi, Berzely Bridge, Mutimurefu, Ngundu, , Mutasa",,Flood,,Yes,,Yes,,,Kph,,,,,2019,3.0,14.0,2019,3.0,14.0,628.0,186.0,270000.0,,270186.0,,,,,,,"87,3580067738847",2,,33053;33054;33055;33058;33059;33060;33070;33072;33074;33081;33084;33085;33087;40749;61704,"Bikita, Bindura, Buhera, Chikomba, Chimanimani, Chipinge, Gutu, Masvingo, Mudzi, Mutare, Mutasa, Mutoko, Nyanga, Uzumba-Maramba-Pfungwe, Zaka (Adm2). "
2019-9109-SOM,2019,9109,,Natural,Climatological,Drought,Drought,,,Somalia,SOM,Eastern Africa,Africa,"Awdal, Woqooyi Galbeed, Togdheer, Sanaag, Sool, Nugaal, Bari regions",Dry conditions,Food shortage,,,,,,,Km2,,,,,2019,2.0,,2019,10.0,,,,1500000.0,,1500000.0,,,,,,,"87,3580067738847",1,2688;2702;2703;2704;2705,,"Awdal, Sanaag, Sool, Togdheer, Woqooyi Galbeed (Adm1). "
2019-9619-BWA,2019,9619,,Natural,Climatological,Drought,Drought,,,Botswana,BWA,Southern Africa,Africa,Botswanas Okavango Delta,,Food shortage,,,,Yes,,,Km2,,,,,2019,,,2019,12.0,,,,38000.0,,38000.0,,,,,,,"87,3580067738847",1,660,,Ngamiland (Adm1). 
2019-0280-SDN,2019,280,,Natural,Hydrological,Flood,,,,Sudan (the),SDN,Northern Africa,Africa,North and South Darfur,Heavy rains,,,,,,,,Km2,,,,,2019,6.0,8.0,2019,6.0,18.0,,,6198.0,,6198.0,,,,,,,"87,3580067738847",1,2757;2764,,"Northern Darfur, Southern Darfur (Adm1). "
2019-0165-TZA,2019,165,,Natural,Meteorological,Storm,Tropical cyclone,,Cyclone 'Kenneth',"Tanzania, United Republic of",TZA,Eastern Africa,Africa,"Mtwara, Lindi",,,,,,,,,Kph,,,,,2019,4.0,26.0,2019,4.0,26.0,,,2000000.0,,2000000.0,,,,,,,"87,3580067738847",1,48364;48369,,"Lindi, Mtwara (Adm1). "
2019-0193-TZA,2019,193,,Natural,Biological,Epidemic,Bacterial disease,,Cholera,"Tanzania, United Republic of",TZA,Eastern Africa,Africa,"Pangani DC, Handeni, Tanga",,,,,,,,,Vaccinated,,,,,2019,4.0,,2019,5.0,2.0,3.0,216.0,,,216.0,,,,,,,"87,3580067738847",2,,48505;48506;115085,"Handeni, Pangani, Tanga (Adm2). "
2019-0203-TZA,2019,203,FL-2019-000048,Natural,Hydrological,Flood,,,,"Tanzania, United Republic of",TZA,Eastern Africa,Africa,"Kyela district (Mbeya region), Kinondoni, ilala, Temeke muncipalities (Dar Es Salaam)",,,,,,,,,Km2,,,,,2019,5.0,13.0,2019,5.0,17.0,5.0,,5000.0,,5000.0,,,,,,,"87,3580067738847",2,,48388;48389;48390;48437,"Ilala, Kinondoni, Kyela, Temeke (Adm2). "
2019-0179-UGA,2019,179,,Natural,Hydrological,Flood,Flash flood,,,Uganda,UGA,Eastern Africa,Africa,"Kabugundo, Nabeyo, Itanwa (Buyende and Kamuli districts)",Heavy rains,,,,,,,,Km2,,,,,2019,4.0,22.0,2019,4.0,23.0,15.0,,100.0,,100.0,,,,,,,"87,3580067738847",1,756;760,,"Buyende, Kamuli (Adm1). "
2019-0254-UGA,2019,254,,Natural,Hydrological,Flood,Flash flood,,,Uganda,UGA,Eastern Africa,Africa,"Kikajjo, Lubowaa, Lufuka (Kampala)",,,,,,,,,Km2,,,,,2019,5.0,26.0,2019,5.0,29.0,8.0,,2500.0,,2500.0,,,,,,,"87,3580067738847",2,,42210;42212,"Busiro, Kyadondo (Adm2). "
2019-0182-ZAF,2019,182,,Natural,Hydrological,Flood,,,,South Africa,ZAF,Southern Africa,Africa,Eastern Cape Province,Heavy rains,,,,,,,,Km2,,,,,2019,5.0,2.0,2019,5.0,2.0,13.0,,,,,,,,,,,"87,3580067738847",1,77310,,Eastern Cape (Adm1). 
2019-0170-COD,2019,170,,Natural,Hydrological,Landslide,Landslide,,,Congo (the Democratic Republic of the),COD,Middle Africa,Africa,"Mahanga, Masisi (Osso Banyungu, Nord-Kivu)",Heavy rains,,,,,,,,,,,,,2019,4.0,26.0,2019,4.0,29.0,13.0,,,450.0,450.0,,,,,,,"87,3580067738847",1,1074,,Nord-Kivu (Adm1). 
2019-0048-ZMB,2019,48,,Natural,Hydrological,Flood,,,,Zambia,ZMB,Eastern Africa,Africa, Muchinga Province ,Heavy seasonal rains,,,,,,,,Km2,,,,,2019,1.0,1.0,2019,1.0,31.0,4.0,,,,,,,,,,,"87,3580067738847",2,,65191;65210;65211;65216;65220,"Chama, Chinsali, Isoka, Mpika, Nakonde (Adm2). "
2019-0094-ZWE,2019,94,,Natural,Hydrological,Flood,Flash flood,,,Zimbabwe,ZWE,Eastern Africa,Africa,"Masvingo, Mashonaland West",Heavy rain,,,,,Yes,,154678.0,Km2,-19.041,30.804,,,2019,2.0,11.0,2019,2.0,18.0,26.0,,,,,,,,,,,"87,3580067738847",1,3440;3441,,"Mashonaland West, Masvingo (Adm1). "
2019-0285-SSD,2019,285,FL-2019-000062,Natural,Hydrological,Flood,Flash flood,,,South Sudan,SSD,Northern Africa,Africa,"Lafon, Torit and Kapoeta South counties (Eastern Equatoria); Ayod, Akobo, Bor South, Duk, Twic East, Pibor, Pochalla and Uror counties (Jonglei); Aweil Center, Aweil North (Northern Bahr el Ghazal); Abiemnhom, Mayom, Mayendit, Panyijiar (Unity); Maban (Upper Nile); Gogrial East, Gogrial West, Tonj North (Warrap); Juba, Terekeka (Central Equatoria)",Heavy rains,,,,,,,,Km2,,,,,2019,6.0,5.0,2019,6.0,7.0,3.0,,234800.0,,234800.0,,,,,,,"87,3580067738847",1,2748;2750;2751;2754;2765;37021,,"Central Equatoria, Eastern Equatoria, Jonglei, Northern Bahr El Ghazal, Upper Nile, Warab (Adm1). "
2019-0188-SSD,2019,188,,Natural,Biological,Epidemic,Viral disease,,Measles,South Sudan,SSD,Northern Africa,Africa,"Abyei, Juba, Pibor, Gogrial West, Gogrial East, Mayom, Melut, Aweil South, Tonj North, Aweil West, Aweil Center counties",,,,,,,,,Vaccinated,,,,,2019,1.0,,2019,5.0,,7.0,937.0,,,937.0,,,,,,,"87,3580067738847",,,,
2019-0189-SSD,2019,189,,Natural,Climatological,Wildfire,,,,South Sudan,SSD,Northern Africa,Africa,"Korok (Aweil, Lol state)",,,,,,,,,Km2,,,,,2019,5.0,8.0,2019,5.0,8.0,50.0,12.0,,,12.0,,,,,,,"87,3580067738847",2,,37077,Aweil (Adm2). 
2019-0666-AGO,2019,666,,Natural,Hydrological,Flood,Flash flood,,,Angola,AGO,Middle Africa,Africa,"Luanda, Luanda Sul, Luanda Norte, Bié, Benguela, Huambo, Cuanza Norte, Cuanza Sul, Malanje, Namibe, Uíge, Zaire provinces",,,,,,,,,Km2,,,,,2019,3.0,,2020,1.0,10.0,41.0,,11190.0,,11190.0,,,,,,,"87,3580067738847",1,399;400;403;405;407;408;409;410;411;413;414;415,,"Benguela, Bie, Cuanza Sul, Huambo, Kuanza Norte, Luanda, Lunda Norte, Lunda Sul, Malanje, Namibe, Uige, Zaire (Adm1). "
2019-0585-BDI,2019,585,FL-2019-000167,Natural,Hydrological,Landslide,Landslide,,,Burundi,BDI,Eastern Africa,Africa,"Mugina, Nyuempundu, Rukombe, Gikomero (Cibitoke province)",Heavy rains,,,,,,,,,,,,,2019,12.0,5.0,2019,12.0,5.0,37.0,7.0,9935.0,,9942.0,,,,,,,"87,3580067738847",1,40547,,Cibitoke (Adm1). 
2019-0663-BEN,2019,663,,Natural,Biological,Epidemic,Viral disease,,Meningitis,Benin,BEN,Western Africa,Africa,Banikoara Commune (Alibori Department),,,,,,,,,Vaccinated,,,,,2019,1.0,6.0,2020,1.0,22.0,13.0,24.0,,,24.0,,,,,,,"87,3580067738847",,,,
2019-0660-CAF,2019,660,,Natural,Biological,Epidemic,Viral disease,,Measles,Central African Republic,CAF,Middle Africa,Africa," Paoua, Vakaga, Batangafo, Bocaranga-Koui, Ngaoundaye, Bambari, Bangui 1, Bégoua, Nangha-Boguila, Baboua-Abba;",,,,,,Yes,,,Vaccinated,,,,,2019,1.0,1.0,2020,2.0,2.0,53.0,3600.0,,,3600.0,,,,,,,"87,3580067738847",,,,
2019-0524-CAF,2019,524,,Natural,Hydrological,Flood,,,,Central African Republic,CAF,Middle Africa,Africa,Bangui,Heavy and non-stop rains,,,,Yes,Yes,,,Km2,,,,Oubangui,2019,9.0,,2019,11.0,13.0,,,44918.0,,44918.0,,,,,,,"87,3580067738847",1,67154,,Bangui (Adm1). 
2019-0527-CMR,2019,527,,Natural,Hydrological,Landslide,Landslide,,,Cameroon,CMR,Middle Africa,Africa,Bafoussam City (West Region),Heavy rains,,,,,,,,,,,,,2019,10.0,28.0,2019,10.0,28.0,54.0,,,,,,,,,,,"87,3580067738847",2,,12507,Mifi (Adm2). 
2019-0561-COG,2019,561,,Natural,Hydrological,Flood,Riverine flood,,,Congo (the),COG,Middle Africa,Africa,"Likouala, Cuvette, Plateaux departments",,,,,,Yes,,,Km2,,,,,2019,11.0,20.0,2019,11.0,25.0,,,,,,,,,,,,"87,3580067738847",1,971;975;977,,"Cuvette, Likouala, Plateaux (Adm1). "
2019-0664-COG,2019,664,,Natural,Hydrological,Flood,,,,Congo (the),COG,Middle Africa,Africa,"Brazzaville, Pointe-Noire ",Heavy rains,,,,,Yes,,585146.0,Km2,-1.12,18.16,,"Congo, Oubangui rivers",2019,12.0,,2020,3.0,,,,213000.0,,213000.0,,,,,,,"87,3580067738847",1,190432;190434,,"Brazzaville, Point-Noire (Adm1). "
2019-0601-COM,2019,601,TC-2019-000164,Natural,Meteorological,Storm,Tropical cyclone,,Cyclone 'Belna',Comoros (the),COM,Eastern Africa,Africa,,,,,,,,,,Kph,,,,,2019,12.0,5.0,2019,12.0,8.0,,,,,,,,,,,,"87,3580067738847",1,967;968;969,,"Anjouan, Moheli, Ngazidja (Adm1). "
2019-0630-DJI,2019,630,,Natural,Biological,Insect infestation,Locust,,,Djibouti,DJI,Eastern Africa,Africa,,,,,,,,,,,,,,,2020,2.0,,2020,2.0,,,,,,,,,,,,,"87,3580067738847",,,,
2020-0259-CIV,2020,259,,Natural,Hydrological,Flood,,,FL-2020-000154,Côte dIvoire,CIV,Western Africa,Africa,"Abobo, Adjamé, Anyama, Cocody, Port-Bouet ,Yopougon (Abidjan area); San-Pedro,Alépé (Me Region), Divo(Lôh-Djiboua), Azaguié (Agneby-Tiassa), Niakaramadougou (Vallée du Bandama),Tabou (Bas-Sassandra)",Torrential rains,"Slide (land, mud, snow, rock)",,,,,,,Km2,,,,,2020,6.0,15.0,2020,6.0,17.0,24.0,32.0,16525.0,2100.0,18657.0,,,,,,,"88,4356408059336",1;2,1051;16838,16846;16861;16863;16865,"District autonome de Abidjan, Vallee Du Bandama (Adm1). Agneby-Tiassa, L??h-Djiboua, Me, San-pedro (Adm2). "
2020-0109-BDI,2020,109,,Natural,Meteorological,Storm,Convective storm,Lightning/Thunderstorms,,Burundi,BDI,Eastern Africa,Africa,"Gitega, Ruyigi, Bujumbura Mairie, Rumonge provinces.",,Flood,,,,,,,Kph,,,,,2020,3.0,16.0,2020,3.0,22.0,2.0,,5000.0,,5000.0,,,,,,,"88,4356408059336",1;2,40543;40548;40558,40580;40596,"Bujumbura Mairie, Gitega, Ruyigi (Adm1). Bugarama, Rumonge (Adm2). "
2020-9206-AGO,2020,9206,DR-2021-000149,Natural,Climatological,Drought,Drought,,,Angola,AGO,Middle Africa,Africa,"Cunene, Huila, Namibe, Cuanza Sul, Benguela, Huambo",Strong dry spell ,Food shortage,,,,,,,Km2,,,,,2020,12.0,,2022,2.0,,,,1643316.0,,1643316.0,,,,,,,"88,4356408059336",1,399;403;404;405;406;413,,"Benguela, Cuanza Sul, Cunene, Huambo, Huila, Namibe (Adm1). "
2020-9235-BFA,2020,9235,,Natural,Climatological,Drought,Drought,,,Burkina Faso,BFA,Western Africa,Africa,,,Food shortage,,,,,,,Km2,,,,,2020,,,2020,6.0,,,,2900000.0,,2900000.0,,,,,,,"88,4356408059336",1,40276;40277;40278;40279;40280;40281;40282;40283;40284;40285;40286;40287;40288,,"Boucle Du Mouhoun, Cascades, Centre, Centre-est, Centre-nord, Centre-ouest, Centre-sud, Est, Hauts-bassins, Nord, Plateau Central, Sahel, Sud-ouest (Adm1). "
2020-0125-COG,2020,125,,Natural,Hydrological,Flood,,,,Congo (the),COG,Middle Africa,Africa,Brazzaville ,Heavy rains,Lightening,,,,,,,Km2,,,,,2020,3.0,30.0,2020,4.0,2.0,20.0,,,,,,,,,,,"88,4356408059336",1,190432,,Brazzaville (Adm1). 
2020-0173-AGO,2020,173,,Natural,Hydrological,Flood,Flash flood,,,Angola,AGO,Middle Africa,Africa," Kilamba Kiaxi, Talatona Municipalities (Viana, Luanda province); Huila, Malanje, Uige Provinces",Heavu rains,,,,,,,77632.0,Km2,-9.139,14.201,,,2020,4.0,18.0,2020,4.0,24.0,30.0,,10600.0,,10600.0,,,,,,,"88,4356408059336",1;2,406;411;414,4299;4300,"Huila, Malanje, Uige (Adm1). Luanda, Viana (Adm2). "
2020-0104-AGO,2020,104,,Natural,Hydrological,Flood,,,,Angola,AGO,Middle Africa,Africa,"Cuanza Sul, Malanje, Lunda Sul, and Cunene Provinces",Heavy rains,,,,,,,,Km2,,,,,2020,3.0,16.0,2020,3.0,17.0,3.0,,10000.0,,10000.0,,,,,,,"88,4356408059336",1,403;404;410;411,,"Cuanza Sul, Cunene, Lunda Sul, Malanje (Adm1). "
2020-0055-BDI,2020,55,,Natural,Hydrological,Flood,,,,Burundi,BDI,Eastern Africa,Africa,"Bujumbura Rural, Bujumbura Mairie, Bubanza Provinces",,,,,,,,,Km2,,,,Rusizi River,2020,1.0,28.0,2020,2.0,13.0,3.0,19.0,9743.0,,9762.0,,,,,,,"88,4356408059336",1,40542;40543;40544,,"Bubanza, Bujumbura Mairie, Bujumbura Rural (Adm1). "
2020-0172-BDI,2020,172,,Natural,Hydrological,Flood,,,,Burundi,BDI,Eastern Africa,Africa," Bujumbura City (Bujumbura Mairie Province, central-west Burundi), Cibitoke and Bubanza Provinces ",Heavy rains,,,,,,,,Km2,,,, Rusizi River ,2020,4.0,13.0,2020,4.0,19.0,,,27000.0,,27000.0,,,,,,,"88,4356408059336",1,40542;40543;40547,,"Bubanza, Bujumbura Mairie, Cibitoke (Adm1). "
2020-0421-BEN,2020,421,,Natural,Hydrological,Flood,Riverine flood,,,Benin,BEN,Western Africa,Africa,"Kandi, Karimama and Malanville (Alibori Department, north-eastern Benin)",Heavy rains,,,,,,,,Km2,,,,Niger and Okpara rivers ,2020,10.0,1.0,2020,10.0,2.0,6.0,,7000.0,,7000.0,,,,,,,"88,4356408059336",2,,5863;5864;5865,"Kandi, Karimama, Malanville (Adm2). "
2020-0169-BFA,2020,169,,Natural,Hydrological,Flood,,,,Burkina Faso,BFA,Western Africa,Africa,"Kongoussi Commune (Bam Province, Centre-Nord region)",Heavy rains,,,,,,,42578.0,Km2,13.343,-1.116,,,2020,4.0,19.0,2020,4.0,26.0,,,21000.0,,21000.0,,,,,,,"88,4356408059336",2,,154454,Bam (Adm2). 
2020-0248-BFA,2020,248,,Natural,Hydrological,Flood,,,,Burkina Faso,BFA,Western Africa,Africa," Kongoussi (Bam) , Pensa (Bam) , Barsalogho Municipalities (Sanmatenga)",Heavy rains,,,,,,,,Km2,,,,,2020,6.0,5.0,2020,6.0,11.0,,24.0,14500.0,3500.0,18024.0,,,,,,,"88,4356408059336",2,,154454;154456,"Bam, Sanmatenga (Adm2). "
2020-0399-BFA,2020,399,FL-2020-000200,Natural,Hydrological,Flood,,,,Burkina Faso,BFA,Western Africa,Africa,"Soum (Sahel); Sanguie (West Central); Sanmatenga, Namentenga, Bam (North Central); Gourma (East); Kadiogo (Centrall)",Heavy rains,,,,,Yes,,,Km2,,,,,2020,8.0,25.0,2020,9.0,10.0,13.0,87.0,71341.0,20000.0,91428.0,,,,,,,"88,4356408059336",2,,154450;154454;154455;154456;154458;154465;154481,"Bam, Gourma, Kadiogo, Namentenga, Sanguie, Sanmatenga, Soum (Adm2). "
2020-0592-CMR,2020,592,FL-2020-000195,Natural,Hydrological,Flood,,,,Cameroon,CMR,Middle Africa,Africa,"Mayo-Danay, Mayo-Kani (Far North Region)",Heavy rains,,,,,,,,Km2,,,,,2020,9.0,11.0,2020,9.0,12.0,,,26402.0,,26402.0,,,,,,,"88,4356408059336",2,,12483;12484,"Mayo-Danay, Mayo-Kani (Adm2). "
2020-0509-COG,2020,509,,Natural,Hydrological,Flood,,,,Congo (the),COG,Middle Africa,Africa,Likouala region ,Hevay rains,,,,,Yes,,,Km2,,,,,2020,11.0,2.0,2020,11.0,2.0,,,66000.0,,66000.0,,,,,,,"88,4356408059336",1,975,,Likouala (Adm1). 
2020-0150-DJI,2020,150,,Natural,Hydrological,Flood,,,,Djibouti,DJI,Eastern Africa,Africa,Djibouti city and the south suburb of Balbala ,Torrential rains,,,,,,,10322.0,Km2,11.685,42.68,,,2020,4.0,20.0,2020,4.0,26.0,8.0,,110000.0,,110000.0,,,,,,,"88,4356408059336",2,,15276,Djibouti (Adm2). 
2020-0579-DZA,2020,579,EQ-2020-000188,Natural,Geophysical,Earthquake,Ground movement,,,Algeria,DZA,Northern Africa,Africa,Mila province,,,,,,Yes,,5.0,Richter,,,07:15,,2020,8.0,7.0,2020,8.0,7.0,,,15000.0,,15000.0,,,,,,,"88,4356408059336",1,368,,Mila (Adm1). 
2021-0701-BEN,2021,701,FL-2021-000145,Natural,Hydrological,Flood,,,,Benin,BEN,Western Africa,Africa,"Karimama, Malanville, Zangnanado, Zogbodomey, Ouinhi, Aguégués, Dangbo, Athiémé, Grand-Popo, Zè",Heavy rains,Broken Dam/Burst bank,,,,,,,Km2,,,,"Mono, Ouémé and Niger rivers",2021,9.0,15.0,2021,10.0,26.0,13.0,,35850.0,,35850.0,,,,,,,"92,5901929309929",2,,5864;5865;5883;5909;5912;5917;5921;5934;5936;5937,"Aguegue, Athieme, Dangbo, Grand-popo, Karimama, Malanville, Ouinhi, Zangnanado, Ze, Zogbodome (Adm2). "
2021-0480-DZA,2021,480,WF-2021-000115,Natural,Climatological,Wildfire,,,,Algeria,DZA,Northern Africa,Africa,"Tizi-Ouzou, Bouira, Sétif, Khenchela, Guelma, Bejaïa, Bordj Bou Arreridj, Boumerdès, Tiaret, Medea, Tébessa,Annaba, Souk Ahras, Ain Defla, Jijel, Batna, Blida and Skikda prefectures (Kabylia region) ",,Heat wave,,,Yes,,,,Km2,,,,,2021,8.0,9.0,2021,8.0,16.0,90.0,3.0,42500.0,,42503.0,,,,,,,"92,5901929309929",1,342;345;346;348;350;351;352;353;361;363;364;367;377;379;380;382;384;387,,"Ain-Defla, Annaba, Batna, Bejaia, Blida, Bordj Bou Arrer, Bouira, Boumerdes, Guelma, Jijel, Khenchela, Medea, Setif, Skikda, Souk-Ahras, Tebessa, Tiaret, Tizi Ouzou (Adm1). "
2021-0700-DZA,2021,700,,Natural,Hydrological,Flood,,,,Algeria,DZA,Northern Africa,Africa,"Algiers, Boumerdes, Chlef, Oran, Tizi Ouzou Provinces",Heavy rains,Lightening,,,,,,,Km2,,,,,2021,10.0,23.0,2021,10.0,26.0,3.0,,402.0,18.0,420.0,,,,,,,"92,5901929309929",1,344;353;354;372;387,,"Alger, Boumerdes, Chlef, Oran, Tizi Ouzou (Adm1). "
2021-0164-AGO,2021,164,,Natural,Hydrological,Flood,Flash flood,,,Angola,AGO,Middle Africa,Africa,"Viana, Cacuaco, Talatona, Belas districts and Luanda City Capital",Heavy rains,,,,,,,,Km2,,,,,2021,3.0,15.0,2021,3.0,16.0,8.0,,1770.0,,1770.0,,,,,,,"92,5901929309929",2,,4298;4300,"Cacuaco, Viana (Adm2). "
2021-0238-AGO,2021,238,,Natural,Hydrological,Flood,Flash flood,,,Angola,AGO,Middle Africa,Africa,"Cazenga, Cacuaco, Viana, Kilamba Kiaxi (Luanda Province)",Heavy rains,,,,,,,,Km2,,,,,2021,4.0,19.0,2021,4.0,19.0,14.0,2.0,8165.0,,8167.0,,,,,,,"92,5901929309929",2,,4298;4299;4300,"Cacuaco, Luanda, Viana (Adm2). "
2021-0228-BDI,2021,228,,Natural,Hydrological,Flood,,,,Burundi,BDI,Eastern Africa,Africa,"Bugarama, Kanyenkoko, Muhuta, Nyanza-Lac, Gatumba, Rukaramu, Kibenga, Gisyo, Kabondo",Heavy rains,,,,,Yes,,,Km2,,,,,2021,4.0,12.0,2021,5.0,20.0,,,47362.0,,47362.0,,,,,,,"92,5901929309929",2,,40577;40580;40586;40589;40631;40633;40650,"Bugarama, Gatara, Kayanza, Muhuta, Mutimbuzi, Nyanza-Lac, Rohero (Adm2). "
2021-0556-CAF,2021,556,FL-2021-000123,Natural,Hydrological,Flood,,,,Central African Republic,CAF,Middle Africa,Africa,Bimbo; Birao and Baoro cities,Heavy rains,,,,,,,,Km2,,,,,2021,8.0,7.0,2021,8.0,7.0,,5.0,3952.0,,3957.0,,,,,,,"92,5901929309929",2,,12874;12876;12902,"Baoro, Bimbo, Birao (Adm2). "
2021-0810-COG,2021,810,FF-2021-0198,Natural,Hydrological,Flood,,,,Congo (the),COG,Middle Africa,Africa,"Bétou, Epéna and Dongou districts (Likouala); Sangha, Cuvette, Plateaux, Kouilou, Brazzaville",Heavy rains,,,,,Yes,,,Km2,,,,,2021,11.0,29.0,2021,12.0,8.0,24.0,,46652.0,,46652.0,,,,,,,"92,5901929309929",1;2,971;977;979;190432;190433,190437;190439;190509,"Brazzaville, Cuvette, Kouilou, Plateaux, Sangha (Adm1). Betou, Dongou, Epena (Adm2). "
2021-0132-DZA,2021,132,FL-2021-000023,Natural,Hydrological,Flood,Flash flood,,,Algeria,DZA,Northern Africa,Africa,Chlef Province,Heavy rains,,,,,,,,Km2,,,,,2021,3.0,6.0,2021,3.0,7.0,10.0,,2500.0,,2500.0,,,,,,,"92,5901929309929",1,354,,Chlef (Adm1). 
2017-0581-GMB,2017,581,,Natural,Hydrological,Flood,,,,Gambia (the),GMB,Western Africa,Africa,Kuntaur Local Government ,Heavy rains,,,Yes,,,,,Km2,,,,,2017,8.0,,2017,8.0,,6.0,,20000.0,,20000.0,,,,,,,"83,7572545519631",,,,
2019-0370-MAR,2019,370,,Natural,Hydrological,Landslide,Landslide,,,Morocco,MAR,Northern Africa,Africa,"Near Asni, Al Haouz Province",Heavy rains,Transport accident,"Slide (land, mud, snow, rock)",,,,,,,,,,,2019,7.0,24.0,2019,7.0,24.0,15.0,,,,,,,,,,,"87,3580067738847",2,,147347,Al Haouz (Adm2). 
2019-0601-MDG,2019,601,TC-2019-000164,Natural,Meteorological,Storm,Tropical cyclone,,Cyclone 'Belna',Madagascar,MDG,Eastern Africa,Africa,"Mahanjanga, Soalala districts (Boeny); Diego I district (Diana); Besalampy district (Melaky); Morondava district (Menabe",,Broken Dam/Burst bank,Flood,,,,,180.0,Kph,,,,,2019,12.0,9.0,2019,12.0,10.0,5.0,6293.0,14000.0,,20293.0,,,,,25000.0,28618.0,"87,3580067738847",1,41760;41762;41766,,"Boeny, Diana, Melaky (Adm1). "
2019-0500-KEN,2019,500,FL-2019-000138,Natural,Hydrological,Flood,Flash flood,,,Kenya,KEN,Eastern Africa,Africa,"Mombasa, Kwale, Kilifi, Tana River, TaitaTaveta, Garissa, Wajir, Mandera, Marsabit, Isiolo, Meru, Kitui, Machakos, Makueni, Kirinyaga, Murang'a, Turkana, West Pokot, Samburu, Trans-Nzoia, Elgeyo-Marakwet, Nandi, Narok, Kajiado, Kakamega, Bungoma, Siaya, Kisumu, Homa Bay counties",,"Slide (land, mud, snow, rock)",,,,,,232028.0,Km2,0.728,39.414,,,2019,10.0,10.0,2019,12.0,13.0,90.0,,233339.0,,233339.0,,,,,,,"87,3580067738847",2,,51364;51385;51392,"Marakwet, Turkana, Wajir (Adm2). "
2019-0633-MOZ,2019,633,,Natural,Hydrological,Flood,,,,Mozambique,MOZ,Eastern Africa,Africa,"Cabo Delgado, Nampula, Zambezia, Tete, Sofala provinces",,Storm,,,,,,401250.0,Km2,-16.223,36.866,,,2019,12.0,27.0,2020,1.0,23.0,28.0,66.0,58000.0,,58066.0,,,,,,,"87,3580067738847",1,2112;2118;2120;2121,,"Cabo Delgado, Nampula, Sofala, Tete (Adm1). "
2019-0557-KEN,2019,557,,Natural,Hydrological,Landslide,Landslide,,,Kenya,KEN,Eastern Africa,Africa,"Tapach, Parua (West Pokot county)",Heavy rains,Flood,,,,,,,,,,,,2019,11.0,23.0,2019,11.0,23.0,97.0,,,120.0,120.0,,,,,,,"87,3580067738847",2,,51394,West Pokot (Adm2). 
2019-0630-ETH,2019,630,,Natural,Biological,Insect infestation,Locust,,,Ethiopia,ETH,Eastern Africa,Africa,"Afar, Amhara, Oromia, Somali,Tigrayan regional states",,Food shortage,,,,,,,,,,,,2019,11.0,,2020,2.0,,,,,,,,,,,,,"87,3580067738847",,,,
2019-0630-KEN,2019,630,,Natural,Biological,Insect infestation,Locust,,,Kenya,KEN,Eastern Africa,Africa,,,Food shortage,,,,,,,,,,,,2020,2.0,,2020,2.0,,,,,,,,,,,,,"87,3580067738847",,,,
2019-0426-MAR,2019,426,,Natural,Hydrological,Flood,,,,Morocco,MAR,Northern Africa,Africa,El Khank (Errachidia Province),Heavy rains,Transport accident,,,,,,,Km2,,,,,2019,9.0,8.0,2019,9.0,9.0,17.0,29.0,,,29.0,,,,,,,"87,3580067738847",2,,21792,Errachidia (Adm2). 
2019-0630-ERI,2019,630,,Natural,Biological,Insect infestation,Locust,,,Eritrea,ERI,Eastern Africa,Africa,,,,,,,,,,,,,,,2020,2.0,,2020,2.0,,,,,,,,,,,,,"87,3580067738847",,,,
2019-0500-ETH,2019,500,FL-2019-000138,Natural,Hydrological,Flood,Flash flood,,,Ethiopia,ETH,Eastern Africa,Africa,Somali region,,,,,,,,,Km2,,,,,2019,10.0,1.0,2019,10.0,13.0,,,200000.0,,200000.0,,,,,,,"87,3580067738847",1,47679,,Somali (Adm1). 
2019-0494-ETH,2019,494,,Natural,Hydrological,Landslide,Landslide,,,Ethiopia,ETH,Eastern Africa,Africa,Konta district (SNNPR region),Heavy rains,,,,,,,,,,,,,2019,10.0,15.0,2019,10.0,15.0,23.0,,,,,,,,,,,"87,3580067738847",2,,47703,Konta (Adm2). 
2019-0352-ETH,2019,352,EP-2019-000080,Natural,Biological,Epidemic,Bacterial disease,,Cholera,Ethiopia,ETH,Eastern Africa,Africa,"Afar, Diredawa, Oromia, Amhara, Addis Ababa, Somali, Tigray",,,,,,,,,Vaccinated,,,,,2019,4.0,25.0,2019,6.0,23.0,15.0,,871.0,,871.0,,,,,,,"87,3580067738847",,,,
2019-0658-ETH,2019,658,EP-2019-000080,Natural,Biological,Epidemic,Bacterial disease,,Cholera,Ethiopia,ETH,Eastern Africa,Africa,"Southern Nations, Nationalities, Peoples' Region (SNNPR), Oromiya (Guji zone), Somali (Shabelle zone) regions",,,,,,,,,Vaccinated,,,,,2019,12.0,,2020,1.0,22.0,55.0,930.0,,,930.0,,,,,,,"87,3580067738847",,,,
2019-0488-GHA,2019,488,FL-2019-000135,Natural,Hydrological,Flood,,,,Ghana,GHA,Western Africa,Africa,"Bolgatanga, Navrongo, Bawku, Bolgatanga Esat, Kassena Nankana West, Bulils North, Pusiga, Binduri, Garu, Tempane, Bongo, Talensi districts (Upper East Region)",Heavy rains,,,,,,,,Km2,,,,,2019,10.0,6.0,2019,10.0,9.0,19.0,19.0,26083.0,,26102.0,,,,,,,"87,3580067738847",1,1330,,Upper East (Adm1). 
2019-0665-GMB,2019,665,VW-2019-000069,Natural,Meteorological,Storm,Convective storm,Storm/Surge,,Gambia (the),GMB,Western Africa,Africa,"Jimara, Tumanna, Wuli East, Wuli West and Sandu districts (Upper River Region URR)); Upper Fulado East, Upper Fulado West, Niani (Central River Region(CRR) ",,,,,,,,,Kph,,,,,2019,6.0,19.0,2019,6.0,19.0,4.0,101.0,15000.0,,15101.0,,,,,,,"87,3580067738847",2,,16406;16412;16429;16431;16432,"Fulladu East, Fulladu West, Niani, Sandu, Wuli (Adm2). "
2019-9619-LSO,2019,9619,,Natural,Climatological,Drought,Drought,,,Lesotho,LSO,Southern Africa,Africa,,,,,,,Yes,,,Km2,,,,,2019,,,2019,12.0,,,,433000.0,,433000.0,,,,,,,"87,3580067738847",,,,
2019-0427-MAR,2019,427,,Natural,Hydrological,Flood,Flash flood,,,Morocco,MAR,Northern Africa,Africa,Taroudant Province,,,,,,,,,Km2,,,,,2019,8.0,28.0,2019,8.0,28.0,7.0,,200.0,,200.0,,,,,,,"87,3580067738847",2,,21826,Taroudannt (Adm2). 
2019-0420-MLI,2019,420,FL-2019-000100,Natural,Hydrological,Flood,,,,Mali,MLI,Western Africa,Africa,"Kidal, Koulikoro, Timbuktu, Ménaka, Mopti",Heavy rains,,,,,,,,Km2,,,,,2019,8.0,24.0,2019,9.0,12.0,,,6474.0,,6474.0,,,,,,,"87,3580067738847",1;2,1929;1930;1931;1934,19375,"Kidal, Koulikoro, Mopti, Tombouctou (Adm1). Menaka (Adm2). "
2019-0433-MRT,2019,433,,Natural,Hydrological,Flood,,,,Mauritania,MRT,Western Africa,Africa,"Sélibaby, Ould Yenja districts (Guidimaka Region)",Heavy rains,,,,,,,,Km2,,,,,2019,8.0,26.0,2019,8.0,27.0,3.0,,33600.0,,33600.0,,,,,,,"87,3580067738847",2,,19509;19510,"Ould Yenge, Selibaby (Adm2). "
2019-0415-NER,2019,415,,Natural,Hydrological,Flood,,,,Niger (the),NER,Western Africa,Africa,"Zinder, Maradi regions (south), Niamey Capital City , Dosso, Agadez",Heavy rains,,,,,,,,Km2,,,,,2019,9.0,1.0,2019,9.0,15.0,52.0,,200000.0,,200000.0,,,,,,,"87,3580067738847",1,2202;2204;2205;2206;2209,,"Agadez, Dosso, Maradi, Niamey, Zinder (Adm1). "
2019-0504-NER,2019,504,,Natural,Hydrological,Flood,,,,Niger (the),NER,Western Africa,Africa,Diffa Region,,,,,,,,,Km2,,,,Komadougou River,2019,10.0,24.0,2019,10.0,24.0,,,23000.0,,23000.0,,,,,,,"87,3580067738847",1,2203,,Diffa (Adm1). 
2019-0397-NGA,2019,397,,Natural,Biological,Epidemic,Bacterial disease,,Cholera,Nigeria,NGA,Western Africa,Africa, Adamawa State,,,,,,,,,Vaccinated,,,,,2019,8.0,,2019,8.0,21.0,4.0,665.0,,,665.0,,,,,,,"87,3580067738847",,,,
2019-0454-NGA,2019,454,,Natural,Biological,Epidemic,Viral disease,,Yellow fever,Nigeria,NGA,Western Africa,Africa,"Bauchi, Katsina, Borno, Gombe, Kano",,,,,,,,,Vaccinated,,,,,2019,1.0,,2019,9.0,30.0,22.0,169.0,,,169.0,,,,,,,"87,3580067738847",,,,
2019-0415-NGA,2019,415,,Natural,Hydrological,Flood,,,,Nigeria,NGA,Western Africa,Africa,"Cross River, Kogi, Niger,Taraba States",,,,,,,,,Km2,,,,"Niger, Benue rivers",2019,9.0,21.0,2019,9.0,27.0,12.0,,18640.0,,18640.0,,,,,,,"87,3580067738847",1,2217;2228;2239,,"Cross River, Kogi, Taraba (Adm1). "
2019-0435-NGA,2019,435,,Natural,Hydrological,Flood,,,,Nigeria,NGA,Western Africa,Africa,"Borno, Jigawa, Kano, Yobe states",Heavy rains,,,,,,,,Km2,,,,,2019,8.0,20.0,2019,8.0,25.0,12.0,,52500.0,,52500.0,,,,,,,"87,3580067738847",1,2216;2223;2225;2240,,"Borno, Jigawa, Kano, Yobe (Adm1). "
2020-9424-MDG,2020,9424,DR-2020-000231,Natural,Climatological,Drought,Drought,,,Madagascar,MDG,Eastern Africa,Africa," Betioky, Ampanihy, Tuléar II, Amboasary and Bekily districts, Anosy, Androy, Atsimo Andrefana.",Insufficient rainfall ,Food shortage,Famine,,,,,,Km2,,,,,2020,1.0,,2022,6.0,,,,1680000.0,,1680000.0,,,,,,,"88,4356408059336",2,,154532;154535;154538;154542;154546,"Amboasary-Atsimo, Ampanihy Ouest, Bekily, Betioky Atsimo, Toliary-II (Adm2). "
2020-0164-KEN,2020,164,,Natural,Hydrological,Flood,,,,Kenya,KEN,Eastern Africa,Africa,"West Pokot, Elgeyo Marakwet, Kisumu, Homabay, Tana River, Garissa, Kilifi, Kirinyaga, Siaya, Kakamega, Bomet, Nairobi counties",Heavy rains,"Slide (land, mud, snow, rock)",,,,,,154390.0,Km2,1.163,36.593,,,2020,4.0,18.0,2020,6.0,1.0,285.0,,810655.0,,810655.0,,,,,10000.0,11308.0,"88,4356408059336",2,,51334;51340;51346;51360;51361;51368;51369;51375;51378;51385;51394;51398,"Bomet, Garissa, Homa Bay, Kakamega, Kilifi, Kirinyaga, Kisumu, Marakwet, Nairobi, Siaya, Tana River, West Pokot (Adm2). "
2020-0016-MDG,2020,16,FL-2020-000008,Natural,Hydrological,Flood,,,,Madagascar,MDG,Eastern Africa,Africa,"Andapa Municipality; Amparafaravola, Ambatondrazaka (Alaotra Mangoro); Tana V, Tana IV, Tana II, Tana I, Tana III (Analamanga); Maevatanana, Tsaratanana (Betsiboka); Mitsinjo, Ambato Boeny, Marovoay,Majunga I, Majunga II (Boeny); Ambanja, Ambilobe (Diana); Besalampy (Melaky); Port Berger, Mampikomy (Sofia)",Heavy rains caused by tropical storm,"Slide (land, mud, snow, rock)",,,,Yes,,443086.0,Km2,-18.95,47.184,,,2020,1.0,1.0,2020,1.0,24.0,40.0,,106846.0,,106846.0,,,,,,,"88,4356408059336",2,,123870;123871;123872;123873;123874;123875;154509;154510;154560;154561;154562;154563;154564;154565;154566;154570;154571;154587;154595;154603;154605,"Ambanja, Ambato Boeni, Ambatondrazaka, Ambilobe, Amparafaravola, Andapa, Antananarivo I, Antananarivo II, Antananarivo III, Antananarivo IV, Antananarivo V, Antananarivo VI, Besalampy, Maevatanana, Mahajanga I, Mahajanga II, Mampikony, Marovoay, Mitsinjo, Port-Berge (Boriziny-Vaovao), Tsaratanana (Adm2). "
2020-0257-NGA,2020,257,,Natural,Hydrological,Flood,,,,Nigeria,NGA,Western Africa,Africa,Akwa Ibom (southern part of the country) and Kwara (west-central Nigeria) ,Heavy rains,Collapse,,,,,,,Km2,,,,,2020,6.0,14.0,2020,6.0,16.0,4.0,,300.0,,300.0,,,,,,,"88,4356408059336",1,2212;2229,,"Akwa Ibom, Kwara (Adm1). "
2020-0103-MDG,2020,103,,Natural,Meteorological,Storm,Tropical cyclone,,Cyclone 'Herold',Madagascar,MDG,Eastern Africa,Africa,"Sava region, Maroantsetra (Analanjirofo), Antalaha (Sava)",,Flood,,,,,,148.0,Kph,-14.488,48.767,,,2020,3.0,13.0,2020,3.0,17.0,4.0,,3200.0,,3200.0,,,,,,,"88,4356408059336",1;2,41768,154527,Sava (Adm1). Maroantsetra (Adm2). 
2020-9609-KEN,2020,9609,DR-2021-000054; DR-2021-000111,Natural,Climatological,Drought,Drought,,,Kenya,KEN,Eastern Africa,Africa,"Marsabit, Mandera, Garissa, Wajir, Kilifi, Tana River, Makueni, Lamu, Samburu, Kitui, Isiolo and Laikipia",Lack of rains,Food shortage,,Yes,,,,,Km2,,,,,2020,12.0,,2022,12.0,,,,4500000.0,,4500000.0,,,,,250000.0,282691.0,"88,4356408059336",2,,51340;51342;51346;51348;51349;51351;51352;51361;51363;51364;51384;51389,"Garissa, Isiolo, Kilifi, Kitui, Laikipia, Lamu, Makueni, Mandera, Marsabit, Samburu, Tana River, Wajir (Adm2). "
2020-9396-LSO,2020,9396,,Natural,Climatological,Drought,Drought,,,Lesotho,LSO,Southern Africa,Africa,,Prolonged dry spells and negative economic impacts of COVID-19,Food shortage,,,,,,,Km2,,,,,2020,9.0,,2022,12.0,,,,766000.0,,766000.0,,,,,,,"88,4356408059336",,,,
2020-9569-MLI,2020,9569,,Natural,Climatological,Drought,Drought,,,Mali,MLI,Western Africa,Africa,"Ménaka, Gao, Mopti, Kidal, Koulikoro and Ségou",,Food shortage,,,,,,,Km2,,,,,2020,,,2020,12.0,,,,6800000.0,,6800000.0,,,,,,,"88,4356408059336",1,1927;1930;1931;1932,,"Gao, Koulikoro, Mopti, Segou (Adm1). "
2020-9586-MOZ,2020,9586,,Natural,Climatological,Drought,Drought,,,Mozambique,MOZ,Eastern Africa,Africa,,,Food shortage,,,,,,,Km2,,,,,2020,10.0,,2020,12.0,,,,2700000.0,,2700000.0,,,,,,,"88,4356408059336",,,,
2020-9538-MRT,2020,9538,DR-2020-000167/OT-2022-000240,Natural,Climatological,Drought,Drought,,,Mauritania,MRT,Western Africa,Africa,"Tagant, Guidimakha, Assaba, Gorgol, Hodh El Charghi Adrar, Brakna, Hodh Chargui, Hodh Ech Chargi and Hodh El Gharbi",,Food shortage,,,,,,,Km2,,,,,2020,6.0,,2022,11.0,,,,1400000.0,,1400000.0,,,,,,,"88,4356408059336",1,2004;2005;2006;2008;2009;2010;2011;2014,,"Adrar, Assaba, Brakna, Gorgol, Guidimakha, Hodh Ech Chargi, Hodh El Gharbi, Tagant (Adm1). "
2020-9570-NER,2020,9570,,Natural,Climatological,Drought,Drought,,,Niger (the),NER,Western Africa,Africa,"Diffa, Tahoua, Zinder, Maradi, Agadez, Tillabéri regions",,Food shortage,,,,,,,Km2,,,,,2020,,,2020,12.0,23.0,,,3700000.0,,3700000.0,,,,,,,"88,4356408059336",1,2202;2203;2205;2207;2208;2209,,"Agadez, Diffa, Maradi, Tahoua, Tillaberi, Zinder (Adm1). "
2020-0102-EGY,2020,102,FL-2020-000038,Natural,Hydrological,Flood,Flash flood,,,Egypt,EGY,Northern Africa,Africa,"Cairo, Giza, Monufia, Sharkeia, South Sinai, Red Sea, Beni Suef, Faiyum, Ismailia",Heavy rains,Transport accident,,,,Yes,,22124.0,Km2,29.021,30.754,,,2020,3.0,11.0,2020,3.0,15.0,40.0,400.0,20000.0,,20400.0,,,,,76000.0,85938.0,"88,4356408059336",1,61514;61515;61518;61520;61521;61527;61532;61533;61534,,"Beni Suef, Cairo, Fayoum, Giza, Ismailia, Menoufia, Red Sea, Shrkia, South Sinai (Adm1). "
2020-0240-ETH,2020,240,,Natural,Hydrological,Landslide,Landslide,,,Ethiopia,ETH,Eastern Africa,Africa,"Ale district (Illubabor, Oroma), Gamo Zone in SNNPR region",Heavy rains,,,,,,,,,,,,,2020,5.0,9.0,2020,5.0,9.0,12.0,,,,,,,,,,,"88,4356408059336",2,,47699;149292,"Gamo Gofa, Ilubabor (Adm2). "
2020-0159-ETH,2020,159,FF-2020-000221,Natural,Hydrological,Flood,,,,Ethiopia,ETH,Eastern Africa,Africa,"Dire Dawa City, SNNPR",,,,,,,,,Km2,,,,"Juba river, Shabelle river basins",2020,4.0,20.0,2020,5.0,8.0,12.0,,219000.0,,219000.0,,,,,,,"88,4356408059336",1,1231;1236,,"Dire Dawa, SNNPR (Adm1). "
2020-0222-ETH,2020,222,,Natural,Hydrological,Landslide,,,,Ethiopia,ETH,Eastern Africa,Africa,Gamo Area ,Heavy rains,,,,,,,,,,,,,2020,5.0,28.0,2020,5.0,28.0,10.0,,,,,,,,,,,"88,4356408059336",2,,47699,Gamo Gofa (Adm2). 
2020-0564-ETH,2020,564,FL-2020-000203,Natural,Hydrological,Flood,,,,Ethiopia,ETH,Eastern Africa,Africa,"South Gondar zone (Amhara Region); Afar, Gambella, Oromia, Somali, SNNPR",Heavy rains,,,,,,,,Km2,,,," Lake Tana, Gumera & Rib rivers",2020,6.0,,2020,9.0,,,,1010854.0,,1010854.0,,,,,,,"88,4356408059336",2,,40801,South Gonder (Adm2). 
2020-0228-GHA,2020,228,,Natural,Hydrological,Flood,,,,Ghana,GHA,Western Africa,Africa,Greater Accra Region,Heavy rains,,,,,,,,Km2,,,,,2020,6.0,8.0,2020,6.0,10.0,3.0,,200.0,,200.0,,,,,,,"88,4356408059336",1,1328,,Greater Accra (Adm1). 
2020-0399-GHA,2020,399,FL-2020-000200,Natural,Hydrological,Flood,,,,Ghana,GHA,Western Africa,Africa,Bagre Dam in West Mamprusi Municipality,Heavy rains,,,,,,,,Km2,,,,,2020,9.0,5.0,2020,9.0,6.0,4.0,,,,,,,,,,,"88,4356408059336",2,,190702,West Mamprusi (Adm2). 
2020-0480-GIN,2020,480,FL-2020-000202,Natural,Hydrological,Flood,,,,Guinea,GIN,Western Africa,Africa,"Bordo, Far, Senkefera 2, Madina, Salamanida, Energieako 1, Farako 2, Dalako, Briqueterie, Missira, Kokolinikoro, Djodon, Senkefera, Banankoroda, Korialen, Hermakonon, Kankancoura, Dar-es-salam, Aviation, Kabada 1, Kabada 2, Fourouban, Timbo, Gare, Metéo, Sobje, Batè Nafadji, Gbéredou Baranama, Balandou, Karifamoria, Missamana, Tintioulen, Sabadou Baranama, Moribaya, Koumban,Tokounou, Mamouroudou, Boula prefectures (Kankan)",Heavy rains,,,,,,,,Km2,,,,,2020,9.0,6.0,2020,9.0,7.0,,5.0,49536.0,,49541.0,,,,,,,"88,4356408059336",1,40703,,Kankan (Adm1). 
2020-0062-MOZ,2020,62,,Natural,Hydrological,Flood,,,,Mozambique,MOZ,Eastern Africa,Africa,"Grudja, Estaquinha, Bandua, Guara-Guara, Vila de Buzi, Muchanesse, Munimucua (Buzi distrcit, Sofala province); Sussundenga District (Manica)",Heavy rains,,,,,,,172917.0,Km2,-18.013,35.282,,,2020,2.0,11.0,2020,2.0,17.0,2.0,,8700.0,,8700.0,,,,,,,"88,4356408059336",2,,21879;21922,"Buzi, Sussundenga (Adm2). "
2020-0484-MOZ,2020,484,,Natural,Hydrological,Flood,,,,Mozambique,MOZ,Eastern Africa,Africa,"Niassa, Nampula, Zambézia, Manica, Tete",Heavy rains,,,,,,,,Km2,,,,,2020,10.0,1.0,2020,10.0,31.0,22.0,,145000.0,,145000.0,,,,,,,"88,4356408059336",1,2115;2118;2119;2121;2122,,"Manica, Nampula, Niassa, Tete, Zambezia (Adm1). "
2020-0436-MRT,2020,436,,Natural,Hydrological,Flood,,,,Mauritania,MRT,Western Africa,Africa,"Nouakchott, Assaba, Hodh Ech Chargui",Heavy rains,,,,,,,,Km2,,,,,2020,9.0,1.0,2020,9.0,15.0,9.0,,10000.0,700.0,10700.0,,,,,,,"88,4356408059336",1,2005;2010;2013,,"Assaba, Hodh Ech Chargi, Nouakchott (Adm1). "
2020-0481-MRT,2020,481,FL-2020-000199,Natural,Hydrological,Flood,,,,Mauritania,MRT,Western Africa,Africa,"Bassiknou, Adel Begrou, Amourj, Néma departments",Torrential rains,,,,,,,,Km2,,,,,2020,9.0,1.0,2020,9.0,8.0,,,9282.0,,9282.0,,,,,,,"88,4356408059336",2,,19511;19512;19514,"Amourj, Bassikounou, Nema (Adm2). "
2020-0046-MWI,2020,46,,Natural,Hydrological,Flood,Riverine flood,,,Malawi,MWI,Eastern Africa,Africa,Karonga District,Heavy rains,,,,,,,,Km2,,,,North Rukuru River,2020,2.0,4.0,2020,2.0,6.0,1.0,,2250.0,,2250.0,,,,,,,"88,4356408059336",2,,19317,Karonga (Adm2). 
2020-0085-NAM,2020,85,,Natural,Hydrological,Flood,,,,Namibia,NAM,Southern Africa,Africa,"Oshana, Oshikoto, Omusati, Ohangwena",Heavy rains,,,,,,,,Km2,,,,,2020,3.0,6.0,2020,3.0,6.0,,,1000.0,,1000.0,,,,,,,"88,4356408059336",1,2144;2146;2147;2148,,"Ohangwena, Omusati, Oshana, Oshikoto (Adm1). "
2020-0336-NER,2020,336,,Natural,Hydrological,Flood,,,,Niger (the),NER,Western Africa,Africa,"Maradi, Tahoua, Tillabéri, Dosso ",Heavy rains,,,,,,,,Km2,,,,,2020,7.0,1.0,2020,9.0,10.0,73.0,,,632608.0,632608.0,,,,,10000.0,11308.0,"88,4356408059336",1,2204;2205;2207;2208,,"Dosso, Maradi, Tahoua, Tillaberi (Adm1). "
2020-0387-NER,2020,387,,Natural,Hydrological,Flood,,,,Niger (the),NER,Western Africa,Africa,Niamey,,,,,,,,,Km2,,,,,2020,8.0,,2020,9.0,10.0,10.0,12.0,50000.0,,50012.0,,,,,,,"88,4356408059336",1,2206,,Niamey (Adm1). 
2020-0039-NGA,2020,39,EP-2020-000028,Natural,Biological,Epidemic,Viral disease,,Lassa fever,Nigeria,NGA,Western Africa,Africa,"Ondo, Edo, Ebonyi, Enugu, Kano, Borno, Nasarawa, Kogi, Rivers, Abia, Adamawa, Benue, Kaduna, Delta, Taraba, Plateau, Bauchi, Osun, Ogun states",,,,,,,,,Vaccinated,,,,,2020,1.0,1.0,2020,2.0,17.0,47.0,365.0,,,365.0,,,,,,,"88,4356408059336",,,,
2020-0528-NGA,2020,528,EP-2020-000230,Natural,Biological,Epidemic,Viral disease,,Yellow fever,Nigeria,NGA,Western Africa,Africa,"Bauchi, Delta, Enugu",,,,,,Yes,,,Vaccinated,,,,,2020,11.0,1.0,2020,12.0,4.0,76.0,222.0,,,222.0,,,,,,,"88,4356408059336",,,,
2020-0321-NGA,2020,321,,Natural,Hydrological,Flood,,,,Nigeria,NGA,Western Africa,Africa,"Suleja City, Gwagwalada area, Abuja",,,,,,,,,Km2,,,,,2020,6.0,24.0,2020,7.0,31.0,30.0,,,,,,,,,,,"88,4356408059336",1;2,2221,191140,Abuja (Adm1). Suleja (Adm2). 
2020-0455-NGA,2020,455,FL-2020-000207,Natural,Hydrological,Flood,,,,Nigeria,NGA,Western Africa,Africa,"Jigawa, Kebbi, Kwara, Sokoto, Zamfara",Heavy rains,,,,,,,,Km2,,,,,2020,6.0,24.0,2020,10.0,31.0,155.0,825.0,192600.0,,193425.0,,,,,100000.0,113077.0,"88,4356408059336",1,2223;2227;2229;65709;65710,,"Jigawa, Kebbi, Kwara, Sokoto, Zamfara (Adm1). "
2021-0809-MWI,2021,809,SS-2021-000196,Natural,Meteorological,Storm,Convective storm,,,Malawi,MWI,Eastern Africa,Africa,"Lilongwe, Mulanje, Mangochi, Chikwawa, Ntcheu, Machinga, Balaka, Zomba, Chiradzulu, Phalombe, Salima, Mzuzu and Blantyre",,Lightening,Flood,,,,,,Kph,,,,,2021,7.0,,2021,11.0,28.0,13.0,51.0,55500.0,,55551.0,,,,,,,"92,5901929309929",2,,19310;19313;19315;19318;19321;19322;19323;19325;19330;42174;42175;42176;42177,"Balaka, Blantyre, Chikwawa, Chiradzulu, Lilongwe, Machinga, Mangochi, Mulanje, Mzimba, Ntcheu, Phalombe, Salima, Zomba (Adm2). "
2021-0737-EGY,2021,737,FL-2021-000190,Natural,Hydrological,Flood,,,,Egypt,EGY,Northern Africa,Africa,Aswan Governorate,Heavy rains,Hail,Insect infestation,,,,,,Km2,,,,,2021,11.0,12.0,2021,11.0,14.0,3.0,450.0,4685.0,1100.0,6235.0,,,,,,,"92,5901929309929",1,61512,,Aswan (Adm1). 
2021-0090-MDG,2021,90,,Natural,Hydrological,Flood,,,,Madagascar,MDG,Eastern Africa,Africa,"Antananarivo City (Analamanga Region), Alaotra-Mangoro, Analamanga, Melaky Menabe",Heavy rains,"Slide (land, mud, snow, rock)",,,,,,,Km2,,,,,2021,2.0,18.0,2021,2.0,22.0,1.0,,1400.0,,1400.0,,,,,,,"92,5901929309929",1,41750;41752;41766,,"Alaotra Mangoro, Analamanga, Melaky (Adm1). "
2021-0521-NGA,2021,521,,Natural,Hydrological,Flood,,,,Nigeria,NGA,Western Africa,Africa,"Jigawa,Bauchi, Adamawa and Borno states; Jalingo, Taraba, and the city of Lagos",,Storm,,,,,,,Km2,,,,,2021,7.0,1.0,2021,8.0,31.0,,,7500.0,,7500.0,,,,,,,"92,5901929309929",1;2,2211;2216;2223;2230,191153,"Adamawa, Borno, Jigawa, Lagos (Adm1). Jalingo (Adm2). "
2021-0416-GMB,2021,416,WV-2021-000080,Natural,Meteorological,Storm,Convective storm,Severe storm,,Gambia (the),GMB,Western Africa,Africa,"Upper River Region, Central River Region, North Bank Region, Lower River Region, West Coast Region, Kanifing Municipality and Banjul",,Flood,,,,,,,Kph,,,,,2021,7.0,2.0,2021,7.0,8.0,10.0,100.0,16849.0,,16949.0,,,,,,,"92,5901929309929",1,1285;1287;1288;1289;1290;112869,,"Central River, Kanifing Municipal Council, Lower River, North Bank, Upper River, West Coast (Adm1). "
2021-0036-MOZ,2021,36,TC-2021-000011,Natural,Meteorological,Storm,Tropical cyclone,,Tropical cyclone 'Eloise',Mozambique,MOZ,Eastern Africa,Africa,"Beira, Sofala, South of Manica, North of Inhambane and Eastern Gaza",,Flood,,Yes,,,,160.0,Kph,,,,,2021,1.0,23.0,2021,1.0,23.0,11.0,15.0,481886.0,,481901.0,,,,,,,"92,5901929309929",1,2113;2114;2115;2120,,"Gaza, Inhambane, Manica, Sofala (Adm1). "
2021-9546-ETH,2021,9546,DR-2021-000121,Natural,Climatological,Drought,Drought,,,Ethiopia,ETH,Eastern Africa,Africa,"Tigray, Afar and Amhara ",,Food shortage,,Yes,,,,,Km2,,,,,2021,5.0,,2022,2.0,,,,6800000.0,,6800000.0,,,,,,,"92,5901929309929",1,1228;1229;1237,,"Afar, Amhara, Tigray (Adm1). "
2021-0343-ETH,2021,343,,Natural,Hydrological,Flood,Riverine flood,,,Ethiopia,ETH,Eastern Africa,Africa,,,,,,,,,,Km2,,,,Shabelle River ,2021,5.0,1.0,2021,5.0,31.0,16.0,,,,,,,,,,,"92,5901929309929",,,,
2021-0348-GHA,2021,348,,Natural,Hydrological,Flood,,,,Ghana,GHA,Western Africa,Africa,"Ashanti, Greater Accra",Heavy rains,,,,,,,,Km2,,,,,2021,6.0,26.0,2021,6.0,28.0,4.0,6.0,200.0,,206.0,,,,,,,"92,5901929309929",1,1324;1328,,"Ashanti, Greater Accra (Adm1). "
2021-0610-GHA,2021,610,,Natural,Hydrological,Flood,,,,Ghana,GHA,Western Africa,Africa,"Chereponi, Bunkpurugu Nakpanduri districts (North East Region)",Heavy rain,,,,,,,,Km2,,,,,2021,8.0,26.0,2021,9.0,28.0,5.0,,120.0,,120.0,,,,,,,"92,5901929309929",2,,190541;190552,"Bunkpurugu Yonyo, Chereponi (Adm2). "
2021-0518-GIN,2021,518,,Natural,Biological,Epidemic,Viral disease,,Marburg fever,Guinea,GIN,Western Africa,Africa,Guéckédou Prefecture (Nzérékoré region),,,,,,Yes,,,Vaccinated,,,,,2021,8.0,6.0,2021,8.0,17.0,1.0,,173.0,,173.0,,,,,,,"92,5901929309929",,,,
2021-0616-GIN,2021,616,FL-2021-000135,Natural,Hydrological,Flood,,,,Guinea,GIN,Western Africa,Africa,"Matoto, Ratoma, Matam, Dixinn (Conakry); Frako 1, Bambino 1, Mangala 1, Heremakono, Nioumoulè, Bafilatè, Nialinko, Bambo and the Sub-prefecture of Nongoa (Guéckédou); Heremakonon, ORS, Teleladji, Cité chinoise, Énergie neighbourhoods, Malea, Djomabana, Kintignia, Boukaria, Kofilani, Balato Niandankoro and Mandjemakolen (Siguiri)",Heavy rains,,,,,,,,Km2,,,,,2021,8.0,30.0,2021,8.0,31.0,5.0,21.0,69671.0,1972.0,71664.0,,,,,,,"92,5901929309929",2,,40712;40714;40715;40716;40725;40741,"Dixinn, Gueckedou, Matam, Matoto, Ratoma, Siguiri (Adm2). "
2021-0281-KEN,2021,281,EP-2021-000047,Natural,Biological,Epidemic,Viral disease,,Dengue,Kenya,KEN,Eastern Africa,Africa,Mombasa and Lamu provinces,,,,,,,,,Vaccinated,,,,,2021,3.0,,2021,4.0,,,,1352253.0,,1352253.0,,,,,,,"92,5901929309929",2,,51342;51344,"Lamu, Mombasa (Adm2). "
2021-0227-KEN,2021,227,FL-2021-000038,Natural,Hydrological,Flood,,,,Kenya,KEN,Eastern Africa,Africa,"Tana River, Busia, Kisumu, Garissa, Marsabit, Homa Bay, Migori, Narok, Siaya, Nairobi, Elgeyo-Marakwet, Siaya, Baringo, Taita Taveta, Nakuru Counties","""Long Rains"" season ",,,,,,,,Km2,,,,"Endau, River Kipsangui, Tana rivers",2021,4.0,7.0,2021,5.0,30.0,9.0,,300000.0,,300000.0,,,,,,,"92,5901929309929",1;2,51328,51345;51346;51352;51361;51368;51369;51371;51375;51377;51381;51385;51386;51388;51396,"Nairobi (Adm1). Baringo, Busia, Garissa, Homa Bay, Keiyo, Kisumu, Marakwet, Marsabit, Migori, Nakuru, Narok, Siaya, Taita Taveta, Tana River (Adm2). "
2021-0615-LSO,2021,615,vW-2021-000139,Natural,Meteorological,Storm,,,,Lesotho,LSO,Southern Africa,Africa,Qacha's Nek and Thaba Tseka districts,,,,,,,,,Kph,,,,,2021,8.0,27.0,2021,8.0,31.0,,,2550.0,,2550.0,,,,,,,"92,5901929309929",1,1810;1812,,"Qacha's Nek, Thaba Tseka (Adm1). "
2021-0118-MAR,2021,118,,Natural,Hydrological,Flood,Flash flood,,,Morocco,MAR,Northern Africa,Africa,Tetouan and Martil Cities (Tanger Tetouan Al Hoceima Region),Heavy rains,,,,,,,,Km2,,,,,2021,3.0,1.0,2021,3.0,2.0,,,1375.0,,1375.0,,,,,,,"92,5901929309929",2,,21817,T??touan (Adm2). 
2021-0071-MAR,2021,71,,Natural,Hydrological,Flood,,,,Morocco,MAR,Northern Africa,Africa,Tanger,Heavy rains,,,,,,,,Km2,,,,,2021,2.0,1.0,2021,2.0,28.0,24.0,10.0,,,10.0,,,,,,,"92,5901929309929",1,147337,,Tanger-Tétouan (Adm1). 
2021-0036-MDG,2021,36,TC-2021-000011,Natural,Meteorological,Storm,Tropical cyclone,,Tropical cyclone 'Eloise',Madagascar,MDG,Eastern Africa,Africa,"Antalaha, Maroantsetra, Vavatenina and Toamasina districts",,,,,,,,,Kph,,,,,2021,1.0,23.0,2021,1.0,23.0,2.0,,1000.0,,1000.0,,,,,,,"92,5901929309929",2,,154527;154530;154556;154557;154596,"Antalaha, Maroantsetra, Toamasina I, Toamasina II, Vavatenina (Adm2). "
2021-9359-MOZ,2021,9359,,Natural,Climatological,Drought,Drought,,,Mozambique,MOZ,Eastern Africa,Africa,"Cabo Delgado, Niassa and Nampula provinces",,,,,,,,,Km2,,,,,2021,6.0,,2022,11.0,,,,1562771.0,,1562771.0,,,,,,,"92,5901929309929",1,2112;2118;2119,,"Cabo Delgado, Nampula, Niassa (Adm1). "
2021-0083-MOZ,2021,83,,Natural,Hydrological,Flood,,,,Mozambique,MOZ,Eastern Africa,Africa,"Magude, Moamba, and Matutuíne districts (Maputo province); Gaza province",Heavy rains,,,,,,,,Km2,,,,,2021,2.0,12.0,2021,2.0,17.0,,,11410.0,,11410.0,,,,,,,"92,5901929309929",1;2,2113,21883;21886;21887,"Gaza (Adm1). Magude, Matutuine, Moamba (Adm2). "
2021-0013-NAM,2021,13,,Natural,Hydrological,Flood,Flash flood,,,Namibia,NAM,Southern Africa,Africa,"Khomas Region, including Windhoek and Karas Region",Heavy rains,,,,,,,,Km2,,,,,2021,1.0,1.0,2021,1.0,14.0,,,401.0,,401.0,,,,,,,"92,5901929309929",1,2140;2142,,"Karas, Khomas (Adm1). "
2021-0617-NER,2021,617,EP-2021-000130,Natural,Biological,Epidemic,Bacterial disease,,Cholera,Niger (the),NER,Western Africa,Africa,"Maradi, Zinder, Tahoua, Dosso, Niamey and Tillaberi",,,,,,Yes,,,Vaccinated,,,,,2021,8.0,9.0,2021,8.0,24.0,166.0,5591.0,,,5591.0,,,,,,,"92,5901929309929",1,2204;2205;2206;2207;2208;2209,,"Dosso, Maradi, Niamey, Tahoua, Tillaberi, Zinder (Adm1). "
2021-0461-NER,2021,461,,Natural,Hydrological,Flood,,,,Niger (the),NER,Western Africa,Africa,"Maradi, Agadez, Niamey",Heavy rains,,,Yes,,,,,Km2,,,,,2021,6.0,15.0,2021,8.0,31.0,62.0,60.0,105690.0,,105750.0,,,,,,,"92,5901929309929",1,2202;2205;2206,,"Agadez, Maradi, Niamey (Adm1). "
2021-0589-NGA,2021,589,,Natural,Hydrological,Flood,Flash flood,,,Nigeria,NGA,Western Africa,Africa,"Trademoore, Light Gold, Wisdom Estates and Lugbe (Abuja)",Heavy rains,,,,,,,,Km2,,,,,2021,9.0,12.0,2021,9.0,13.0,4.0,,830.0,,830.0,,,,,,,"92,5901929309929",1,2221,,Abuja (Adm1). 
2021-0536-NGA,2021,536,EP-2021-000143,Natural,Biological,Epidemic,Bacterial disease,,Cholera,Nigeria,NGA,Western Africa,Africa,"Abia, Adamawa, Bauchi, Bayelsa, Benue, Borno, Cross River, Delta, Ebonyi, Ekiti, Enugu, FCT, Gombe, Jigawa, Kaduna, Kano, Katsina, Kebbi, Kogi, Kwara, Lagos, Nasarawa, Niger, Ogun, Ondo, Osun, Oyo, Plateau, Sokoto, Taraba, Yobe, Rivers and Zamfara",,,,Yes,,,,,Vaccinated,,,,,2021,8.0,,2021,12.0,19.0,3604.0,109089.0,70000.0,,179089.0,,,,,,,"92,5901929309929",,,,
2022-0032-MDG,2022,32,,Natural,Hydrological,Flood,,,,Madagascar,MDG,Eastern Africa,Africa,Antananarivo (Analamanga Region),Tropical Storm named Ana,"Slide (land, mud, snow, rock)",Lightening,,,,,,Km2,,,,,2022,1.0,17.0,2022,1.0,18.0,34.0,2.0,62112.0,,62114.0,,,,,,,100,2,,154522,Antananarivo Atsimondrano (Adm2). 
2022-0061-MDG,2022,61,,Natural,Meteorological,Storm,Tropical cyclone,,Cyclone 'Batsirai',Madagascar,MDG,Eastern Africa,Africa," Fianarantsoa and Ambositra ; Manakara Atsimo, Ikongo District (Fitovinany Region); Nosy-Varika, Mananjary (Vatovavy Region) ",,Flood,,,,,,235.0,Kph,,,,,2022,2.0,5.0,2022,2.0,7.0,92.0,,112115.0,,112115.0,,,,,,,100,1;2,41757,154515;154577;154612;154613;154614;154615,"Atsimo Atsinanana (Adm1). Ambositra, Fianarantsoa I, Ikongo, Manakara Atsimo, Mananjary, Nosy-Varika (Adm2). "
2022-0052-MOZ,2022,52,TC-2022-000161/SS-2021-000196,Natural,Meteorological,Storm,Tropical cyclone,,Tropical storm 'Ana',Mozambique,MOZ,Eastern Africa,Africa,"Nampula, Zambezia, Tete , Cabo Delgado, Sofala, Niassa provinces.",,Flood,,,,,,100.0,Kph,,,,,2022,1.0,24.0,2022,1.0,25.0,38.0,207.0,185429.0,,185636.0,,,,,,,100,1,2112;2118;2119;2120;2121;2122,,"Cabo Delgado, Nampula, Niassa, Sofala, Tete, Zambezia (Adm1). "
2022-0137-MOZ,2022,137,,Natural,Meteorological,Storm,Tropical cyclone,,Tropical cyclone 'Gombe',Mozambique,MOZ,Eastern Africa,Africa,"Nampula, Zambezia, Sofala, Beira,Tete and Niassa provinces",,Flood,,,,,,185.0,Kph,,,,,2022,3.0,11.0,2022,3.0,14.0,63.0,108.0,736015.0,,736123.0,,,,,,,100,1,2118;2119;2120;2121;2122,,"Nampula, Niassa, Sofala, Tete, Zambezia (Adm1). "
2022-0137-MWI,2022,137,,Natural,Meteorological,Storm,Tropical cyclone,,Tropical cyclone 'Gombe',Malawi,MWI,Eastern Africa,Africa,"Nsanje, Chikwawa, Phalombe, Machinga, Mangochi districts.",,Flood,,,,,,,Kph,,,,,2022,3.0,11.0,2022,3.0,14.0,7.0,,,,,,,,,,,100,2,,19322;19325;19328;42175;42177,"Chikwawa, Machinga, Mangochi, Nsanje, Phalombe (Adm2). "
2022-0052-MDG,2022,52,TC-2022-000161/SS-2021-000196,Natural,Meteorological,Storm,Tropical cyclone,,Tropical storm 'Ana',Madagascar,MDG,Eastern Africa,Africa,Analamanga region,,,,,,,,,Kph,,,,,2022,1.0,22.0,2022,1.0,25.0,55.0,,131555.0,,131555.0,,,,,,,100,1,41752,,Analamanga (Adm1). 
2022-0099-MDG,2022,99,,Natural,Meteorological,Storm,Tropical cyclone,,Tropical storm 'Dumako',Madagascar,MDG,Eastern Africa,Africa,Analanjirofo Region,,,,,,,,75.0,Kph,,,,,2022,2.0,15.0,2022,2.0,16.0,14.0,,9900.0,,9900.0,,,,,,,100,1,41753,,Analanjirofo (Adm1). 
2022-0101-MDG,2022,101,,Natural,Meteorological,Storm,Tropical cyclone,,Cyclone 'Emnati',Madagascar,MDG,Eastern Africa,Africa,Androka Municipality (Atsimo-Andrefana Region),,,,,,,,140.0,Kph,,,,,2022,2.0,23.0,2022,2.0,24.0,15.0,,169000.0,,169000.0,,,,,16000.0,16000.0,100,1,41756,,Atsimo Andrefana (Adm1). 
2022-0137-MDG,2022,137,,Natural,Meteorological,Storm,Tropical cyclone,,Tropical cyclone 'Gombe',Madagascar,MDG,Eastern Africa,Africa,"Maroantsetra (Analanjirofo Region), Antalaha Towns (Sava Region), Toamasina and Mahajanga Provinces",,,,,,,,90.0,Kph,,,,,2022,3.0,11.0,2022,3.0,12.0,2.0,,900.0,,900.0,,,,,,,100,2,,154527;154556;154557;154563;154564;154596,"Antalaha, Mahajanga I, Mahajanga II, Maroantsetra, Toamasina I, Toamasina II (Adm2). "
2022-0099-MOZ,2022,99,,Natural,Meteorological,Storm,Tropical cyclone,,Tropical storm 'Dumako',Mozambique,MOZ,Eastern Africa,Africa,"Zambezia, Nampula, Niassa,Tete, Sofala, and Manica provinces",,,,,,,,66.0,Kph,,,,,2022,2.0,18.0,2022,2.0,18.0,14.0,,23733.0,,23733.0,,,,,,,100,1,2115;2118;2119;2120;2121;2122,,"Manica, Nampula, Niassa, Sofala, Tete, Zambezia (Adm1). "
2022-0061-MUS,2022,61,,Natural,Meteorological,Storm,Tropical cyclone,,Cyclone 'Batsirai',Mauritius,MUS,Eastern Africa,Africa,,,,,,,,,151.0,Kph,,,,,2022,2.0,2.0,2022,2.0,2.0,1.0,,139.0,,139.0,,,,,,,100,,,,
2022-0052-MWI,2022,52,TC-2022-000161/SS-2021-000196,Natural,Meteorological,Storm,Tropical cyclone,,Tropical storm 'Ana',Malawi,MWI,Eastern Africa,Africa,"Nsanje, Chikwawa districs",,,,,,Yes,,,Kph,,,,,2022,1.0,22.0,2022,1.0,25.0,64.0,206.0,945728.0,,945934.0,,,,,,,100,2,,19322;19328,"Chikwawa, Nsanje (Adm2). "
2018-9491-SEN,2018,9491,,Natural,Climatological,Drought,Drought,,,Senegal,SEN,Western Africa,Africa,Northern regions,,Food shortage,,Yes,,,,,Km2,,,,,2018,4.0,,2021,12.0,,,,320000.0,,320000.0,,,,,,,"85,8030260572654",,,,
2019-0600-SOM,2019,600,,Natural,Meteorological,Storm,Tropical cyclone,,Tropical Storm 'Pawan',Somalia,SOM,Eastern Africa,Africa,"Las Qoray (Sanaag Region); Nugal, Bari provinces",Heavy rains,Flood,"Slide (land, mud, snow, rock)",,,,,,Kph,,,,,2019,12.0,7.0,2019,12.0,10.0,6.0,,30000.0,,30000.0,,,,,,,"87,3580067738847",2,,25713,Laasqoray (Adm2). 
2019-0382-SLE,2019,382,,Natural,Hydrological,Flood,Flash flood,,,Sierra Leone,SLE,Western Africa,Africa,"Bathurst, Kroo Bay, Kissy, Wellington, Calaba",Hevay rains,"Slide (land, mud, snow, rock)",,,,,,,Km2,,,,,2019,8.0,2.0,2019,8.0,3.0,7.0,,5000.0,,5000.0,,,,,,,"87,3580067738847",2,,111380;111381,"Western Area Rur, Western Area Urb (Adm2). "
2019-0599-UGA,2019,599,FL-2019-000163,Natural,Hydrological,Flood,Flash flood,,,Uganda,UGA,Eastern Africa,Africa," Busaru, Harugale sub-counties; Bundibugyo District, Bududa District ; Mbale district",Heavy rains,"Slide (land, mud, snow, rock)",,,,,,,Km2,,,,,2019,11.0,29.0,2019,12.0,7.0,36.0,,6000.0,,6000.0,,,,,,,"87,3580067738847",1,754;1080;47085,,"Bududa, Bundibugyo, Mbale (Adm1). "
2019-0625-UGA,2019,625,,Natural,Hydrological,Flood,,,,Uganda,UGA,Eastern Africa,Africa,"Rwenzori sub-region (western Uganda), Mount-Elgon sub-region (eastern Uganda)",,"Slide (land, mud, snow, rock)",,,,,,,Km2,,,,,2019,12.0,18.0,2019,12.0,18.0,65.0,,65250.0,,65250.0,,,,,,,"87,3580067738847",1,751;752;754;761;766;769;779;785;1080;3121;42180;47085,,"Bududa, Bukwo, Bulambuli, Bundibugyo, Kabarole, Kapchorwa, Kasese, Kween, Manafwa, Mbale, Ntoroko, Sironko (Adm1). "
2019-0453-TCD,2019,453,,Natural,Hydrological,Landslide,Landslide,,,Chad,TCD,Middle Africa,Africa,Tibesti Region ,,Collapse,,,,,,,,,,,,2019,9.0,27.0,2019,9.0,27.0,52.0,37.0,,,37.0,,,,,,,"87,3580067738847",1,12909,,Tibesti (Adm1). 
2019-0430-UGA,2019,430,,Natural,Hydrological,Landslide,Landslide,,,Uganda,UGA,Eastern Africa,Africa," Nabiwutulu, Gimadu Bugatiisa, Buluganya Counties (Bulambuli District)",Heavy rains,Flood,,,,,,,,,,,,2019,8.0,31.0,2019,9.0,3.0,20.0,,,,,,,,,,,"87,3580067738847",1,752,,Bulambuli (Adm1). 
2019-0630-SDN,2019,630,,Natural,Biological,Insect infestation,Locust,,,Sudan (the),SDN,Northern Africa,Africa,,,Food shortage,,,,,,,,,,,,2020,2.0,,2020,2.0,,,,,,,,,,,,,"87,3580067738847",,,,
2019-0630-SOM,2019,630,,Natural,Biological,Insect infestation,Locust,,,Somalia,SOM,Eastern Africa,Africa,Northern and central Somalia,,Food shortage,,,,,,,,,,,,2019,11.0,,2020,2.0,,,,,,,,,,,,,"87,3580067738847",,,,
2019-0630-UGA,2019,630,,Natural,Biological,Insect infestation,Locust,,,Uganda,UGA,Eastern Africa,Africa,,,Food shortage,,,,,,,,,,,,2020,2.0,,2020,2.0,,,,,,,,,,,,,"87,3580067738847",,,,
2019-9667-ZMB,2019,9667,OT-2019-000132,Natural,Climatological,Drought,Drought,,,Zambia,ZMB,Eastern Africa,Africa,"Southern, Western and parts of Lusaka, Eastern and Central provinces",,Food shortage,,,,,,,Km2,,,,,2019,,,2020,12.0,,,,1430000.0,,1430000.0,,,,,,,"87,3580067738847",,,,
2019-0643-RWA,2019,643,FL-2019-000170,Natural,Hydrological,Flood,,,,Rwanda,RWA,Eastern Africa,Africa,"Ngororero, Nyabihu, Nyamasheke, Rusizi (Western province); Musanze, Rulindo (Northern Province); Gisagara (Southern province)",Heavy rains,,,,,,,,Km2,,,,,2019,11.0,,2019,12.0,,16.0,33.0,5360.0,,5393.0,,,,,,,"87,3580067738847",2,,21980;21988;21990;21991;22000;22001,"Gisagara, Musanze, Ngororero, Nyabihu, Rulindo, Rusizi (Adm2). "
2019-0654-RWA,2019,654,,Natural,Hydrological,Flood,,,,Rwanda,RWA,Eastern Africa,Africa,Kigali,Heavy rains,,,,,,,,Km2,,,,,2019,12.0,25.0,2019,12.0,25.0,12.0,,,565.0,565.0,,,,,,,"87,3580067738847",1,21970,,Kigali City/Umujyi wa Kigali (Adm1). 
2019-0392-SDN,2019,392,,Natural,Hydrological,Flood,Flash flood,,,Sudan (the),SDN,Northern Africa,Africa,"While Nile, Kassala, Khartoum, Gazeera, North Kordofan",Heavy rains,,,,,,,228504.0,Km2,14.826,33.921,,,2019,7.0,,2019,9.0,6.0,78.0,,346300.0,,346300.0,,,,,,,"87,3580067738847",1,2745;2753;2770;68783;68784,,"Al Jazeera, Kassala, Khartoum, Northern Kordofan, White Nile (Adm1). "
2019-0525-SDN,2019,525,EP-2019-000113,Natural,Biological,Epidemic,Bacterial disease,,Cholera,Sudan (the),SDN,Northern Africa,Africa,"White Nile, Gedaref, Sennar, Kassala, Khartoum",,,,,,,,,Vaccinated,,,,,2019,8.0,29.0,2019,12.0,5.0,24.0,,510.0,,510.0,,,,,,,"87,3580067738847",,,,
2019-0526-SEN,2019,526,FL-2019-000118,Natural,Hydrological,Flood,,,,Senegal,SEN,Western Africa,Africa,"Rufisque, Guédiawaye departments (Dakar Region), Kaolack department ",,,,,,,,60942.0,Km2,15.52,-15.516,,,2019,9.0,10.0,2019,9.0,20.0,6.0,49.0,8919.0,,8968.0,,,,,,,"87,3580067738847",1,1373;2636,,"Dakar, Kaolack (Adm1). "
2019-0389-SLE,2019,389,,Natural,Hydrological,Flood,,,,Sierra Leone,SLE,Western Africa,Africa,Freetown,Torrential rains,,,,,,,,Km2,,,,,2019,8.0,,2019,8.0,,,,5381.0,,5381.0,,,,,,,"87,3580067738847",2,,111381,Western Area Urb (Adm2). 
2019-0500-SOM,2019,500,FL-2019-000138,Natural,Hydrological,Flood,Flash flood,,,Somalia,SOM,Eastern Africa,Africa,"Hirshabelle, Jubaland, South West, Banadir, Hiran, Gedo",,,,,,,,,Km2,,,,"Shabelle, Juba Rivers",2019,10.0,,2019,10.0,,17.0,,500000.0,,500000.0,,,,,,,"87,3580067738847",1,2689;2691;2692;2694;2695;2696;2697;2698;2699,,"Bakool, Banadir, Bay, Gedo, Hiraan, Juba Dhexe, Juba Hoose, Shabelle Dhexe, Shabelle Hoose (Adm1). "
2019-9619-SWZ,2019,9619,,Natural,Climatological,Drought,Drought,,,Eswatini,SWZ,Southern Africa,Africa,"Shiselweni, Lubombo and Hhohho regions",,,,,,,,,Km2,,,,,2019,,,2019,12.0,,,,232000.0,,232000.0,,,,,,,"87,3580067738847",1,2782;2783;2785,,"Hhohho, Lubombo, Shiselweni (Adm1). "
2019-0415-TCD,2019,415,,Natural,Hydrological,Flood,,,,Chad,TCD,Middle Africa,Africa,Sila Region (eastern Chad),,,,,,,,,Km2,,,,,2019,9.0,,2019,9.0,,,,423.0,,423.0,,,,,,,"87,3580067738847",1,12928,,Sila (Adm1). 
2019-0562-TZA,2019,562,,Natural,Hydrological,Flood,Riverine flood,,,"Tanzania, United Republic of",TZA,Eastern Africa,Africa,Mwanza district,,,,,,,,,Km2,,,,,2019,11.0,20.0,2019,11.0,25.0,10.0,,,,,,,,,,,"87,3580067738847",1,115006,,Mwanza (Adm1). 
2019-0630-TZA,2019,630,,Natural,Biological,Insect infestation,Locust,,,"Tanzania, United Republic of",TZA,Eastern Africa,Africa,,,,,,,,,,,,,,,2020,2.0,3.0,2020,2.0,,,,,,,,,,,,,"87,3580067738847",,,,
2019-0496-TZA,2019,496,,Natural,Hydrological,Flood,,,,"Tanzania, United Republic of",TZA,Eastern Africa,Africa,Morogoro Region,Heavy rains,,,,,,,,Km2,,,,,2019,10.0,2.0,2019,10.0,16.0,18.0,,,,,,,,,,,"87,3580067738847",1,48368,,Morogoro (Adm1). 
2019-0515-TZA,2019,515,,Natural,Hydrological,Flood,,,,"Tanzania, United Republic of",TZA,Eastern Africa,Africa,Handeni district (Tanga Region),,,,,,,,,Km2,,,,,2019,10.0,15.0,2019,10.0,28.0,14.0,,,,,,,,,,,"87,3580067738847",2,,115085,Handeni (Adm2). 
2019-0623-UGA,2019,623,,Natural,Hydrological,Landslide,Landslide,,,Uganda,UGA,Eastern Africa,Africa,Central and eastern regions,Heavy rains,,,,,,,,,,,,,2019,12.0,13.0,2019,12.0,14.0,7.0,,1000.0,,1000.0,,,,,,,"87,3580067738847",1,747;748;749;750;751;752;756;757;758;759;760;761;766;768;769;770;774;777;785;786;788;1080;1082;1086;1234;1235;1261;1344;1363;1365;1366;1367;1368;1369;1371;1372;3110;3114;3117;3145;42181;42182;42185;42189;42195;42200;47068;47071;47075;47078;47083;47085;47087;47088;47089;47090,,"Amuria, Budaka, Bududa, Bugiri, Buikwe, Bukedea, Bukomansimbi, Bukwo, Bulambuli, Busia, Butaleja, Butambala, Buvuma, Buyende, Gomba, Iganga, Jinja, Kaberamaido, Kalangala, Kaliro, Kalungu, Kampala, Kamuli, Kapchorwa, Katakwi, Kayunga, Kiboga, Kibuku, Kumi, Kween, Kyankwanzi, Luuka, Luwero, Lwengo, Lyantonde, Manafwa, Masaka, Mayuge, Mbale, Mityana, Mpigi, Mubende, Mukono, Nakaseke, Nakasongola, Namayingo, Namutumba, Ngora, Pallisa, Rakai, Serere, Sironko, Soroti, Ssembabule, Tororo, Wakiso (Adm1). "
2019-0540-UGA,2019,540,,Natural,Hydrological,Flood,,,,Uganda,UGA,Eastern Africa,Africa,"Mukono, Bulambuli, Butaleja, Kasese, Iganga, Busia districts",,,,,,,,,Km2,,,,,2019,10.0,15.0,2019,11.0,6.0,3.0,,4750.0,,4750.0,,,,,,,"87,3580067738847",1,752;758;1367;3110;3121;47071,,"Bulambuli, Busia, Butaleja, Iganga, Kasese, Mukono (Adm1). "
2019-0548-ZAF,2019,548,,Natural,Meteorological,Storm,Convective storm,Severe storm,,South Africa,ZAF,Southern Africa,Africa,"KwaZulu-Natal Province, Inanda Town (North of Durban City)",,,,,,,,,Kph,,,,,2019,11.0,11.0,2019,11.0,12.0,4.0,20.0,,,20.0,,,,,,,"87,3580067738847",1,77311,,KwaZulu-Natal (Adm1). 
2019-9598-ZAF,2019,9598,,Natural,Climatological,Drought,Drought,,,South Africa,ZAF,Southern Africa,Africa,,,,,,,,,,Km2,,,,,2019,1.0,1.0,2019,12.0,31.0,,,750000.0,,750000.0,,,,,135000.0,154536.0,"87,3580067738847",,,,
2019-0607-ZAF,2019,607,,Natural,Hydrological,Flood,,,,South Africa,ZAF,Southern Africa,Africa,Pretoria and Gauteng Province,Heavy rains,,,,,,,,Km2,,,,,2019,12.0,2.0,2019,12.0,11.0,2.0,,3500.0,,3500.0,,,,,,,"87,3580067738847",1,2708,,Gauteng (Adm1). 
2019-0561-COD,2019,561,,Natural,Hydrological,Flood,Riverine flood,,,Congo (the Democratic Republic of the),COD,Middle Africa,Africa,"Nord - Ubangi, Sud -Ubangi, Mongala, Bas -Uele, Haut-Uele, Maniema, Sud-Kivu, Kasaï, Kinshasa and Tshopo, creating a humanitarian disaster. Nord and Sud-Ubangi, Mongala and Kinshasa",,,,,,,,,Km2,,,,"Congo, Uangui rivers",2019,11.0,19.0,2019,11.0,26.0,43.0,54.0,399840.0,,399894.0,,,,,,,"87,3580067738847",2,,14971,Nord-Ubangi (Adm2). 
2019-0623-COD,2019,623,,Natural,Hydrological,Landslide,Landslide,,,Congo (the Democratic Republic of the),COD,Middle Africa,Africa,Ituri Province,Heavy rains,,,,,,,,,,,,,2019,12.0,13.0,2019,12.0,14.0,24.0,,,,,,,,,,,"87,3580067738847",2,,14992,Ituri (Adm2). 
2019-0615-COD,2019,615,,Natural,Biological,Epidemic,Bacterial disease,,Cholera,Congo (the Democratic Republic of the),COD,Middle Africa,Africa,,,,,,,,,,Vaccinated,,,,,2019,1.0,,2019,12.0,,472.0,27000.0,,,27000.0,,,,,,,"87,3580067738847",,,,
2019-0614-COD,2019,614,EP-2019-000148,Natural,Biological,Epidemic,Viral disease,,Measles,Congo (the Democratic Republic of the),COD,Middle Africa,Africa,,,,,,,Yes,,,Vaccinated,,,,,2019,1.0,,2019,12.0,,3667.0,,183837.0,,183837.0,,,,,,,"87,3580067738847",,,,
2019-0486-SSD,2019,486,,Natural,Hydrological,Flood,,,,South Sudan,SSD,Northern Africa,Africa,Maban County (Upper Nile state),Heavy rains,,,,,,,,Km2,,,,,2019,10.0,1.0,2019,10.0,18.0,,,700000.0,,700000.0,,,,,,,"87,3580067738847",2,,37119,Al Mabien (Adm2). 
2020-0388-UGA,2020,388,,Natural,Meteorological,Storm,Convective storm,Severe storm,,Uganda,UGA,Eastern Africa,Africa,Arua District,,Lightening,Flood,,,,,,Kph,,,,,2020,8.0,25.0,2020,8.0,31.0,8.0,,8700.0,,8700.0,,,,,,,"88,4356408059336",1,1057,,Arua (Adm1). 
2020-0487-SOM,2020,487,TC-2020-000232,Natural,Meteorological,Storm,Tropical cyclone,,Tropical cyclone 'Gati',Somalia,SOM,Eastern Africa,Africa," Xaaf uun, Dul Xaaf uun, Dardaare, Garan, Baarmadowe, Hurdiya, Foocaar, Afdhicin, Haluula, Kurduush, Gumbax, Taageer , Xandha (Iskushuban district, Bari Province, Puntland state)",,Flood,Surge,,,,,165.0,Kph,,,,,2020,11.0,22.0,2020,11.0,23.0,9.0,,120000.0,,120000.0,,,,,,,"88,4356408059336",2,,25665,Iskushuban (Adm2). 
2020-0489-ZAF,2020,489,,Natural,Meteorological,Storm,Convective storm,Severe storm,,South Africa,ZAF,Southern Africa,Africa,KwaZulu-Natal Province; Tshwane City (Gauteng Province); Mthaha (Eastern Cape); Free state,,Hail,Lightening,,,,,,Kph,,,,,2020,11.0,17.0,2020,11.0,21.0,10.0,,210.0,,210.0,,,,,,,"88,4356408059336",1;2,2707;77311,77323;77367,"Free State, KwaZulu-Natal (Adm1). City of Tshwane Metropolitan Municipality, O.R.Tambo District Municipality (Adm2). "
2020-0188-RWA,2020,188,,Natural,Hydrological,Flood,Flash flood,,,Rwanda,RWA,Eastern Africa,Africa,"Gakenke (Northern province), Nyabihu, Muhangadis, Ngororero, Rubavu districts (Western province) ",Heav rains,"Slide (land, mud, snow, rock)",,,,,,,Km2,,,,,2020,4.0,17.0,2020,5.0,10.0,72.0,,16210.0,,16210.0,,,,,,,"88,4356408059336",,,,
2020-0041-RWA,2020,41,,Natural,Hydrological,Flood,,,,Rwanda,RWA,Eastern Africa,Africa,"Kigali Province, southern provinces",Heavy rains,"Slide (land, mud, snow, rock)",,,,,,,Km2,,,,,2020,2.0,2.0,2020,2.0,4.0,19.0,8.0,,490.0,498.0,,,,,,,"88,4356408059336",1,21970;21972,,"Kigali City/Umujyi wa Kigali, South/Amajyepfo (Adm1). "
2020-0171-RWA,2020,171,,Natural,Hydrological,Flood,,,,Rwanda,RWA,Eastern Africa,Africa,"Gatsibo district (East Province), Gicumbi district (North Province), Rulindo districts",,"Slide (land, mud, snow, rock)",,,,,,,Km2,,,,,2020,4.0,17.0,2020,4.0,25.0,9.0,,,,,,,,,,,"88,4356408059336",2,,21978;21979;22000,"Gatsibo, Gicumbi, Rulindo (Adm2). "
2020-0166-TZA,2020,166,FL-2020-000125,Natural,Hydrological,Flood,,,,"Tanzania, United Republic of",TZA,Eastern Africa,Africa,"Kilimanjaro, Kagera, Katavi, Mara and Rukwa (Arusha and Kilimanjaro Regions, and the Unguja Island (Zanzibar Archipelago)",Heavy rains,"Slide (land, mud, snow, rock)",,,,,,184333.0,Km2,-4.512,34.218,,,2020,4.0,22.0,2020,4.0,26.0,2.0,,19323.0,,19323.0,,,,,,,"88,4356408059336",1,48357;48363;48372;48378;48379;48382,,"Arusha, Kaskazini Unguja, Kilimanjaro, Kusini Pemba, Kusini Unguja, Mjini Magharibi (Adm1). "
2020-0182-UGA,2020,182,,Natural,Hydrological,Flood,Flash flood,,,Uganda,UGA,Eastern Africa,Africa,"Kween District (central-east Uganda), Girigiri lower plains, Kasese District (South-western Uganda), Kabale District (South-western Uganda)",Heavy rains,"Slide (land, mud, snow, rock)",,,,,,,Km2,,,,"Sundet, Kere, Nyamwamba, Mubuku, Nyamughasana, Lhubiriha Rivers ",2020,5.0,8.0,2020,5.0,8.0,3.0,,100000.0,,100000.0,,,,,,,"88,4356408059336",1,766;3115;3121,,"Kabale, Kasese, Kween (Adm1). "
2020-0213-UGA,2020,213,,Natural,Hydrological,Flood,Riverine flood,,,Uganda,UGA,Eastern Africa,Africa,Kasese District ,Heavy rains,"Slide (land, mud, snow, rock)",,,,,,47454.0,Km2,0.013,31.026,,Lhubiriha and Thako rivers ,2020,5.0,21.0,2020,5.0,25.0,11.0,,25000.0,,25000.0,,,,,,,"88,4356408059336",1,3121,,Kasese (Adm1). 
2020-0522-UGA,2020,522,,Natural,Hydrological,Flood,,,,Uganda,UGA,Eastern Africa,Africa,Mbarara and Kasese Districts ,Heavy rains,"Slide (land, mud, snow, rock)",,,,,,,Km2,,,,Kuruhe river,2020,11.0,21.0,2020,11.0,24.0,7.0,,2300.0,,2300.0,,,,,,,"88,4356408059336",1,3121;47086,,"Kasese, Mbarara (Adm1). "
2020-0531-COD,2020,531,,Natural,Hydrological,Flood,,,,Congo (the Democratic Republic of the),COD,Middle Africa,Africa,"Mbanza-Ngungu City; Noki, Disengomoka districts (Kongo Central Province)",Heavy rains,"Slide (land, mud, snow, rock)",,,,,,,Km2,,,,,2020,12.0,2.0,2020,12.0,3.0,18.0,4.0,,,4.0,,,,,,,"88,4356408059336",2,,14965,Cataractes (Adm2). 
2020-0606-CPV,2020,606,,Natural,Hydrological,Flood,,,,Cabo Verde,CPV,Western Africa,Africa,Praia,Tropical Depression Rene,"Slide (land, mud, snow, rock)",,,,,,,Km2,,,,,2020,9.0,11.0,2020,9.0,13.0,1.0,,25000.0,,25000.0,,,,,,,"88,4356408059336",,,,
2020-0604-ZMB,2020,604,FF-2020-000240,Natural,Hydrological,Flood,,,,Zambia,ZMB,Eastern Africa,Africa,"Munengo, Kambobe, Katala, Chiloweni communities of Mapona ward in Mumbwa district of Central province",Heavy rains,Broken Dam/Burst bank,,,,,,,Km2,,,,,2020,12.0,22.0,2020,12.0,26.0,3.0,,4272.0,,4272.0,,,,,,,"88,4356408059336",2,,65178,Mumbwa (Adm2). 
2020-0305-SDN,2020,305,FL-2020-000176,Natural,Hydrological,Flood,,,,Sudan (the),SDN,Northern Africa,Africa,"Khartoum, Blue Nile, River Nile, ElGezira, West Kordofan; South Darfur, North Darfur,West Darfur, Gedaref, Sennar, Sennar states ",Heavy rains,Storm,,,,Yes,,,Km2,,,,,2020,6.0,,2020,9.0,9.0,155.0,13.0,875000.0,,875013.0,,,,,250000.0,282691.0,"88,4356408059336",1;2,2745;2749;2753;2757;2761;2762;2764;2769,68804,"Al Jazeera, Blue Nile, Khartoum, Nile, Northern Darfur, Sennar, Southern Darfur, Western Darfur (Adm1). Al Fushqa (Adm2). "
2020-9609-SOM,2020,9609,DR-2021-000054; DR-2021-000111,Natural,Climatological,Drought,Drought,,,Somalia,SOM,Eastern Africa,Africa,"Gedo; Las Anod / Hudun and Taleb (Sool), Eilafwen (Sanaag), Odwein and Ainabo (Togdheer), Luqbaya / Zeila (Awdal) Somaliland state; Goldogo (Mudug); Ishkushuban (Bari), Puntland state; Nugaal; Galmudug, Jubaland, Puntland and South West states",,Famine,,Yes,,Yes,,,Km2,,,,,2021,3.0,,2022,8.0,,,,7100000.0,,7100000.0,,,,,993000.0,1122850.0,"88,4356408059336",1;2,2693;2694;2696;2698;2701,25655;25656;25665;25706;25714;25716;25717,"Galgaduud, Gedo, Juba Dhexe, Juba Hoose, Nugaal (Adm1). Caynabo, Ceel Afweyn, Galdogob, Iskushuban, Laas Caanood, Lughaye, Zeylac (Adm2). "
2020-0098-RWA,2020,98,FL-2020-000037,Natural,Hydrological,Flood,,,,Rwanda,RWA,Eastern Africa,Africa,"Gisagara District; Gasabo (Kigali), Ngoma, Nyagatare",Torrential rains,Lightening,,,,,,15283.0,Km2,-1.994,29.863,,,2020,3.0,2.0,2020,3.0,10.0,3.0,22.0,5220.0,,5242.0,,,,,,,"88,4356408059336",2,,21977;21980;21989;21992,"Gasabo, Gisagara, Ngoma, Nyagatare (Adm2). "
2020-0156-RWA,2020,156,,Natural,Hydrological,Flood,,,,Rwanda,RWA,Eastern Africa,Africa,Northern area ,Heavy rains,,,,,,,,Km2,,,,,2020,5.0,1.0,2020,5.0,4.0,8.0,5.0,500.0,,505.0,,,,,,,"88,4356408059336",2,,21976;21979;21988;22000,"Gakenke, Gicumbi, Musanze, Rulindo (Adm2). "
2020-0397-SEN,2020,397,FL-2020-000198,Natural,Hydrological,Flood,,,,Senegal,SEN,Western Africa,Africa,"Dakar, Thiès, Diourbel, Kaolack, Fatick, Kaffrine, Saint-Louis, Matam, Kolda, Sédhiou, Tambacounda",Heavy rains,,,,,,,,Km2,,,,,2020,9.0,5.0,2020,9.0,6.0,11.0,,17000.0,,17000.0,,,,,18000.0,20354.0,"88,4356408059336",1,1373;1375;1376;1377;1378;2636;2644;47585;47586;47588;47589,,"Dakar, Diourbel, Fatick, Kaffrine, Kaolack, Kolda, Matam, Saint louis, Sedhiou, Tambacounda, Thies (Adm1). "
2020-0320-SOM,2020,320,,Natural,Hydrological,Flood,Riverine flood,,,Somalia,SOM,Eastern Africa,Africa,"Hirshabelle, South West, Jubaland, Mogadishu districts",,,,,,,,,Km2,,,,Shabelle river,2020,6.0,15.0,2020,7.0,20.0,6.0,,191000.0,,191000.0,,,,,,,"88,4356408059336",1,2689;2691;2692;2694;2695;2696;2697;2698;2699,,"Bakool, Banadir, Bay, Gedo, Hiraan, Juba Dhexe, Juba Hoose, Shabelle Dhexe, Shabelle Hoose (Adm1). "
2020-0159-SOM,2020,159,FF-2020-000221,Natural,Hydrological,Flood,,,,Somalia,SOM,Eastern Africa,Africa,"Somalia States and territories (South West, Jubaland, Banadir, Puntland, and Somaliland); Belet Weyne, Jowhar (Hirshabelle State); Qardho ",Heavy rains,,,,,,,428331.0,Km2,6.142,47.085,,"Juba river, Shabelle river basins",2020,4.0,20.0,2020,4.0,28.0,26.0,20.0,1000000.0,,1000020.0,,,,,,,"88,4356408059336",1;2,2688;2689;2690;2691;2692;2694;2696;2697;2698;2700;2701;2702;2703;2704;2705,25684;25704,"Awdal, Bakool, Banadir, Bari, Bay, Gedo, Juba Dhexe, Juba Hoose, Mudug, Nugaal, Sanaag, Shabelle Hoose, Sool, Togdheer, Woqooyi Galbeed (Adm1). Belet Weyne, Jowhar (Adm2). "
2020-0302-TCD,2020,302,,Natural,Hydrological,Flood,,,,Chad,TCD,Middle Africa,Africa,Grande Sido departement (Moyen-Chari Province),Heavy rains,,,,,,,134488.0,Km2,9.628,18.085,,,2020,4.0,20.0,2020,4.0,21.0,,,2062.0,,2062.0,,,,,,,"88,4356408059336",2,,65577,Maro (Adm2). 
2020-0382-TCD,2020,382,FL-2020-000192,Natural,Hydrological,Flood,,,,Chad,TCD,Middle Africa,Africa,"Ndjamena, Lac, Mandoul, Tandjile, Mayo-Kebi East, Batha, Salama, Sila",Heavy rains,,,,,,,,Km2,,,,,2020,8.0,1.0,2020,10.0,12.0,3.0,,34872.0,,34872.0,,,,,,,"88,4356408059336",1;2,875;881;12904;12905;12922;12925;12928;12930;12931,65629,"Batha Est, Batha Ouest, Lac, Mandoul, Mayo-Dala, Salamat, Sila, Tandjile Est, Tandjile Ouest (Adm1). Ndjamena (Adm2). "
2020-0426-TGO,2020,426,,Natural,Hydrological,Flood,,,,Togo,TGO,Western Africa,Africa,"Mandouri, Koumongou, Savanes and Kara regions ",Heavy rains,,,,,,,,Km2,,,,Oti River ,2020,9.0,1.0,2020,10.0,31.0,11.0,,57000.0,,57000.0,,,,,,,"88,4356408059336",1,2971;2974,,"Kara, Savanes (Adm1). "
2020-0440-TUN,2020,440,FF-2020-000204,Natural,Hydrological,Flood,Flash flood,,,Tunisia,TUN,Northern Africa,Africa,"Tunis, Jendouba, Mahdia, Monastir, Sidi Bouzid, Sousse, Kairouan, Sfax, Kef",Heavy rains,,,,,,,,Km2,,,,,2020,9.0,5.0,2020,9.0,12.0,6.0,,40000.0,,40000.0,,,,,,,"88,4356408059336",1,2999;3000;3003;3004;3006;3009;3010;3012;3015,,"Jendouba, Kairouan, Le Kef, Mahdia, Monastir, Sfax, Sidi Bouz, Sousse, Tunis (Adm1). "
2020-0037-TZA,2020,37,FL-2020-000007,Natural,Hydrological,Flood,Flash flood,,,"Tanzania, United Republic of",TZA,Eastern Africa,Africa,"Iringa, Pawaga Idodi (central), Lindi (south-eastern),Ruvuma, Mtwara, Liwale, Ruangwa regions",Heavy rains,,,,,,,,Km2,,,,,2020,1.0,27.0,2020,2.0,3.0,29.0,,28258.0,,28258.0,,,,,,,"88,4356408059336",1,48364;48369;48375;115003,,"Iringa, Lindi, Mtwara, Ruvuma (Adm1). "
2020-0458-TZA,2020,458,,Natural,Hydrological,Flood,Flash flood,,,"Tanzania, United Republic of",TZA,Eastern Africa,Africa,"Ilala District, Msimbazi Valley, Kinondoni (Dar es Salaam Region)",Heavy rains,,,,,,,,Km2,,,,Msimbazi River,2020,10.0,13.0,2020,10.0,15.0,12.0,,,,,,,,,,,"88,4356408059336",1,48358,,Dar-es-salaam (Adm1). 
2020-0194-TZA,2020,194,,Natural,Hydrological,Flood,,,,"Tanzania, United Republic of",TZA,Eastern Africa,Africa,Rufiji District (Pwani Region),Heavy rains,,,,,,,,Km2,,,,Rufiji River,2020,3.0,10.0,2020,3.0,17.0,,,,17500.0,17500.0,,,,,,,"88,4356408059336",2,,48471,Rufiji (Adm2). 
2020-0164-UGA,2020,164,,Natural,Hydrological,Flood,,,,Uganda,UGA,Eastern Africa,Africa,Lake Victoria and the Lake Kyoga regions ,Heavy rains,,,,,,,,Km2,,,,,2020,4.0,17.0,2020,5.0,5.0,5.0,,200.0,,200.0,,,,,,,"88,4356408059336",1,42182,,Kampala (Adm1). 
2020-0385-UGA,2020,385,,Natural,Hydrological,Flood,,,,Uganda,UGA,Eastern Africa,Africa,Kasitu Sub County (Bundibugyo District),Heavy rains,,,,,,,,Km2,,,,,2020,8.0,19.0,2020,8.0,19.0,1.0,,4000.0,,4000.0,,,,,,,"88,4356408059336",1,754,,Bundibugyo (Adm1). 
2020-0050-ZAF,2020,50,,Natural,Hydrological,Flood,Flash flood,,,South Africa,ZAF,Southern Africa,Africa,Johannesburg and Gauteng Province,Heavy rains,,,,,,,,Km2,,,,,2020,2.0,7.0,2020,2.0,10.0,3.0,,200.0,,200.0,,,,,,,"88,4356408059336",1,2708,,Gauteng (Adm1). 
2020-0419-COD,2020,419,FL-2020-000206,Natural,Hydrological,Flood,Riverine flood,,,Congo (the Democratic Republic of the),COD,Middle Africa,Africa,"Sake Town (Masisi territory, North Kivu Province) ",Heavy rains,,,,,,,,Km2,,,,Mutahyo River,2020,10.0,1.0,2020,10.0,3.0,13.0,,35422.0,,35422.0,,,,,,,"88,4356408059336",1,1074,,Nord-Kivu (Adm1). 
2020-0497-COD,2020,497,,Natural,Biological,Epidemic,Viral disease,,Ebola,Congo (the Democratic Republic of the),COD,Middle Africa,Africa,Equateur province,,,,,,,,42000.0,Vaccinated,,,,,2020,6.0,1.0,2020,11.0,11.0,55.0,,,,,,,,,,,"88,4356408059336",,,,
2020-0123-COD,2020,123,,Natural,Hydrological,Flood,,,,Congo (the Democratic Republic of the),COD,Middle Africa,Africa,"Territories of Kailo, Punia Kasongo (Maniema Province) ",Heavy rains,,,,,,,,Km2,,,,Congo river,2020,3.0,17.0,2020,4.0,1.0,,,30000.0,,30000.0,,,,,,,"88,4356408059336",1,1073,,Maniema (Adm1). 
2020-0128-COD,2020,128,,Natural,Hydrological,Flood,,,,Congo (the Democratic Republic of the),COD,Middle Africa,Africa,Bukama Territory (south Haut-Lomami Province).,Torrential rains,,,,,,,,Km2,,,,,2020,3.0,14.0,2020,3.0,18.0,,,73000.0,,73000.0,,,,,,,"88,4356408059336",2,,14981,Haut-Lomami (Adm2). 
2020-0152-COD,2020,152,,Natural,Hydrological,Flood,,,,Congo (the Democratic Republic of the),COD,Middle Africa,Africa,Djugu territory (Ituri province),Heavy rains,,,,,,,,Km2,,,,,2020,5.0,5.0,2020,5.0,5.0,,,500.0,,500.0,,,,,,,"88,4356408059336",2,,14992,Ituri (Adm2). 
2020-0175-COD,2020,175,,Natural,Hydrological,Flood,,,,Congo (the Democratic Republic of the),COD,Middle Africa,Africa,"Bukavu, Uvira (South Kivu) ",,,,,,,,,Km2,,,,Mulongwe river,2020,4.0,16.0,2020,5.0,18.0,52.0,80.0,92500.0,,92580.0,,,,,,,"88,4356408059336",2,,14995;74354,"Bukavu, Sud-Kivu (Adm2). "
2020-0031-ZMB,2020,31,,Natural,Hydrological,Flood,,,,Zambia,ZMB,Eastern Africa,Africa,"Gwembe, Siavonga, Mambwe and Lumezi districts",Heavy rains,,,,,,,,Km2,,,,,2020,1.0,,2020,1.0,,,,1500.0,,1500.0,,,,,,,"88,4356408059336",2,,65194;65195;65229;65237,"Gwembe, Lundazi, Mambwe, Siavonga (Adm2). "
2020-0110-ZMB,2020,110,,Natural,Hydrological,Flood,,,,Zambia,ZMB,Eastern Africa,Africa,"Samfya, Mushindamo, Nakonde districts (Luapula province)",Heavy rains,,,,,,,,Km2,,,,,2020,3.0,20.0,2020,3.0,26.0,,,700000.0,,700000.0,,,,,,,"88,4356408059336",2,,65204;65220;65226,"Nakonde, Samfya, Solwezi (Adm2). "
2020-0362-SSD,2020,362,FL-2019-000062,Natural,Hydrological,Flood,,,,South Sudan,SSD,Northern Africa,Africa,"Bor South, Twic East, Duk, Ayod Countie (Jonglei); Renk county (Eastern Nile); Pochallla county (Pibor); Lakes (El Buhyerat), Unity, Upper Nile, Warrap, Western Equatoria, Central Equatoria, Northern Bahr-el-Ghazal ",Heavy rains,,,,,,,,Km2,,,,"White Nile, Akobo River",2020,7.0,,2020,12.0,,,,1042000.0,,1042000.0,,,,,,,"88,4356408059336",1;2,2746;2747;2748;2754;2765;2768;37021,37052;37053;37056,"Central Equatoria, El Buheyrat, Northern Bahr El Ghazal, Unity, Upper Nile, Warab, Western Equatoria (Adm1). Ayod, Bor, Pibor (Adm2). "
2021-0282-RWA,2021,282,FL-2021-000049,Natural,Hydrological,Flood,,,,Rwanda,RWA,Eastern Africa,Africa,Gicumbi and Burera Districts (Northern province); Kayonza District (Eastern province),,Storm,"Slide (land, mud, snow, rock)",,,,,,Km2,,,,,2021,4.0,28.0,2021,5.0,2.0,,,6500.0,,6500.0,,,,,,,"92,5901929309929",2,,21975;21979;21984,"Burera, Gicumbi, Kayonza (Adm2). "
2021-0637-UGA,2021,637,FL-2021-000153,Natural,Hydrological,Flood,,,,Uganda,UGA,Eastern Africa,Africa,"Sironko, Kapchorwa, Mbale, Kween, Kasese, Oyam, Koboko, Yumbe, Katakwi, Bukedea, Arua, Kibaale, Ibanda, Apac, Kabaale, Zombo, Kapelebyong districts",Heavy rains,"Slide (land, mud, snow, rock)",Hail,,,,,,Km2,,,,,2021,9.0,17.0,2021,9.0,22.0,1.0,72.0,41661.0,597.0,42330.0,,,,,,,"92,5901929309929",1;2,746;761;766;782;785;787;788;1057;3115;3121;3123;42201;47072;47078;47080;47085,28442,"Apac, Arua, Bukedea, Ibanda, Kabale, Kapchorwa, Kasese, Katakwi, Kibaale, Koboko, Kween, Mbale, Oyam, Sironko, Yumbe, Zombo (Adm1). Kapelebyong (Adm2). "
2021-0845-STP,2021,845,FL-2021-000213,Natural,Hydrological,Flood,,,,Sao Tome and Principe,STP,Middle Africa,Africa,"Lemba, Me-Zochi districts",Heavy rains,"Slide (land, mud, snow, rock)",Storm,,Yes,Yes,,,Km2,,,,,2021,12.0,27.0,2021,12.0,28.0,8.0,,219668.0,,219668.0,,,,,,,"92,5901929309929",1,2621,,Sao Tome (Adm1). 
2021-0286-UGA,2021,286,,Natural,Hydrological,Flood,,,,Uganda,UGA,Eastern Africa,Africa," Kilembe Town (Kasese District, Western Region)",Heavy rains,"Slide (land, mud, snow, rock)",,,,,,,Km2,,,,,2021,5.0,23.0,2021,5.0,23.0,3.0,1.0,133.0,,134.0,,,,,,,"92,5901929309929",1,3121,,Kasese (Adm1). 
2021-0284-RWA,2021,284,,Natural,Geophysical,Volcanic activity,Lava flow,,Mount Nyiragongo,Rwanda,RWA,Eastern Africa,Africa,"Gisenyi, Rugerero, Rubavu and Nyamyumba (Rubavu district)",Seismic acitivities,Earthquake,,,,,,,,,,,,2021,5.0,22.0,2021,5.0,23.0,,,11625.0,1740.0,13365.0,,,,,,,"92,5901929309929",2,,21998,Rubavu (Adm2). 
2021-0284-COD,2021,284,,Natural,Geophysical,Volcanic activity,Lava flow,,Mount Nyiragongo,Congo (the Democratic Republic of the),COD,Middle Africa,Africa,Goma,Seismic activities,Earthquake,,,,,,,,,,,,2021,5.0,22.0,2021,5.0,23.0,32.0,,288404.0,,288404.0,,,,,,,"92,5901929309929",2,,74356,Goma (Adm2). 
2021-0283-TZA,2021,283,TC-2021-000036,Natural,Meteorological,Storm,,,Tropical storm 'Jobo',"Tanzania, United Republic of",TZA,Eastern Africa,Africa," Kilimanjaro, Kagera, Shinyanga, Mbeya, Dar es Salaam,Pwani, Lindi ,and Mtwara, Manyara, Zanzibar Isl, Morogoro",,Flood,,,,,,,Kph,,,,,2021,4.0,24.0,2021,4.0,26.0,,,30001.0,,30001.0,,,,,,,"92,5901929309929",1,48358;48363;48364;48365;48367;48368;48369;48372;48373;48379;48382;115004;115009,,"Dar-es-salaam, Kagera, Kaskazini Unguja, Kilimanjaro, Kusini Unguja, Lindi, Manyara, Mbeya, Mjini Magharibi, Morogoro, Mtwara, Pwani, Shinyanga (Adm1). "
2021-0811-ZAF,2021,811,OT-2021-00210,Natural,Meteorological,Storm,Convective storm,Lightning/Thunderstorms,,South Africa,ZAF,Southern Africa,Africa,"Mthatha town, OR Tambo, Buffalo City, Amathole, Alfred Nzou, Chris Hani, Joe Gqabi (Eastern Cape Province); Kwazulu-Natal",,Flood,,,,,,,Kph,,,,,2021,12.0,12.0,2021,12.0,30.0,23.0,27.0,8810.0,,8837.0,,,,,,,"92,5901929309929",1;2,77311,77316;77320;77321;77322;77323;77353,"KwaZulu-Natal (Adm1). Alfred Nzo District Municipality, Amathole District Municipality, Buffalo City Metropolitan Municipality, Chris Hani District Municipality, Joe Gqabi District Municipality, O.R.Tambo District Municipality (Adm2). "
2021-0036-ZAF,2021,36,TC-2021-000011,Natural,Meteorological,Storm,Tropical cyclone,,Tropical cyclone 'Eloise',South Africa,ZAF,Southern Africa,Africa,"Umkhanyakude, Zululand (Kwa Zulu Natal province) , Ehlanzeni, Mbombela, Bushbuckridge, Nkomazi, Thaba Chweu, Gert Sibande, Chief Albert Luthuli (Mpumalanga province); Capricorn, Lepelle-Nkump, Molemole, Mopane, Vhembe (Limpopo province)",,Flood,,,,,,,Kph,,,,,2021,1.0,24.0,2021,1.0,24.0,4.0,,3200.0,,3200.0,,,,,,,"92,5901929309929",2,,77334;77335;77339;77341;77343;77344,"Capricorn District Municipality, Ehlanzeni District Municipality, Gert Sibande District Municipality, Umkhanyakude District Municipality, Vhembe District Municipality, Zululand District Municipality (Adm2). "
2021-0036-ZWE,2021,36,TC-2021-000011,Natural,Meteorological,Storm,Tropical cyclone,,Tropical cyclone 'Eloise',Zimbabwe,ZWE,Eastern Africa,Africa,"Chivi, Masvingo Rural districts (Masvingo province); Beitbridge district i(Matebeleland South province); Chipinge (Manicaland province)",,Flood,,,,,,160.0,Kph,,,,,2021,1.0,23.0,2021,1.0,23.0,3.0,,2400.0,,2400.0,,,,,,,"92,5901929309929",2,,33055;33083;33085;33095,"Beitbridge, Chipinge, Chivi, Masvingo (Adm2). "
2021-9148-ZAF,2021,9148,,Natural,Climatological,Drought,Drought,,,South Africa,ZAF,Southern Africa,Africa,,,Food shortage,,,,,,,Km2,,,,,2021,3.0,,2021,3.0,,,,12000000.0,,12000000.0,,,,,,,"92,5901929309929",,,,
2021-9787-ZMB,2021,9787,DR-2021-000170,Natural,Climatological,Drought,Drought,,,Zambia,ZMB,Eastern Africa,Africa,"Southern, Western, Central, Copper Belt, Eastern, Luapula, Lusaka, Muchinga, North western and Northern provinces",,Food shortage,,,,,,,Km2,,,,,2021,7.0,,2022,9.0,,,,1580000.0,,1580000.0,,,,,,,"92,5901929309929",1,3426;3427;3428;3429;3430;3431;3432;3433;3434,,"Central, Copperbelt, Eastern, Luapula, Lusaka, North-Western, Northern, Southern, Western (Adm1). "
2021-9786-ZWE,2021,9786,DR-2021-000168,Natural,Climatological,Drought,Drought,,,Zimbabwe,ZWE,Eastern Africa,Africa,"Matabeleland South, Manicaland, Masvingo,","Covid 19 pandemic, crop pests, food insecurity, and livestock diseases",Food shortage,,,,,,,Km2,,,,,2021,8.0,,2022,2.0,,,,167500.0,,167500.0,,,,,,,"92,5901929309929",1,3437;3441;3443,,"Manicaland, Masvingo, Matabeleland South (Adm1). "
2021-9639-SSD,2021,9639,DR-2021-000065,Natural,Climatological,Drought,Drought,,,South Sudan,SSD,Northern Africa,Africa,"Aweil South (Northern Bahr el Gazzal State), Aweil East (Northern Bahr el Gazzal State), Gogrial West (Warrap State); Tonj South (Warrap State):",,Food shortage,,,,,,,Km2,,,,,2021,,,2022,11.0,,,,7723670.0,,7723670.0,,,,,,,"92,5901929309929",2,,37077;37127;37129,"Aweil, Gogrial, Tonj (Adm2). "
2021-0700-TUN,2021,700,,Natural,Hydrological,Flood,,,,Tunisia,TUN,Northern Africa,Africa,"Kasserine, Manouba, Béja and Bizerte Governorates, Tunis City area",Heavy rains,Lightening,,,,,,,Km2,,,,,2021,10.0,23.0,2021,10.0,26.0,3.0,,,,,,,,,,,"92,5901929309929",1,2995;2996;3001;3005;3015,,"Beja, Bizerte, Kasserine, Manouba, Tunis (Adm1). "
2021-0362-SDN,2021,362,,Natural,Meteorological,Storm,Convective storm,Severe storm,,Sudan (the),SDN,Northern Africa,Africa,Um Rakuba and Tunaydbah (East Soudan),,,,,,,,,Kph,,,,,2021,6.0,,2021,6.0,,,,16000.0,,16000.0,,,,,,,"92,5901929309929",2,,37049;37050,"Al Galabat, Al Rahd (Adm2). "
2021-0473-SDN,2021,473,,Natural,Hydrological,Flood,,,,Sudan (the),SDN,Northern Africa,Africa,"Gedaref, North Kordofan, River Nile, South Darfur, South Kordofan, West Darfur, Sennar, Blue Nile, White Nile, Aj Jazirah, Khartoum, West Kordofan",Torrential rains,,,,,,,,Km2,,,,Blue Nile River ,2021,7.0,20.0,2021,9.0,24.0,52.0,45.0,303000.0,,303045.0,,,,,,,"92,5901929309929",1,2745;2749;2753;2761;2762;2764;2769;2770;4150;68784;68805,,"Al Jazeera, Blue Nile, Gadaref, Khartoum, Nile, Northern Kordofan, Sennar, Southern Darfur, Southern Kordofan, Western Darfur, White Nile (Adm1). "
2021-0239-SOM,2021,239,,Natural,Hydrological,Flood,,,,Somalia,SOM,Eastern Africa,Africa,"Hirshabelle, Somaliland, Puntland, South West, Galmudung, Jubaland, Banadir Region, including Mogadishu",Heavy rains,,,,,,,,Km2,,,,Shabelle and the Juba Rivers,2021,5.0,1.0,2021,5.0,31.0,25.0,,400000.0,,400000.0,,,,,,,"92,5901929309929",1,2688;2689;2690;2691;2692;2693;2694;2695;2696;2697;2698;2699;2700;2701;2702;2703;2704;2705,,"Awdal, Bakool, Banadir, Bari, Bay, Galgaduud, Gedo, Hiraan, Juba Dhexe, Juba Hoose, Mudug, Nugaal, Sanaag, Shabelle Dhexe, Shabelle Hoose, Sool, Togdheer, Woqooyi Galbeed (Adm1). "
2021-0036-SWZ,2021,36,TC-2021-000011,Natural,Meteorological,Storm,Tropical cyclone,,Tropical cyclone 'Eloise',Eswatini,SWZ,Southern Africa,Africa,,,,,,,,,,Kph,,,,,2021,1.0,23.0,2021,1.0,23.0,,,,,,,,,,,,"92,5901929309929",,,,
2021-0382-TCD,2021,382,,Natural,Hydrological,Flood,,,,Chad,TCD,Middle Africa,Africa,"Bologo and Dafra districts; Tandjilé, Mandoul, Ennedi-Ouest, Batha, and the capital city of NDjamena",Heavy rains,,,,,,,,Km2,,,,,2021,6.0,26.0,2021,8.0,31.0,32.0,329.0,246851.0,22000.0,269180.0,,,,,,,"92,5901929309929",1;2,12904;12905;12908;12925;12931,65629,"Batha Est, Batha Ouest, Ennedi, Mandoul, Tandjile Ouest (Adm1). Ndjamena (Adm2). "
2021-0504-TUN,2021,504,WF-2021-000106,Natural,Climatological,Wildfire,Forest fire,,,Tunisia,TUN,Northern Africa,Africa,"Ain Mazer, Sakiet Sidi Youssef district, Kef governorate; Ghar Dimaa delegation, Jendouba Governorate; Kasserine",,,,,,,,,Km2,,,,,2021,7.0,24.0,2021,8.0,10.0,,,1000.0,,1000.0,,,,,,,"92,5901929309929",1;2,3001,39303;39346,"Kasserine (Adm1). Ghardimaou, Sakiet Sidi Youssef (Adm2). "
2021-0010-TZA,2021,10,,Natural,Hydrological,Flood,Flash flood,,,"Tanzania, United Republic of",TZA,Eastern Africa,Africa,Mtwara-Mikindani municipality (Mtwara Region),Heavy rains,,,,,,,,Km2,,,,,2021,1.0,12.0,2021,1.0,15.0,1.0,,2000.0,,2000.0,,,,,,,"92,5901929309929",2,,48451,Mtwara Urban (Adm2). 
2021-0240-UGA,2021,240,,Natural,Hydrological,Flood,,,,Uganda,UGA,Eastern Africa,Africa,Butaleja District (Eastern Region); the Northern Region,Heavy rains,,,,,,,,Km2,,,,Manafwa and the Nakwasi Rivers,2021,5.0,6.0,2021,5.0,10.0,1.0,,75000.0,,75000.0,,,,,,,"92,5901929309929",1,743;744;745;746;763;764;765;767;772;773;775;776;780;781;782;783;787;789;790;852;1057;1089;1364;1370;3104;3136;42201;47067;47071;47074;47080,,"Abim, Adjumani, Agago, Alebtong, Amolatar, Amudat, Amuru, Apac, Arua, Butaleja, Dokolo, Gulu, Kaabong, Kitgum, Koboko, Kole, Kotido, Lamwo, Lira, Maracha, Moroto, Moyo, Nakapiripirit, Napak, Nebbi, Nwoya, Otuke, Oyam, Pader, Yumbe, Zombo (Adm1). "
2021-0075-ZAF,2021,75,,Natural,Hydrological,Flood,,,,South Africa,ZAF,Southern Africa,Africa,"Mpumalanga Province, Free State Province and the area of Johannesburg and Pretoria, Limpopo, Mpumalanga, KwaZulu-Natal and Northern Cape Provinces",Heavy rains,,,,,,,,Km2,,,,,2021,2.0,1.0,2021,2.0,15.0,31.0,,400.0,,400.0,,,,,75000.0,81002.0,"92,5901929309929",1;2,2707;77311;77312;77313;77315,77364;77367,"Free State, KwaZulu-Natal, Limpopo, Mpumalanga, Northern Cape (Adm1). City of Johannesburg Metropolitan Municipality, City of Tshwane Metropolitan Municipality (Adm2). "
2021-0599-COD,2021,599,EP-2021-000138,Natural,Biological,Epidemic,Viral disease,,Meningitis,Congo (the Democratic Republic of the),COD,Middle Africa,Africa,Tshopo province,,,,,,Yes,,,Vaccinated,,,,,2021,9.0,7.0,2021,12.0,20.0,205.0,2662.0,,,2662.0,,,,,,,"92,5901929309929",2,,14994,Tshopo (Adm2). 
2021-0481-SSD,2021,481,FL-2021-000108,Natural,Hydrological,Flood,,,,South Sudan,SSD,Northern Africa,Africa,"Mayendit County (Unity); Ayod, Fangak Counties (Jonglei), Northern Bahr el Ghazal, Upper Nile, Warrap, Western Equatoria states",Heavy rains,,,,,,,,Km2,,,,"Nile, Lol and Sobat rivers",2021,5.0,,2021,10.0,7.0,7.0,,835000.0,,835000.0,,,,,,,"92,5901929309929",1;2,2747;2754;2765;2768;37021,37052;37054,"Northern Bahr El Ghazal, Unity, Upper Nile, Warab, Western Equatoria (Adm1). Ayod, Fam Al Zaraf (Adm2). "
2022-0055-RWA,2022,55,,Natural,Hydrological,Flood,,,,Rwanda,RWA,Eastern Africa,Africa,"Rubavu, Nyabihu, Ngorero, Muhanga, Huye, Rusizi and Gisagara",,Storm,Lightening,,,,,,Km2,,,,,2022,1.0,1.0,2022,1.0,27.0,15.0,37.0,750.0,,787.0,,,,,,,100,2,,21980;21981;21987;21990;21991;21998;22001,"Gisagara, Huye, Muhanga, Ngororero, Nyabihu, Rubavu, Rusizi (Adm2). "
2022-0053-UGA,2022,53,,Natural,Hydrological,Flood,Flash flood,,,Uganda,UGA,Eastern Africa,Africa,"Nyarusiza, Muramba and Bunagana (Kisoro District)",Heavy rains,"Slide (land, mud, snow, rock)",,,,,,,Km2,,,,,2022,1.0,24.0,2022,1.0,27.0,9.0,,1500.0,,1500.0,,,,,,,100,1,3125,,Kisoro (Adm1). 
2022-0347-CIV,2022,347,FL-2022-000249,Natural,Hydrological,Flood,,,,Côte dIvoire,CIV,Western Africa,Africa,"Abobo, Anyama, Attecoubé, Bingerville, Port-Bouët, Grand-Bassam (Abidjan); Azaguié, Bonoua, Dabo; B Alépé, Azaguié, Bonoua, Dabou, ",Heavy rains,"Slide (land, mud, snow, rock)",,,,,,,Km2,,,,,2022,6.0,16.0,2022,6.0,21.0,13.0,114.0,11478.0,,11592.0,,,,,,,100,1,16838,,District autonome de Abidjan (Adm1). 
2022-0449-CAF,2022,449,FL-2022-000330,Natural,Hydrological,Flood,,,,Central African Republic,CAF,Middle Africa,Africa,"Lobaye, Bangui, Ouaka, Ouham-Pendé",Heavy rains,Storm,,,,,,,Km2,,,,,2022,7.0,1.0,2022,10.0,31.0,16.0,3.0,118000.0,,118003.0,,,,,,,100,1,858;864;866;67154,,"Bangui, Lobaye, Ouaka, Ouham-Pendé (Adm1). "
2022-0492-GMB,2022,492,FL-2022-000276,Natural,Hydrological,Flood,,,,Gambia (the),GMB,Western Africa,Africa,"Banjul, Kanifing Local Government Area,West Coast and North Bank Region",Heavy rains,Storm,,,,,,,Km2,,,,,2022,7.0,30.0,2022,10.0,31.0,6.0,,17201.0,,17201.0,,,,,,,100,1;2,1288;1290,16405,"North Bank, West Coast (Adm1). Banjul (Adm2). "
2022-0533-CMR,2022,533,,Natural,Hydrological,Landslide,Landslide,,,Cameroon,CMR,Middle Africa,Africa,Northwest and Southwest Regions,Heavy rains,Flood,,,,,,,,,,,,2022,8.0,11.0,2022,8.0,11.0,5.0,,100.0,150.0,250.0,,,,,,,100,,,,
2022-9252-CPV,2022,9252,CE-2022-000200,Natural,Climatological,Drought,Drought,,,Cabo Verde,CPV,Western Africa,Africa,"Ribeira Grande de Santiago, Santa Cruz, Sao Domingos (Island of Santiago ); and Porto Novo (Santo Antao island)",,Food shortage,,,,Yes,,,Km2,,,,,2022,,,2022,4.0,,,,46093.0,,46093.0,,,,,,,100,1,848;849,,"Santiago, Santo Antao (Adm1). "
2022-9370-DJI,2022,9370,DR-2022-000238,Natural,Climatological,Drought,Drought,,,Djibouti,DJI,Eastern Africa,Africa,"Ali Sabieh, Arta, Dikhil, Obock and Tadjoura",Ongoing drought and compounding regional and international shocks,Food shortage,,,,,,,Km2,,,,,2022,6.0,,2022,7.0,,,,192168.0,,192168.0,,,,,,,100,1,1093;1094;1096;1097,,"Ali Sabieh, Dikhil, Obock, Tadjourah (Adm1). "
2022-0061-REU,2022,61,,Natural,Meteorological,Storm,Tropical cyclone,,Cyclone 'Batsirai',Réunion,REU,Eastern Africa,Africa,,,,,,,,,,Kph,,,,,2022,2.0,5.0,2022,2.0,6.0,,13.0,,,13.0,,,,,,,100,,,,
2022-0009-ZAF,2022,9,,Natural,Hydrological,Flood,,,,South Africa,ZAF,Southern Africa,Africa,Eastern Cape Province,Heavy rains,,,,,,,,Km2,,,,,2022,1.0,8.0,2022,1.0,9.0,10.0,,,,,,,,,70000.0,70000.0,100,1,77310,,Eastern Cape (Adm1). 
2022-0035-ZAF,2022,35,,Natural,Hydrological,Flood,,,,South Africa,ZAF,Southern Africa,Africa,Ladysmith and Msinga (KwaZulu-Natal Province),Heavy rains,,,,,,,,Km2,,,,,2022,1.0,15.0,2022,1.0,16.0,1.0,,100.0,,100.0,,,,,105000.0,105000.0,100,1,77311,,KwaZulu-Natal (Adm1). 
2022-0077-ZAF,2022,77,,Natural,Hydrological,Flood,,,,South Africa,ZAF,Southern Africa,Africa,Gauteng Province; KwaZulu-Natal ,Heavy rains,,,,,,,,Km2,,,,,2022,2.0,4.0,2022,2.0,5.0,3.0,,,138.0,138.0,,,,,,,100,1,2708;77311,,"Gauteng, KwaZulu-Natal (Adm1). "
2022-0108-ZAF,2022,108,,Natural,Hydrological,Flood,,,,South Africa,ZAF,Southern Africa,Africa,Gauteng Province ,Heavy rains,,,,,,,,Km2,,,,,2022,2.0,21.0,2022,2.0,22.0,4.0,,187.0,,187.0,,,,,,,100,1,2708,,Gauteng (Adm1). 
2022-0043-ZMB,2022,43,FL-2022-000135,Natural,Hydrological,Flood,Flash flood,,,Zambia,ZMB,Eastern Africa,Africa,"Namwala, Kalomo and Choma Districts",Heavy rains,,,,,,,,Km2,,,,Kafue River,2022,1.0,11.0,2022,2.0,2.0,3.0,,21582.0,,21582.0,,,,,,,100,2,,65228;65231;65236,"Choma, Kalomo, Namwala (Adm2). "
2022-0043-ZWE,2022,43,FL-2022-000135,Natural,Hydrological,Flood,Flash flood,,,Zimbabwe,ZWE,Eastern Africa,Africa,Victoria Falls City (Matabeleland North Province),Heavy rains,,,,,,,,Km2,,,,,2022,1.0,13.0,2022,1.0,21.0,,,,,,,,,,,,100,1,69549,,Matabeleland North (Adm1). 
2022-0052-ZWE,2022,52,TC-2022-000161/SS-2021-000196,Natural,Meteorological,Storm,Tropical cyclone,,Tropical storm 'Ana',Zimbabwe,ZWE,Eastern Africa,Africa,"Kariba, Hurungwe districts (Mashonaland West) ; Muzarabani district (tMashonaland Central); Mudzi, Chikomba districts (Mashonaland East); Masvingo rural, Chici districts (Masvingo); Mutasa, Chimanimani, Chipinge, Nyanga districts (Manicaland)",,,,,,,,,Kph,,,,,2022,1.0,25.0,2022,1.0,25.0,,,3000.0,,3000.0,,,,,,,100,1;2,3438,33054;33055;33058;33059;33070;33076;33078;33083;33085;40749,"Mashonaland Central (Adm1). Chikomba, Chimanimani, Chipinge, Chivi, Hurungwe, Kariba, Masvingo, Mudzi, Mutasa, Nyanga (Adm2). "
2022-0696-BEN,2022,696,FL-2022-000332,Natural,Hydrological,Flood,,,,Benin,BEN,Western Africa,Africa,"Athieme (Mono department); Bonou (Oueme department); Karimama (Alibori department); Ouesse, Savalou, Zogbodome, Zagnanado, Tchaourou, Dangbo, Ze, Cotonou, Abomey-Calavi, So-Ava, Seme-Podji, Aguegues, Adjohoun, Dangbo, Ouinhi, Glazoue, Grand-Popo, Lokossa, Bopa, Malanville, Banikoara, Dassa-Zoume departments",Heavy rains,,,,,,,,Km2,,,,"Niger, Mono, and Oueme rivers",2022,9.0,1.0,2022,10.0,31.0,44.0,,73000.0,,73000.0,,,,,,,100,2,,5861;5864;5865;5876;5880;5883;5891;5893;5894;5895;5896;5908;5909;5910;5912;5914;5916;5917;5920;5921;5923;5934;5936;5937,"Abomey-calavi, Adjohoun, Aguegue, Athieme, Banikoara, Bonou, Bopa, Cotonou, Dangbo, Dassa, Glazoue, Grand-popo, Karimama, Lokossa, Malanville, Ouesse, Ouinhi, Savalou, Seme-kpodji, So-ava, Tchaourou, Zangnanado, Ze, Zogbodome (Adm2). "
2022-9781-BFA,2022,9781,,Natural,Climatological,Drought,Drought,,,Burkina Faso,BFA,Western Africa,Africa,,,,,,,,,,Km2,,,,,2022,,,2022,11.0,,,,3500928.0,,3500928.0,,,,,,,100,,,,
2022-9783-CAF,2022,9783,,Natural,Climatological,Drought,Drought,,,Central African Republic,CAF,Middle Africa,Africa,,,,,,,,,,Km2,,,,,2022,,,2022,11.0,,,,2221692.0,,2221692.0,,,,,,,100,,,,
2022-0175-CAF,2022,175,FR-2022-000179,Natural,Climatological,Wildfire,,,,Central African Republic,CAF,Middle Africa,Africa,Bakala (Ouaka),Drought and very high temperatures ,,,,,,,,Km2,,,,,2022,2.0,24.0,2022,2.0,25.0,,,30000.0,,30000.0,,,,,,,100,2,,12882,Bakala (Adm2). 
2022-0338-CMR,2022,338,,Natural,Hydrological,Flood,Flash flood,,,Cameroon,CMR,Middle Africa,Africa," Bamenda City (Northwest Region, north-west Cameroon)",Heavy rains,,,,,,,,Km2,,,,,2022,6.0,26.0,2022,10.0,31.0,2.0,95.0,153000.0,,153095.0,,,,,15000.0,15000.0,100,,,,
2022-0774-CMR,2022,774,,Natural,Hydrological,Landslide,Landslide,,,Cameroon,CMR,Middle Africa,Africa,Damas District (Yaounde),,,,,,,,,,,,,,2022,11.0,27.0,2022,11.0,27.0,14.0,,,,,,,,,,,100,,,,
2022-0801-CMR,2022,801,EP-2022-000369,Natural,Biological,Epidemic,Bacterial disease,,Cholera,Cameroon,CMR,Middle Africa,Africa,"Far North, South-West, and North-West, and Littoral regions",,,,,,,,,Vaccinated,,,,,2022,8.0,,2022,12.0,,295.0,13730.0,,,13730.0,,,,,,,100,,,,
2022-9782-CMR,2022,9782,,Natural,Climatological,Drought,Drought,,,Cameroon,CMR,Middle Africa,Africa,,,,,,,,,,Km2,,,,,2022,,,2022,11.0,,,,2389127.0,,2389127.0,,,,,,,100,,,,
2022-0748-COG,2022,748,FL-2023-000001,Natural,Hydrological,Flood,,,,Congo (the),COG,Middle Africa,Africa,"Betou, Epena, Enyele, Bouanela, Liranga, Impfondo and Dongou distrcits (Likouala); Pokola, Pikounda and Kabo disricts (Sangha); Mossaka, Loukola districts (Cuvette and Plateaux",Heavy rains,,,,,,,,Km2,,,,,2022,9.0,,2022,11.0,,,,164679.0,,164679.0,,,,,,,100,1;2,977,14435;190437;190438;190439;190440;190441;190442;190443;190444;190509,"Plateaux (Adm1). Betou, Bouanila, Dongou, Enyelle, Epena, Impfondo, Liranga, Loukolela, Mossaka, Pikounda (Adm2). "
2022-0520-DZA,2022,520,FR-2022-000297,Natural,Climatological,Wildfire,Forest fire,,,Algeria,DZA,Northern Africa,Africa,"Bejaia, Jijel, Souk Ahras, El Taref, Setif, Skikda, tipaza, tizi-ouzou, Guelma, Batna, Mila, Annaba, Constantine and Bordj Bou Arreridj",,,,,,,,,Km2,,,,,2022,8.0,14.0,2022,8.0,21.0,44.0,250.0,6518.0,,6768.0,,,,,,,100,1,345;346;347;351;355;359;361;363;368;377;379;380;385;387,,"Annaba, Batna, Bechar, Bordj Bou Arrer, Constantine, El-Tarf, Guelma, Jijel, Mila, Setif, Skikda, Souk-Ahras, Tipaza, Tizi Ouzou (Adm1). "
2022-0669-ETH,2022,669,EP-2022-000323,Natural,Biological,Epidemic,Bacterial disease,,Cholera,Ethiopia,ETH,Eastern Africa,Africa,"Harana Buluk and Berbere ( Bale Zone, Oromia Region)",,,,,,,,,Vaccinated,,,,,2022,9.0,16.0,2022,10.0,13.0,31.0,,11146.0,,11146.0,,,,,,,100,,,,
2022-9174-ETH,2022,9174,DR-2022-000168,Natural,Climatological,Drought,Drought,,,Ethiopia,ETH,Eastern Africa,Africa,"Somali region and Oromia (Boran and Moyale zones), SNNP, South-West",La NIna,,,,,,,,Km2,,,,,2022,,,2023,2.0,,,,24100000.0,,24100000.0,,,,,640000.0,640000.0,100,1,1236;47679,,"SNNPR, Somali (Adm1). "
2022-0716-ETH,2022,716,,Natural,Hydrological,Flood,,,,Ethiopia,ETH,Eastern Africa,Africa,"Gambella, Amhara, Afar, Oromia",,,,,,,,,Km2,,,,"kobo, Alworo, Baro (Openo) and Gilo",2022,8.0,,2022,10.0,,,,264831.0,,264831.0,,,,,,,100,1,1228;1229;1232;47678,,"Afar, Amhara, Gambela, Oromia (Adm1). "
2022-0637-GHA,2022,637,,Natural,Hydrological,Flood,,,,Ghana,GHA,Western Africa,Africa, Ga South Municipal District (Greater Accra Region),Heavy rains,,,,,,,,Km2,,,,,2022,10.0,4.0,2022,10.0,6.0,,,5000.0,,5000.0,,,,,,,100,2,,190658,Ga Central Municipal (Adm2). 
2022-0689-GIN,2022,689,FL-2022-000305,Natural,Hydrological,Flood,,,,Guinea,GIN,Western Africa,Africa,Kankan,Heavy rains,,,,,,,,Km2,,,,,2022,8.0,25.0,2022,8.0,26.0,,,49536.0,,49536.0,,,,,,,100,1,40703,,Kankan (Adm1). 
2019-0667-SDN,2019,667,,Natural,Biological,Epidemic,,,Visceral Leishmaniasis (Kala-Azar) ,Sudan (the),SDN,Northern Africa,Africa,,,,,,,,,,Vaccinated,,,,,2019,,,2019,12.0,,29.0,2098.0,,,2098.0,,,,,,,"87,3580067738847",,,,
2020-0607-SDN,2020,607,,Natural,Biological,Epidemic,Parasitic disease,,Visceral Leishmaniasis (Kala-Azar) ,Sudan (the),SDN,Northern Africa,Africa,,,,,,,,,,Vaccinated,,,,,2020,,,2020,12.0,,38.0,2137.0,,,2137.0,,,,,,,"88,4356408059336",,,,
2021-9848-TZA,2021,9848,DR-2022-000112,Natural,Climatological,Drought,Drought,,,"Tanzania, United Republic of",TZA,Eastern Africa,Africa,"Handeni, Longido, Mkinga, and Monduli",Prolonged periods of dry spells ,Food shortage,,,,,,,Km2,,,,,2021,11.0,,2022,4.0,,,,497000.0,,497000.0,,,,,,,"92,5901929309929",,,,
2021-0848-SDN,2021,848,,Natural,Biological,Epidemic,Parasitic disease,,Visceral Leishmaniasis (Kala-Azar) ,Sudan (the),SDN,Northern Africa,Africa,,,,,,,,,,Vaccinated,,,,,2021,,,2021,12.0,,69.0,2973.0,,,2973.0,,,,,,,"92,5901929309929",,,,
2022-0843-MWI,2022,843,,Natural,Hydrological,Flood,,,,Malawi,MWI,Eastern Africa,Africa,"Balaka, Chikwawa, Chiradzulu, Chitipa, Dedza, Dowa, Karonga, Kasungu, Lilongwe, Machinga, Mangochi, Mchinji, Mulanje, Mzimba, Mzuzu City, Neno, Nkhotakota, Nsanje, Ntcheu, Ntchisi, Phalombe, Salima, Thyolo and Zomba Districts",,Lightening,Storm,,,,,,Km2,,,,,2022,11.0,,2023,1.0,,62.0,185.0,94000.0,,94185.0,,,,,,,100,2,,19307;19308;19309;19310;19311;19312;19313;19314;19315;19316;19317;19318;19322;19323;19325;19328;19329;19330;42174;42175;42176;42177;65270,"Balaka, Chikwawa, Chiradzulu, Chitipa, Dedza, Dowa, Karonga, Kasungu, Lilongwe, Machinga, Mangochi, Mchinji, Mulanje, Mzimba, Neno, Nkhotakota, Nsanje, Ntcheu, Ntchisi, Phalombe, Salima, Thyolo, Zomba (Adm2). "
2022-0446-NER,2022,446,,Natural,Hydrological,Flood,,,,Niger (the),NER,Western Africa,Africa,"Zinder, Maradi, Diffa, Tahoua, Dosso,Tillabéri",Heavy rains,"Slide (land, mud, snow, rock)",,,,,,,Km2,,,,,2022,6.0,1.0,2022,9.0,30.0,195.0,185.0,322000.0,,322185.0,,,,,,,100,1,2203;2204;2205;2207;2208;2209,,"Diffa, Dosso, Maradi, Tahoua, Tillaberi, Zinder (Adm1). "
2022-0232-RWA,2022,232,,Natural,Hydrological,Flood,,,,Rwanda,RWA,Eastern Africa,Africa,"Nyamasheke, Kicukiro, Gasabo, Ngororero, Kayonza districts",Heavy rains,"Slide (land, mud, snow, rock)",,,,,,,Km2,,,,,2022,4.0,23.0,2022,4.0,24.0,11.0,13.0,,500.0,513.0,,,,,,,100,2,,21977;21984;21985;21990;21994,"Gasabo, Kayonza, Kicukiro, Ngororero, Nyamasheke (Adm2). "
2022-0560-SLE,2022,560,FF-2022-000309,Natural,Hydrological,Flood,,,,Sierra Leone,SLE,Western Africa,Africa,Freetown Capital City,Heavy rains,"Slide (land, mud, snow, rock)",,,,,,,Km2,,,,,2022,8.0,28.0,2022,9.0,,12.0,79.0,12903.0,,12982.0,,,,,,,100,,,,
2022-0205-ZAF,2022,205,FL-2022-000201,Natural,Hydrological,Flood,,,,South Africa,ZAF,Southern Africa,Africa,"Umlazi Town (Durban, KwaZulu-Natal Province)",Heavy rains,"Slide (land, mud, snow, rock)",,,,Yes,,,Km2,,,,,2022,4.0,8.0,2022,4.0,18.0,544.0,50.0,135345.0,6895.0,142290.0,,,1800000.0,1800000.0,3500000.0,3500000.0,100,1,77311,,KwaZulu-Natal (Adm1). 
2022-0232-COD,2022,232,,Natural,Hydrological,Flood,,,,Congo (the Democratic Republic of the),COD,Middle Africa,Africa,Bukavu (South Kivu province),Heavy rains,"Slide (land, mud, snow, rock)",,,,,,,Km2,,,,,2022,4.0,23.0,2022,4.0,23.0,9.0,,,,,,,,,,,100,2,,74354,Bukavu (Adm2). 
2022-0746-COD,2022,746,,Natural,Hydrological,Flood,,,,Congo (the Democratic Republic of the),COD,Middle Africa,Africa,"Bunyakiri Town (Kalehe Territory, northern South Kivu Province); Bukavu City (northern South Kivu Province)",Heavy rains,"Slide (land, mud, snow, rock)",,,,,,,Km2,,,,,2022,11.0,13.0,2022,11.0,16.0,7.0,,176000.0,,176000.0,,,,,,,100,,,,
2022-0770-COD,2022,770,,Natural,Hydrological,Flood,,,,Congo (the Democratic Republic of the),COD,Middle Africa,Africa,"Rubaya, Bihambwe, Masisi Territory (North Kivu Province, eastern DRC)",,"Slide (land, mud, snow, rock)",,,,,,,Km2,,,,,2022,11.0,17.0,2022,11.0,18.0,32.0,,,,,,,,,,,100,,,,
2022-0805-COD,2022,805,FL-2022-000376,Natural,Hydrological,Flood,,,,Congo (the Democratic Republic of the),COD,Middle Africa,Africa,"Mount Ngafula, Ngaliema, Ngaba, Selembao, Kitambo, Bandalungwa, Bumbu, Kisenso, Ngiri-Ngiri, Barumbu, Matete, Limete, Masina, Makala, Gombe and Kalamu (Kinshasa)",Heavy rains,"Slide (land, mud, snow, rock)",,,,,,,Km2,,,,,2022,12.0,12.0,2022,12.0,13.0,175.0,87.0,84624.0,,84711.0,,,,,,,100,1,1072,,Kinshasa (Adm1). 
2022-0332-SOM,2022,332,VW-2022-00214,Natural,Hydrological,Flood,,,,Somalia,SOM,Eastern Africa,Africa,Galkayo district ,,Storm,,,,,,,Km2,,,,,2022,5.0,12.0,2022,5.0,30.0,,,4416.0,,4416.0,,,,,,,100,,,,
2022-9254-NER,2022,9254,OT-2022-000263,Natural,Climatological,Drought,Drought,,,Niger (the),NER,Western Africa,Africa,"Agadez, Diffa, Tillaberi, Tahoua, Maradi",,Food shortage,,,,,,,Km2,,,,,2022,,,2022,5.0,,,,4400000.0,,4400000.0,,,,,,,100,1,2202;2203;2205;2207;2208,,"Agadez, Diffa, Maradi, Tahoua, Tillaberi (Adm1). "
2022-9335-TCD,2022,9335,,Natural,Climatological,Drought,Drought,,,Chad,TCD,Middle Africa,Africa,"Bahr El Gazal (Nord, Ouest, Sud), Batha (Est, Ouest), Fitri, Fada, Mourtcha, Kanem, Wadi-Bissam, Mamdi, Assoungha, Djourouf Al Ahmar, Ouara, Aboudeia, Haraze Mangueigne, Abdi, Kimiti, Tibesti (Est, Ouest)",,Food shortage,,,,Yes,,,Km2,,,,,2022,6.0,,2022,8.0,,,,2135362.0,,2135362.0,,,,,,,100,1;2,12904;12909;12915;12926,65469;65496;65571,"Assongha, Batha Est, Kanem, Tibesti (Adm1). Fitri, Hemat-haraze, Mangueigne (Adm2). "
2022-9436-UGA,2022,9436,,Natural,Climatological,Drought,Drought,,,Uganda,UGA,Eastern Africa,Africa,"Napak, Kaabong, Kotido, Moroto districts (Karamoja)",,Famine,,,,,,,Km2,,,,,2022,7.0,,2022,12.0,,2465.0,,518000.0,,518000.0,,,,,,,100,1,765;772;775;47074,,"Kaabong, Kotido, Moroto, Napak (Adm1). "
2022-0858-KEN,2022,858,EP-2022-000367,Natural,Biological,Epidemic,Bacterial disease,,Cholera,Kenya,KEN,Eastern Africa,Africa,"Tana River, Garissa, Wajir, Meru, Machakos, Murang'a, Kiambu, Kajiado, Nairobi",,,,,,,,,Vaccinated,,,,,2022,10.0,19.0,2022,12.0,22.0,55.0,3054.0,,,3054.0,,,,,,,100,1;2,51328,51333;51336;51346;51350;51354;51355;51356;51361;51364;51380,"Nairobi (Adm1). Garissa, Kajiado, Kiambu, Machakos, Meru Central, Meru North, Meru South, Muranga, Tana River, Wajir (Adm2). "
2022-0282-LBR,2022,282,EP-2022-000208,Natural,Biological,Epidemic,Viral disease,,Measles,Liberia,LBR,Western Africa,Africa,"Montserrado, Bong, Margibi, Nimba, Lofa, Grand Cape Mount, Bomi and Grand Bassa",,,,,,,,,Vaccinated,,,,,2022,4.0,21.0,2022,7.0,20.0,74.0,5528.0,,,5528.0,,,,,,,100,1,1814;1815;1817;1818;1821;1822;1824;1825,,"Bomi, Bong, Grand Bassa, Grand Cape Mount, Lofa, Margibi, Montserrado, Nimba (Adm1). "
2022-0239-MDG,2022,239,,Natural,Meteorological,Storm,Tropical cyclone,,Tropical storm 'Jasmine',Madagascar,MDG,Eastern Africa,Africa,"Toliara I, Toliara II, Morombe, Sakaraha, Betioky Atsimo, Ankazoabo, Benenitra and Ampanihy",,,,,,,,53.0,Kph,,,,,2022,4.0,26.0,2022,4.0,27.0,12.0,,4800.0,,4800.0,,,,,,,100,2,,154538;154539;154540;154542;154544;154545;154546,"Ampanihy Ouest, Ankazoabo, Benenitra, Betioky Atsimo, Sakaraha, Toliary-I, Toliary-II (Adm2). "
2022-9786-MLI,2022,9786,,Natural,Climatological,Drought,Drought,,,Mali,MLI,Western Africa,Africa,,,,,,,,,,Km2,,,,,2022,,,2022,11.0,,,,1735753.0,,1735753.0,,,,,,,100,,,,
2022-0654-MLI,2022,654,,Natural,Hydrological,Flood,,,,Mali,MLI,Western Africa,Africa,Mopti region,Heavy rain,,,,,,,,Km2,,,,Bani river,2022,7.0,1.0,2022,10.0,31.0,10.0,12.0,79000.0,,79012.0,,,,,,,100,1,1931,,Mopti (Adm1). 
2022-0861-MOZ,2022,861,,Natural,Hydrological,Flood,,,,Mozambique,MOZ,Eastern Africa,Africa,,Rainy/cyclonic season,,,,,,,,Km2,,,,,2022,10.0,,2023,2.0,,88.0,98.0,78173.0,,78271.0,,,,,,,100,,,,
2022-0546-MRT,2022,546,FL-2022-000286,Natural,Hydrological,Flood,,,,Mauritania,MRT,Western Africa,Africa,"Néma, Aioun, Tintane, Kiffa, Boumdeid, Guerou, Barkéol, Moudjeria, M'bout, Monguel, Aoujeft, F'deirick, Rosso",Heavy rains,,,,,,,,Km2,,,,,2022,7.0,25.0,2022,8.0,3.0,14.0,,28926.0,,28926.0,,,,,,,100,2,,19490;19494;19496;19498;19506;19508;19514;19517;19523;19527;19534,"Aioun, Aoujeft, Barkeol, F'Derik, Guerrou, Kiffa, M'Bout, Monguel, Moudjeria, Nema, Rosso (Adm2). "
2022-0553-MWI,2022,553,EP-2022-000298,Natural,Biological,Epidemic,Bacterial disease,,Cholera,Malawi,MWI,Eastern Africa,Africa,"Machinga, Nsanje Chikwawa, Blantyre, Mulanje, Neno, Balaka, Lilongwe, Nkhatabay, Nkhotakota, Phalombe, Mangochi, Rumphi, Mzuzu, Balaka",,,,,,,,2000000.0,Vaccinated,,,,,2022,3.0,3.0,2023,2.0,,990.0,29995.0,,,29995.0,,,,,,,100,,,,
2022-0184-MWI,2022,184,SS-2021000196,Natural,Biological,Epidemic,Viral disease,,Polio,Malawi,MWI,Eastern Africa,Africa,,,,,,,Yes,,,Vaccinated,,,,,2022,2.0,17.0,2022,3.0,31.0,,,,,,,,,,,,100,,,,
2022-9785-MWI,2022,9785,,Natural,Climatological,Drought,Drought,,,Malawi,MWI,Eastern Africa,Africa,,,,,,,,,,Km2,,,,,2022,,,2022,11.0,,,,2678193.0,,2678193.0,,,,,,,100,,,,
2022-0257-NGA,2022,257,,Natural,Meteorological,Storm,Convective storm,Severe storm,,Nigeria,NGA,Western Africa,Africa,"Mutum Biyu Town area (Gassol Local Government, Taraba State)",,,,,,,,,Kph,,,,,2022,4.0,30.0,2022,4.0,30.0,7.0,,,1500.0,1500.0,,,,,,,100,2,,191160,Gassol (Adm2). 
2022-0641-NGA,2022,641,,Natural,Biological,Epidemic,Bacterial disease,,Cholera,Nigeria,NGA,Western Africa,Africa,"Dikwa, Bama, Jere and Konduga (Borno state)",,,,,,,,,Vaccinated,,,,,2022,,,2022,10.0,5.0,178.0,5000.0,,,5000.0,,,,,,,100,,,,
2022-9787-NGA,2022,9787,,Natural,Climatological,Drought,Drought,,,Nigeria,NGA,Western Africa,Africa,,,,,,,,,,Km2,,,,,2022,,,2022,11.0,,,,19110398.0,,19110398.0,,,,,,,100,,,,
2022-0674-NGA,2022,674,FL-2022-000271,Natural,Hydrological,Flood,,,,Nigeria,NGA,Western Africa,Africa,"Anambra, Delta, Cross River, Rivers, Benue, Borno, Enugu, Imo, Kebbi, Kogi, Lagos, Nasarawa, Niger, Rivers,Taraba, and Yobe states",Heavy rains,,,,,,,,Km2,,,,,2022,7.0,1.0,2022,10.0,31.0,603.0,2500.0,2800000.0,,2802500.0,,,,,4200000.0,4200000.0,100,1,2211;2212;2213;2215;2216;2217;2218;2222;2227;2228;2230;2231;2239;2240;65700;65703;65705;65708,,"Adamawa, Akwa Ibom, Anambra, Bayelsa, Benue, Borno, Cross River, Delta, Enugu, Imo, Kebbi, Kogi, Lagos, Nassarawa, Niger, Rivers, Taraba, Yobe (Adm1). "
2022-0770-RWA,2022,770,,Natural,Hydrological,Flood,,,,Rwanda,RWA,Eastern Africa,Africa,Kigali,,,,,,,,,Km2,,,,,2022,11.0,17.0,2022,11.0,18.0,3.0,,,,,,,,,,,100,1,21970,,Kigali City/Umujyi wa Kigali (Adm1). 
2022-0445-SDN,2022,445,,Natural,Hydrological,Flood,Flash flood,,,Sudan (the),SDN,Northern Africa,Africa,"Kas District (South Darfur State); Kassala, South Kordofan, White Nile; West Darfur",Heavy rains,,,,,,,,Km2,,,,,2022,5.0,10.0,2022,9.0,30.0,146.0,122.0,349000.0,,349122.0,,,,,10000.0,10000.0,100,1;2,2769;2770;4150;68783,37105,"Kassala, Southern Kordofan, Western Darfur, White Nile (Adm1). Kas (Adm2). "
2022-9788-SDN,2022,9788,,Natural,Climatological,Drought,Drought,,,Sudan (the),SDN,Northern Africa,Africa,,,,,,,,,,Km2,,,,,2022,,,2022,11.0,,,,11839300.0,,11839300.0,,,,,,,100,,,,
2022-0498-SEN,2022,498,FL-2022-000290,Natural,Hydrological,Flood,Flash flood,,,Senegal,SEN,Western Africa,Africa,"Dakar City area and the CapVert Peninsula (Dakar Region); Thies, Matam",Heavy rains,,,,,,,,Km2,,,,,2022,8.0,5.0,2022,8.0,7.0,,172.0,19838.0,,20010.0,,,,,,,100,1,2636;2644;47588,,"Dakar, Matam, Thies (Adm1). "
2022-0688-STP,2022,688,,Natural,Biological,Epidemic,Viral disease,,Dengue,Sao Tome and Principe,STP,Middle Africa,Africa,"Lemba, Lobata, Agua Grande, Mezochi, Cantagalo, CaueRAP",,,,,,,,,Vaccinated,,,,,2022,3.0,,2022,10.0,20.0,,980.0,,,980.0,,,,,,,100,,,,
2022-0784-SWZ,2022,784,,Natural,Meteorological,Storm,Convective storm,Hail,,Eswatini,SWZ,Southern Africa,Africa,Nsingizini and Nsubane communities (Hosea and Somntongo; Shiselweni region),,,,,,,,,Kph,,,,,2022,11.0,5.0,2022,11.0,5.0,,,1058.0,,1058.0,,,,,,,100,2,,25983,Hosea (Adm2). 
2022-0509-TCD,2022,509,FL-2022-000287,Natural,Hydrological,Flood,,,,Chad,TCD,Middle Africa,Africa,"Batha, Chari-Baguirmi, Mayo-Kebbi Ouest, Tandjilé, Salamat, Logone Oriental, Moyen-Chari, Sila, Ennedi-Est, Ouaddaï, Mandoul, S, Mayo Kebbi Est and all districts of the city of Ndjamena",Heavy rains,,,,,Yes,,,Km2,,,,Chari and Logone rivers,2022,6.0,6.0,2022,10.0,31.0,22.0,229.0,1100000.0,,1100229.0,,,,,,,100,1,881;12904;12905;12908;12918;12925;12927;12928;12930;12931,,"Batha Est, Batha Ouest, Ennedi, Logone Oriental, Mandoul, Ouaddai, Salamat, Sila, Tandjile Est, Tandjile Ouest (Adm1). "
2022-0742-TGO,2022,742,FL-2022-000351,Natural,Hydrological,Flood,,,,Togo,TGO,Western Africa,Africa,"Maritime region (southern Togo); Oti, Oti-Sud, and Kpendjal (Savannah Region (northern Togo)",,,,,,,,,Km2,,,,,2022,10.0,,2022,11.0,15.0,,,18596.0,,18596.0,,,,,,,100,1;2,2972,65281;65284,"Maritime (Adm1). Kpendjal, Oti (Adm2). "
2022-0194-TUN,2022,194,FL-2022-000190,Natural,Hydrological,Flood,Flash flood,,,Tunisia,TUN,Northern Africa,Africa,"Siliana, Kairouan, Gafsa, Sidi Bouzid,Jendouba, Beja, el Kef, Kaserine and Zaghouan",,,,,,,,,Km2,,,,,2022,3.0,19.0,2022,3.0,19.0,1.0,,4000.0,,4000.0,,,,,,,100,1;2,2996;2998;2999;3000;3001;3003;3010;3011;3016,39237;39239,"Beja, Gafsa, Jendouba, Kairouan, Kasserine, Le Kef, Sidi Bouz, Siliana, Zaghouan (Adm1). El Mnihla, Kalaat El Andalous (Adm2). "
2022-0319-TZA,2022,319,EP-2022-000211,Natural,Biological,Epidemic,Bacterial disease,,Cholera,"Tanzania, United Republic of",TZA,Eastern Africa,Africa,Kigoma and Katavi,,,,,,,,,Vaccinated,,,,,2022,4.0,23.0,2022,5.0,,4.0,200.0,56883.0,,57083.0,,,,,,,100,,,,
2022-0258-TZA,2022,258,,Natural,Hydrological,Flood,,,,"Tanzania, United Republic of",TZA,Eastern Africa,Africa,Mbeya and Songwe Regions,Heavy rains,,,,,,,,Km2,,,,,2022,4.0,26.0,2022,5.0,5.0,10.0,,,1500.0,1500.0,,,,,,,100,1,48367,,Mbeya (Adm1). 
2022-0582-UGA,2022,582,,Natural,Hydrological,Landslide,Landslide,,,Uganda,UGA,Eastern Africa,Africa,Kalingatha Village to Kasika Village (Kasese District),Heavy rains,,,,,,,,,,,,,2022,9.0,6.0,2022,9.0,7.0,19.0,6.0,1190.0,,1196.0,,,,,,,100,1,3121,,Kasese (Adm1). 
2022-0652-UGA,2022,652,EP-2022-000315,Natural,Biological,Epidemic,Viral disease,,Ebola,Uganda,UGA,Eastern Africa,Africa,"Mubende, Kyegegwa, Kassanda, Kagadi, Bunyangabu, Wakiso, Kampala, Jinja",,,,,,Yes,,,Vaccinated,,,,,2022,9.0,20.0,2023,1.0,11.0,55.0,142.0,,,142.0,,,,,,,100,1;2,1361;3114;42182;42200,28422;28506,"Jinja, Kampala, Kyegegwa, Wakiso (Adm1). Bunyangabu, Kassanda (Adm2). "
2022-0481-UGA,2022,481,FL-2022-000275,Natural,Hydrological,Flood,,,,Uganda,UGA,Eastern Africa,Africa,"Mbale, Kapchorwa, Sironko, Bulambuli, Bukedea, Bududa and Butaleja districts",Heavy rains,,,,,,,,Km2,,,,Nabuyonga and Namatala Rivers,2022,7.0,30.0,2022,8.0,5.0,32.0,10.0,78328.0,,78338.0,,,,,,,100,1,752;785;788;1080;47071;47085,,"Bududa, Bukedea, Bulambuli, Butaleja, Mbale, Sironko (Adm1). "
2022-0857-UGA,2022,857,,Natural,Hydrological,Flood,,,,Uganda,UGA,Eastern Africa,Africa,,,,,,,,,,Km2,,,,,2022,12.0,20.0,2022,12.0,26.0,16.0,,,130.0,130.0,,,,,,,100,,,,
2022-0788-ZAF,2022,788,,Natural,Hydrological,Flood,Flash flood,,,South Africa,ZAF,Southern Africa,Africa,"Soweto, Erkhuleni, Johannesburg, Vereeniging, Brakpan (Gauteng Province); Rustenburg, Bojanala (North West Province)",Heavy rains,,,,,,,,Km2,,,,Jukskei river,2022,12.0,3.0,2022,12.0,12.0,17.0,,40000.0,,40000.0,,,,,,,100,1,2708;77314,,"Gauteng, North West (Adm1). "
2022-0313-ZAF,2022,313,,Natural,Hydrological,Flood,,,,South Africa,ZAF,Southern Africa,Africa,Durban (KwaZulu-Natal province),Heavy rains,,,,,,,,Km2,,,,,2022,5.0,22.0,2022,5.0,22.0,,,200.0,,200.0,,,,,,,100,1,77311,,KwaZulu-Natal (Adm1). 
2022-0356-ZAF,2022,356,,Natural,Hydrological,Flood,,,,South Africa,ZAF,Southern Africa,Africa,"Kleinvlei, Ravensmead, Goodwood, Strand, Bonteheuwel, Belhar, Maitland and Bellville South.(Cape Town)",Heavy rains,,,,,,,,Km2,,,,,2022,6.0,13.0,2022,6.0,15.0,,4.0,200.0,,204.0,,,,,,,100,,,,
2022-0255-COD,2022,255,EP-2022-000202,Natural,Biological,Epidemic,Viral disease,,Bubonic Plague,Congo (the Democratic Republic of the),COD,Middle Africa,Africa,"Rethy, Angumu (Ituri)",,,,,,,,,Vaccinated,,,,,2022,4.0,4.0,2023,1.0,,8.0,607.0,,,607.0,,,,,,,100,2,,14992,Ituri (Adm2). 
2022-0263-COD,2022,263,EP-2022-000205,Natural,Biological,Epidemic,Viral disease,,Ebola Virus Disease,Congo (the Democratic Republic of the),COD,Middle Africa,Africa,"Wangata, Mbandaka, Bolenge (Equateur Province)",,,,,,,,2104.0,Vaccinated,,,,,2022,4.0,23.0,2022,7.0,4.0,5.0,141.0,,,141.0,,,,,,,100,,,,
2022-9784-COD,2022,9784,,Natural,Climatological,Drought,Drought,,,Congo (the Democratic Republic of the),COD,Middle Africa,Africa,,,,,,,,,,Km2,,,,,2022,,,2022,11.0,,,,25972806.0,,25972806.0,,,,,,,100,,,,
2022-0569-ZWE,2022,569,EP-2022-000304,Natural,Biological,Epidemic,Viral disease,,Measles,Zimbabwe,ZWE,Eastern Africa,Africa,"Masvingo, Manicaland, Mash-East, Mash-Central, Mash-West, Midlands, Mat North, Mat. South, Harare, Bulawayo",,,,,,,,,Vaccinated,,,,,2022,4.0,,2022,11.0,,750.0,6551.0,,,6551.0,,,,,,,100,,,,
2022-0650-SSD,2022,650,,Natural,Hydrological,Flood,,,,South Sudan,SSD,Northern Africa,Africa,"Western Equatoria, Northern Bahr el Ghazal, Warrap, Unity, Jonglei and Upper Nile",Heavy rains,,,,,,,,Km2,,,,Mori River,2022,8.0,,2022,10.0,29.0,,,1000000.0,,1000000.0,,,,,,,100,1,2747;2751;2754;2765;2768;37021,,"Jonglei, Northern Bahr El Ghazal, Unity, Upper Nile, Warab, Western Equatoria (Adm1). "
2023-0020-MDG,2023,20,,Natural,Meteorological,Storm,Tropical cyclone,,Tropical cyclone 'Cheneso',Madagascar,MDG,Eastern Africa,Africa,Antalaha (Sava Region); Diana regon,,Flood,"Slide (land, mud, snow, rock)",,,,,106.0,Kph,,,,,2023,1.0,19.0,2023,1.0,23.0,53.0,,90870.0,,90870.0,,,,,,,,1;2,41762,154596,Diana (Adm1). Antalaha (Adm2). 
2023-0095-REU,2023,95,,Natural,Meteorological,Storm,Tropical cyclone,,Tropical cyclone 'Freddy',Réunion,REU,Eastern Africa,Africa,,,"Slide (land, mud, snow, rock)",,,,,,,Kph,,,,,2023,2.0,21.0,2023,2.0,21.0,,,,,,,,,,,,,,,,
2023-0056-ZMB,2023,56,,Natural,Hydrological,Flood,,,,Zambia,ZMB,Eastern Africa,Africa,"Kalomo, Namwala, and Choma Districts in the Southern Province",Heavy rain,Lightening,,,,,,,Km2,,,,"Luangwa, Mkushi Rivers",2023,1.0,11.0,2023,1.0,30.0,,,22000.0,,22000.0,,,,,,,,2,,65228;65231;65236,"Choma, Kalomo, Namwala (Adm2). "
2023-0095-MDG,2023,95,,Natural,Meteorological,Storm,Tropical cyclone,,Tropical cyclone 'Freddy',Madagascar,MDG,Eastern Africa,Africa,"Vatovavy, Fitovinany, Atsimo Atsinanana, AmoronI Mania, Analamanga, Itasy, Alaotra-Mangoro, Menabe",,,,,,,,165.0,Kph,,,,,2023,2.0,21.0,2023,2.0,21.0,7.0,,116700.0,,116700.0,,,,,,,,1,41750;41751;41752;41757;41765;41767;41771,,"Alaotra Mangoro, Amoron I Mania, Analamanga, Atsimo Atsinanana, Itasy, Menabe, Vatovavy Fitovinany (Adm1). "
2023-0095-MOZ,2023,95,,Natural,Meteorological,Storm,Tropical cyclone,,Tropical cyclone 'Freddy',Mozambique,MOZ,Eastern Africa,Africa,"Maputo, Inhambane, Gaza, Manica, Tete, Zambezia, Sofala Provinces",,,,,,,,95.0,Kph,,,,,2023,2.0,24.0,2023,2.0,26.0,10.0,,1000000.0,,1000000.0,,,,,,,,1,2113;2114;2115;2120;2121;2122;41373,,"Gaza, Inhambane, Manica, Maputo, Sofala, Tete, Zambezia (Adm1). "
2023-0078-MOZ,2023,78,FL-2023-000018,Natural,Hydrological,Flood,,,,Mozambique,MOZ,Eastern Africa,Africa,"Boane, Magude, and Moamba Districts (Maputo Province)",Heavy rains,,,,,,,,Km2,,,,"Maputo, Goba, Magude, Megaruma, Mutarara, and Congerenge",2023,2.0,7.0,2023,2.0,12.0,14.0,3.0,89090.0,,89093.0,,,,,,,,2,,21882;21883;21887,"Boane, Magude, Moamba (Adm2). "
2023-0095-MUS,2023,95,,Natural,Meteorological,Storm,Tropical cyclone,,Tropical cyclone 'Freddy',Mauritius,MUS,Eastern Africa,Africa,,,,,,,,,,Kph,,,,,2023,2.0,21.0,2023,2.0,22.0,1.0,,2500.0,,2500.0,,,,,,,,,,,
2023-0098-NAM,2023,98,FL-2023-000021,Natural,Hydrological,Flood,,,,Namibia,NAM,Southern Africa,Africa,"Ohangwena, Oshana",,,,,,,,,Km2,,,,,2023,1.0,13.0,2023,1.0,17.0,,,2190.0,,2190.0,,,,,,,,1,2144;2147,,"Ohangwena, Oshana (Adm1). "
2023-0080-ZAF,2023,80,,Natural,Hydrological,Flood,,,,South Africa,ZAF,Southern Africa,Africa,"Mpumalanga, the Eastern Cape, Gauteng, KwaZulu-Natal, Limpopo, the Northern Cape, and North West",Heavy rains,,,,,Yes,,,Km2,,,,,2023,2.0,8.0,2023,2.0,21.0,17.0,,1000.0,,1000.0,,,,,,,,1,2708;77310;77311;77312;77313;77314;77315,,"Eastern Cape, Gauteng, KwaZulu-Natal, Limpopo, Mpumalanga, North West, Northern Cape (Adm1). "
2023-0110-ZMB,2023,110,,Natural,Hydrological,Flood,Flash flood,,,Zambia,ZMB,Eastern Africa,Africa,"Namwala, Monze and Mazabuka districts",Heavy rains,,,,,,,,Km2,,,,,2023,2.0,7.0,2023,2.0,9.0,,,154608.0,,154608.0,,,,,,,,2,,65234;65235;65236,"Mazabuka, Monze, Namwala (Adm2). "
2023-0068-ZMB,2023,68,EP-2023-000013,Natural,Biological,Epidemic,Bacterial disease,,Cholera,Zambia,ZMB,Eastern Africa,Africa,"Chikoma, Mbande, Mzigawa, Chipanji, Mlawe, Eastern, Luapula, Lusaka, Southern",,,,,,,,,Vaccinated,,,,,2023,1.0,21.0,2023,1.0,30.0,2.0,118.0,,,118.0,,,,,,,,1,3428;3429;3430;3433,,"Eastern, Luapula, Lusaka, Southern (Adm1). "
2023-0095-ZWE,2023,95,,Natural,Meteorological,Storm,Tropical cyclone,,Tropical cyclone 'Freddy',Zimbabwe,ZWE,Eastern Africa,Africa,,,,,,,,,,Kph,,,,,2023,2.0,24.0,2023,3.0,26.0,,,,,,,,,,,,,,,,
